index,func_ptr,func_rva,dispatch_key,key_hex,ffnx_hook_name
0,0x7ff628dbb9e0,0x4b9e0,4198424,0x401018,
1,0x7ff628dbba60,0x4ba60,4198952,0x401228,
2,0x7ff628dbc9f0,0x4c9f0,4199130,0x4012da,
3,0x7ff628dbd020,0x4d020,4199282,0x401372,
4,0x7ff628dbd2e0,0x4d2e0,4199458,0x401422,
5,0x7ff628dbd600,0x4d600,4199680,0x401500,
6,0x7ff628dbdc60,0x4dc60,4200014,0x40164e,
7,0x7ff628dbe560,0x4e560,4200464,0x401810,
8,0x7ff628dbead0,0x4ead0,4202811,0x40213b,
9,0x7ff628dc1650,0x51650,4202985,0x4021e9,
10,0x7ff628dc1910,0x51910,4203512,0x4023f8,
11,0x7ff628dc2420,0x52420,4204244,0x4026d4,
12,0x7ff628dc31c0,0x531c0,4205970,0x402d92,
13,0x7ff628dc5340,0x55340,4206301,0x402edd,
14,0x7ff628dc6040,0x56040,4206306,0x402ee2,
15,0x7ff628dc6040,0x56040,4206320,0x402ef0,
16,0x7ff628dc6060,0x56060,4206707,0x403073,
17,0x7ff628dc6b50,0x56b50,4207551,0x4033bf,
18,0x7ff628dc7f80,0x57f80,4208395,0x40370b,
19,0x7ff628dc93b0,0x593b0,4211018,0x40414a,
20,0x7ff628dcda70,0x5da70,4212360,0x404688,
21,0x7ff628dcf570,0x5f570,4212588,0x40476c,
22,0x7ff628dcf7e0,0x5f7e0,4212726,0x4047f6,
23,0x7ff628dcfa40,0x5fa40,4213363,0x404a73,
24,0x7ff628dc6040,0x56040,4213368,0x404a78,
25,0x7ff628dc6040,0x56040,4213373,0x404a7d,
26,0x7ff628dd0750,0x60750,4213578,0x404b4a,
27,0x7ff628dd0db0,0x60db0,4214144,0x404d80,
28,0x7ff628dd1a50,0x61a50,4214272,0x404e00,
29,0x7ff628dd1db0,0x61db0,4214659,0x404f83,
30,0x7ff628dd28a0,0x628a0,4215496,0x4052c8,
31,0x7ff628dd3cc0,0x63cc0,4216333,0x40560d,
32,0x7ff628dd50e0,0x650e0,4219089,0x4060d1,
33,0x7ff628dda360,0x6a360,4219751,0x406367,
34,0x7ff628ddb150,0x6b150,4219958,0x406436,
35,0x7ff628ddb350,0x6b350,4220119,0x4064d7,
36,0x7ff628ddb400,0x6b400,4220784,0x406770,
37,0x7ff628ddc170,0x6c170,4220823,0x406797,
38,0x7ff628dc6040,0x56040,4220832,0x4067a0,
39,0x7ff628ddc290,0x6c290,4220973,0x40682d,
40,0x7ff628ddc610,0x6c610,4221437,0x4069fd,
41,0x7ff628ddd300,0x6d300,4222224,0x406d10,
42,0x7ff628ddde70,0x6de70,4223991,0x4073f7,
43,0x7ff628de1690,0x71690,4224218,0x4074da,
44,0x7ff628de1af0,0x71af0,4224432,0x4075b0,
45,0x7ff628de20d0,0x720d0,4224746,0x4076ea,
46,0x7ff628de2970,0x72970,4224756,0x4076f4,
47,0x7ff628de29f0,0x729f0,4224766,0x4076fe,
48,0x7ff628de2a70,0x72a70,4224879,0x40776f,
49,0x7ff628de2fe0,0x72fe0,4224992,0x4077e0,
50,0x7ff628de3550,0x73550,4225105,0x407851,
51,0x7ff628de3ac0,0x73ac0,4225218,0x4078c2,
52,0x7ff628de4030,0x74030,4225331,0x407933,
53,0x7ff628de45a0,0x745a0,4225444,0x4079a4,
54,0x7ff628de4b10,0x74b10,4225454,0x4079ae,
55,0x7ff628de4b90,0x74b90,4225464,0x4079b8,
56,0x7ff628de4c10,0x74c10,4227088,0x408010,
57,0x7ff628de8750,0x78750,4227111,0x408027,
58,0x7ff628de87d0,0x787d0,4227183,0x40806f,
59,0x7ff628dc6040,0x56040,4227188,0x408074,worldmap_loop_STUB
60,0x7ff628de89f0,0x789f0,4227350,0x408116,
61,0x7ff628de8c40,0x78c40,4227553,0x4081e1,
62,0x7ff628de8eb0,0x78eb0,4227651,0x408243,
63,0x7ff628de8fa0,0x78fa0,4227775,0x4082bf,
64,0x7ff628de92b0,0x792b0,4228870,0x408706,
65,0x7ff628deaff0,0x7aff0,4228935,0x408747,
66,0x7ff628deb110,0x7b110,4229003,0x40878b,
67,0x7ff628deb3b0,0x7b3b0,4229058,0x4087c2,
68,0x7ff628deb550,0x7b550,4229162,0x40882a,
69,0x7ff628deb7c0,0x7b7c0,4229258,0x40888a,
70,0x7ff628deba20,0x7ba20,4229321,0x4088c9,
71,0x7ff628debb90,0x7bb90,4229573,0x4089c5,
72,0x7ff628dec0b0,0x7c0b0,4230876,0x408edc,
73,0x7ff628dee060,0x7e060,4231078,0x408fa6,
74,0x7ff628dee3c0,0x7e3c0,4231367,0x4090c7,
75,0x7ff628dee820,0x7e820,4231398,0x4090e6,
76,0x7ff628dee8e0,0x7e8e0,4234482,0x409cf2,
77,0x7ff628df1be0,0x81be0,4234598,0x409d66,
78,0x7ff628df1e10,0x81e10,4234619,0x409d7b,
79,0x7ff628df1ef0,0x81ef0,4234737,0x409df1,
80,0x7ff628df2100,0x82100,4234809,0x409e39,
81,0x7ff628df22c0,0x822c0,4235409,0x40a091,
82,0x7ff628df29f0,0x829f0,4236384,0x40a460,
83,0x7ff628df3f80,0x83f80,4236422,0x40a486,
84,0x7ff628df40a0,0x840a0,4236444,0x40a49c,
85,0x7ff628df4180,0x84180,4236524,0x40a4ec,
86,0x7ff628df4550,0x84550,4236613,0x40a545,
87,0x7ff628df47b0,0x847b0,4236702,0x40a59e,
88,0x7ff628df4b90,0x84b90,4236782,0x40a5ee,
89,0x7ff628df4f60,0x84f60,4236871,0x40a647,
90,0x7ff628df51c0,0x851c0,4236953,0x40a699,
91,0x7ff628df54e0,0x854e0,4237042,0x40a6f2,
92,0x7ff628df5880,0x85880,4237169,0x40a771,
93,0x7ff628df5d30,0x85d30,4237258,0x40a7ca,
94,0x7ff628df5f90,0x85f90,4237347,0x40a823,
95,0x7ff628df61f0,0x861f0,4237470,0x40a89e,
96,0x7ff628df6500,0x86500,4237533,0x40a8dd,
97,0x7ff628df66f0,0x866f0,4237584,0x40a910,
98,0x7ff628df68a0,0x868a0,4237619,0x40a933,
99,0x7ff628df6a10,0x86a10,4237670,0x40a966,
100,0x7ff628df6bc0,0x86bc0,4237705,0x40a989,
101,0x7ff628df6d30,0x86d30,4237756,0x40a9bc,
102,0x7ff628df6ee0,0x86ee0,4237799,0x40a9e7,
103,0x7ff628df7050,0x87050,4237924,0x40aa64,
104,0x7ff628df7500,0x87500,4238000,0x40aab0,
105,0x7ff628df7840,0x87840,4238162,0x40ab52,
106,0x7ff628df7c70,0x87c70,4238209,0x40ab81,
107,0x7ff628df7da0,0x87da0,4238468,0x40ac84,
108,0x7ff628df8140,0x88140,4238480,0x40ac90,
109,0x7ff628df81c0,0x881c0,4238490,0x40ac9a,
110,0x7ff628df8240,0x88240,4238768,0x40adb0,
111,0x7ff628df8710,0x88710,4239773,0x40b19d,
112,0x7ff628df9e30,0x89e30,4239808,0x40b1c0,
113,0x7ff628df9f10,0x89f10,4239866,0x40b1fa,
114,0x7ff628dfa040,0x8a040,4239990,0x40b276,
115,0x7ff628dc6040,0x56040,4239995,0x40b27b,
116,0x7ff628dfa0f0,0x8a0f0,4240243,0x40b373,
117,0x7ff628dfa4b0,0x8a4b0,4240384,0x40b400,
118,0x7ff628dfa7c0,0x8a7c0,4240416,0x40b420,
119,0x7ff628dc6040,0x56040,4240432,0x40b430,
120,0x7ff628dfaa60,0x8aa60,4240496,0x40b470,
121,0x7ff628dba6c0,0x4a6c0,4240544,0x40b4a0,
122,0x7ff628dfaaf0,0x8aaf0,4240656,0x40b510,
123,0x7ff628dfad30,0x8ad30,4240912,0x40b610,
124,0x7ff628dfb330,0x8b330,4241120,0x40b6e0,
125,0x7ff628dfb850,0x8b850,4241552,0x40b890,
126,0x7ff628dfc2b0,0x8c2b0,4241600,0x40b8c0,
127,0x7ff628dfc380,0x8c380,4241648,0x40b8f0,
128,0x7ff628dfc450,0x8c450,4241680,0x40b910,
129,0x7ff628dfc550,0x8c550,4241760,0x40b960,
130,0x7ff628dfc880,0x8c880,4241808,0x40b990,
131,0x7ff628dfc990,0x8c990,4241904,0x40b9f0,
132,0x7ff628dfcc40,0x8cc40,4242016,0x40ba60,
133,0x7ff628dfcee0,0x8cee0,4242048,0x40ba80,
134,0x7ff628dfd050,0x8d050,4242144,0x40bae0,
135,0x7ff628dfd270,0x8d270,4242272,0x40bb60,
136,0x7ff628dfd600,0x8d600,4242528,0x40bc60,
137,0x7ff628dfdc70,0x8dc70,4242640,0x40bcd0,
138,0x7ff628dfdfb0,0x8dfb0,4242832,0x40bd90,
139,0x7ff628dfe5d0,0x8e5d0,4243024,0x40be50,
140,0x7ff628dfebd0,0x8ebd0,4243136,0x40bec0,
141,0x7ff628dfef10,0x8ef10,4243184,0x40bef0,
142,0x7ff628dff140,0x8f140,4243488,0x40c020,
143,0x7ff628dffa10,0x8fa10,4245936,0x40c9b0,
144,0x7ff628e02520,0x92520,4246016,0x40ca00,
145,0x7ff628e02700,0x92700,4246080,0x40ca40,
146,0x7ff628e029d0,0x929d0,4246144,0x40ca80,
147,0x7ff628e02cc0,0x92cc0,4246176,0x40caa0,
148,0x7ff628e02d50,0x92d50,4246208,0x40cac0,
149,0x7ff628e02df0,0x92df0,4246240,0x40cae0,
150,0x7ff628e02e80,0x92e80,4246288,0x40cb10,
151,0x7ff628e03010,0x93010,4246416,0x40cb90,
152,0x7ff628e03310,0x93310,4246448,0x40cbb0,
153,0x7ff628e033f0,0x933f0,4246512,0x40cbf0,
154,0x7ff628e03530,0x93530,4246560,0x40cc20,
155,0x7ff628e03670,0x93670,4246624,0x40cc60,
156,0x7ff628e037b0,0x937b0,4246672,0x40cc90,
157,0x7ff628e038f0,0x938f0,4246816,0x40cd20,
158,0x7ff628e03c60,0x93c60,4247072,0x40ce20,
159,0x7ff628e04160,0x94160,4247120,0x40ce50,
160,0x7ff628e04240,0x94240,4247152,0x40ce70,
161,0x7ff628e042e0,0x942e0,4247184,0x40ce90,
162,0x7ff628e04380,0x94380,4247376,0x40cf50,
163,0x7ff628e047e0,0x947e0,4247392,0x40cf60,
164,0x7ff628e04830,0x94830,4247408,0x40cf70,
165,0x7ff628e04880,0x94880,4247440,0x40cf90,
166,0x7ff628e049d0,0x949d0,4247968,0x40d1a0,
167,0x7ff628e051b0,0x951b0,4248032,0x40d1e0,
168,0x7ff628e053a0,0x953a0,4248064,0x40d200,
169,0x7ff628e05540,0x95540,4248128,0x40d240,
170,0x7ff628e05640,0x95640,4248368,0x40d330,
171,0x7ff628e05ec0,0x95ec0,4248528,0x40d3d0,
172,0x7ff628e06290,0x96290,4249056,0x40d5e0,
173,0x7ff628e06df0,0x96df0,4249408,0x40d740,
174,0x7ff628e077e0,0x977e0,4249968,0x40d970,
175,0x7ff628e08330,0x98330,4250048,0x40d9c0,
176,0x7ff628e08410,0x98410,4250144,0x40da20,
177,0x7ff628e08560,0x98560,4250208,0x40da60,
178,0x7ff628e086f0,0x986f0,4250688,0x40dc40,
179,0x7ff628e090d0,0x990d0,4250704,0x40dc50,
180,0x7ff628e09120,0x99120,4251232,0x40de60,
181,0x7ff628e09c40,0x99c40,4251328,0x40dec0,
182,0x7ff628e09ff0,0x99ff0,4251360,0x40dee0,
183,0x7ff628e0a050,0x9a050,4251488,0x40df60,
184,0x7ff628e0a3c0,0x9a3c0,4251664,0x40e010,
185,0x7ff628e0a830,0x9a830,4251728,0x40e050,
186,0x7ff628e0a980,0x9a980,4251760,0x40e070,
187,0x7ff628e0ab70,0x9ab70,4251794,0x40e092,
188,0x7ff628e0ac60,0x9ac60,4251898,0x40e0fa,
189,0x7ff628e0b020,0x9b020,4251933,0x40e11d,
190,0x7ff628e0b100,0x9b100,4251942,0x40e126,
191,0x7ff628e0b160,0x9b160,4251952,0x40e130,
192,0x7ff628e0b1e0,0x9b1e0,4251968,0x40e140,
193,0x7ff628e0b280,0x9b280,4252165,0x40e205,
194,0x7ff628e0b950,0x9b950,4252192,0x40e220,
195,0x7ff628e0ba60,0x9ba60,4252256,0x40e260,
196,0x7ff628e0bb90,0x9bb90,4252736,0x40e440,
197,0x7ff628e0ce40,0x9ce40,4252800,0x40e480,
198,0x7ff628e0d100,0x9d100,4252832,0x40e4a0,
199,0x7ff628e0d1b0,0x9d1b0,4252992,0x40e540,
200,0x7ff628e0d3a0,0x9d3a0,4253136,0x40e5d0,
201,0x7ff628e0d540,0x9d540,4253296,0x40e670,
202,0x7ff628e0d8c0,0x9d8c0,4253408,0x40e6e0,
203,0x7ff628e0dae0,0x9dae0,4253520,0x40e750,
204,0x7ff628e0de30,0x9de30,4253680,0x40e7f0,
205,0x7ff628e0e330,0x9e330,4253712,0x40e810,
206,0x7ff628e0e440,0x9e440,4253728,0x40e820,
207,0x7ff628e0e4b0,0x9e4b0,4253760,0x40e840,
208,0x7ff628e0e590,0x9e590,4253952,0x40e900,
209,0x7ff628e0ea10,0x9ea10,4254416,0x40ead0,
210,0x7ff628e0f4f0,0x9f4f0,4254448,0x40eaf0,
211,0x7ff628e0f5b0,0x9f5b0,4254480,0x40eb10,
212,0x7ff628e0f670,0x9f670,4254544,0x40eb50,
213,0x7ff628e0f890,0x9f890,4254608,0x40eb90,
214,0x7ff628e0fab0,0x9fab0,4254768,0x40ec30,
215,0x7ff628e100a0,0xa00a0,4254912,0x40ecc0,
216,0x7ff628e105f0,0xa05f0,4255104,0x40ed80,
217,0x7ff628e10a10,0xa0a10,4255936,0x40f0c0,
218,0x7ff628e117b0,0xa17b0,4255952,0x40f0d0,
219,0x7ff628e11800,0xa1800,4256080,0x40f150,
220,0x7ff628e11ae0,0xa1ae0,4256208,0x40f1d0,
221,0x7ff628e11e00,0xa1e00,4256336,0x40f250,
222,0x7ff628e120e0,0xa20e0,4256864,0x40f460,
223,0x7ff628e12c10,0xa2c10,4256960,0x40f4c0,
224,0x7ff628e12db0,0xa2db0,4257008,0x40f4f0,
225,0x7ff628e12e90,0xa2e90,4257200,0x40f5b0,
226,0x7ff628e13250,0xa3250,4257232,0x40f5d0,
227,0x7ff628e132d0,0xa32d0,4257344,0x40f640,
228,0x7ff628e135d0,0xa35d0,4257472,0x40f6c0,
229,0x7ff628e138d0,0xa38d0,4257584,0x40f730,
230,0x7ff628e13ca0,0xa3ca0,4257712,0x40f7b0,
231,0x7ff628e140b0,0xa40b0,4257824,0x40f820,
232,0x7ff628e143c0,0xa43c0,4257856,0x40f840,
233,0x7ff628e14460,0xa4460,4257936,0x40f890,
234,0x7ff628e14680,0xa4680,4258032,0x40f8f0,
235,0x7ff628e148e0,0xa48e0,4258208,0x40f9a0,
236,0x7ff628e14bd0,0xa4bd0,4259104,0x40fd20,
237,0x7ff628e16590,0xa6590,4259680,0x40ff60,
238,0x7ff628e16f70,0xa6f70,4259936,0x410060,
239,0x7ff628e17540,0xa7540,4260448,0x410260,
240,0x7ff628e17f30,0xa7f30,4260688,0x410350,
241,0x7ff628e18360,0xa8360,4261024,0x4104a0,
242,0x7ff628e18d90,0xa8d90,4261088,0x4104e0,
243,0x7ff628e18f20,0xa8f20,4261200,0x410550,
244,0x7ff628e19170,0xa9170,4261904,0x410810,
245,0x7ff628e1a0c0,0xaa0c0,4261920,0x410820,
246,0x7ff628e1a0e0,0xaa0e0,4261984,0x410860,
247,0x7ff628e1a3b0,0xaa3b0,4262048,0x4108a0,
248,0x7ff628e1a750,0xaa750,4262112,0x4108e0,
249,0x7ff628e1aa00,0xaaa00,4262672,0x410b10,
250,0x7ff628e1baa0,0xabaa0,4262720,0x410b40,
251,0x7ff628e1bc60,0xabc60,4262752,0x410b60,
252,0x7ff628e1bd30,0xabd30,4263152,0x410cf0,
253,0x7ff628e1c8a0,0xac8a0,4263472,0x410e30,
254,0x7ff628e1d270,0xad270,4263648,0x410ee0,
255,0x7ff628e1d7c0,0xad7c0,4264016,0x411050,
256,0x7ff628e1e020,0xae020,4264112,0x4110b0,
257,0x7ff628e1e2b0,0xae2b0,4264320,0x411180,
258,0x7ff628e1e800,0xae800,4264416,0x4111e0,
259,0x7ff628e1e9c0,0xae9c0,4264512,0x411240,
260,0x7ff628e1ebe0,0xaebe0,4265088,0x411480,
261,0x7ff628e1fb20,0xafb20,4265472,0x411600,
262,0x7ff628e20300,0xb0300,4265680,0x4116d0,
263,0x7ff628e207f0,0xb07f0,4265824,0x411760,
264,0x7ff628e20cc0,0xb0cc0,4266352,0x411970,
265,0x7ff628e21720,0xb1720,4266416,0x4119b0,
266,0x7ff628e21900,0xb1900,4266464,0x4119e0,
267,0x7ff628e21a10,0xb1a10,4266576,0x411a50,
268,0x7ff628e21e00,0xb1e00,4266624,0x411a80,
269,0x7ff628e21fb0,0xb1fb0,4266672,0x411ab0,
270,0x7ff628e22130,0xb2130,4266928,0x411bb0,
271,0x7ff628e22760,0xb2760,4268864,0x412340,
272,0x7ff628e245f0,0xb45f0,4269776,0x4126d0,
273,0x7ff628e25670,0xb5670,4269904,0x412750,
274,0x7ff628e25930,0xb5930,4269920,0x412760,
275,0x7ff628e25960,0xb5960,4269936,0x412770,
276,0x7ff628e25990,0xb5990,4270304,0x4128e0,
277,0x7ff628e260e0,0xb60e0,4270480,0x412990,
278,0x7ff628e26590,0xb6590,4270640,0x412a30,
279,0x7ff628e26980,0xb6980,4270720,0x412a80,
280,0x7ff628e26af0,0xb6af0,4270832,0x412af0,
281,0x7ff628e26e00,0xb6e00,4270880,0x412b20,
282,0x7ff628e26ec0,0xb6ec0,4271040,0x412bc0,
283,0x7ff628e27320,0xb7320,4271104,0x412c00,
284,0x7ff628e274a0,0xb74a0,4271216,0x412c70,
285,0x7ff628e27840,0xb7840,4271232,0x412c80,
286,0x7ff628e27890,0xb7890,4271424,0x412d40,
287,0x7ff628e280b0,0xb80b0,4271456,0x412d60,
288,0x7ff628e28180,0xb8180,4271888,0x412f10,
289,0x7ff628e28be0,0xb8be0,4271952,0x412f50,
290,0x7ff628e28db0,0xb8db0,4272064,0x412fc0,
291,0x7ff628e29110,0xb9110,4272336,0x4130d0,
292,0x7ff628e29780,0xb9780,4272496,0x413170,
293,0x7ff628e29bf0,0xb9bf0,4272512,0x413180,
294,0x7ff628e29c50,0xb9c50,4273216,0x413440,
295,0x7ff628e2ac60,0xbac60,4273360,0x4134d0,
296,0x7ff628e2aff0,0xbaff0,4273424,0x413510,
297,0x7ff628e2b3b0,0xbb3b0,4273536,0x413580,
298,0x7ff628e2b620,0xbb620,4273696,0x413620,
299,0x7ff628e2b9f0,0xbb9f0,4273760,0x413660,
300,0x7ff628e2bb10,0xbbb10,4274496,0x413940,
301,0x7ff628e2cb90,0xbcb90,4274544,0x413970,
302,0x7ff628e2cca0,0xbcca0,4275168,0x413be0,
303,0x7ff628e2dd30,0xbdd30,4275584,0x413d80,
304,0x7ff628e2e510,0xbe510,4275888,0x413eb0,
305,0x7ff628e2ee40,0xbee40,4276208,0x413ff0,
306,0x7ff628e2f790,0xbf790,4276272,0x414030,
307,0x7ff628e2f960,0xbf960,4276384,0x4140a0,
308,0x7ff628e2fbd0,0xbfbd0,4276528,0x414130,
309,0x7ff628e2ff10,0xbff10,4276592,0x414170,
310,0x7ff628e30090,0xc0090,4276720,0x4141f0,
311,0x7ff628e303d0,0xc03d0,4277216,0x4143e0,
312,0x7ff628e31210,0xc1210,4277280,0x414420,
313,0x7ff628e31380,0xc1380,4277424,0x4144b0,
314,0x7ff628e31950,0xc1950,4277488,0x4144f0,
315,0x7ff628e31b40,0xc1b40,4277616,0x414570,
316,0x7ff628e32040,0xc2040,4278336,0x414840,
317,0x7ff628e33250,0xc3250,4278864,0x414a50,
318,0x7ff628e33fa0,0xc3fa0,4278992,0x414ad0,
319,0x7ff628e34330,0xc4330,4279104,0x414b40,
320,0x7ff628e34660,0xc4660,4279536,0x414cf0,
321,0x7ff628e353e0,0xc53e0,4279744,0x414dc0,
322,0x7ff628e35800,0xc5800,4279824,0x414e10,
323,0x7ff628e35c90,0xc5c90,4280032,0x414ee0,
324,0x7ff628e35ce0,0xc5ce0,4280039,0x414ee7,
325,0x7ff628dc6040,0x56040,4280044,0x414eec,
326,0x7ff628dc6040,0x56040,4280064,0x414f00,
327,0x7ff628e35d50,0xc5d50,4280196,0x414f84,
328,0x7ff628e35ef0,0xc5ef0,4280881,0x415231,
329,0x7ff628e36f90,0xc6f90,4286869,0x416995,
330,0x7ff628e40470,0xd0470,4290393,0x417759,
331,0x7ff628e40480,0xd0480,4291148,0x417a4c,
332,0x7ff628e40490,0xd0490,4291248,0x417ab0,
333,0x7ff628e40720,0xd0720,4291506,0x417bb2,
334,0x7ff628e40730,0xd0730,4291650,0x417c42,
335,0x7ff628e40740,0xd0740,4292409,0x417f39,
336,0x7ff628e419a0,0xd19a0,4294063,0x4185af,
337,0x7ff628e419b0,0xd19b0,4294163,0x418613,
338,0x7ff628e41d00,0xd1d00,4294326,0x4186b6,
339,0x7ff628e41d10,0xd1d10,4294343,0x4186c7,
340,0x7ff628e41da0,0xd1da0,4294353,0x4186d1,
341,0x7ff628e41e20,0xd1e20,4294368,0x4186e0,
342,0x7ff628e41ea0,0xd1ea0,4294803,0x418893,
343,0x7ff628e42760,0xd2760,4295111,0x4189c7,
344,0x7ff628e42e30,0xd2e30,4295732,0x418c34,
345,0x7ff628e43da0,0xd3da0,4295807,0x418c7f,
346,0x7ff628e43fc0,0xd3fc0,4295884,0x418ccc,
347,0x7ff628e441b0,0xd41b0,4295984,0x418d30,
348,0x7ff628e44440,0xd4440,4296055,0x418d77,
349,0x7ff628e44640,0xd4640,4296148,0x418dd4,
350,0x7ff628e448b0,0xd48b0,4297109,0x419195,
351,0x7ff628e45db0,0xd5db0,4297232,0x419210,
352,0x7ff628e46050,0xd6050,4297433,0x4192d9,
353,0x7ff628e46700,0xd6700,4297568,0x419360,
354,0x7ff628e46a70,0xd6a70,4297593,0x419379,
355,0x7ff628e46af0,0xd6af0,4297666,0x4193c2,
356,0x7ff628e46c90,0xd6c90,4297794,0x419442,
357,0x7ff628e46fb0,0xd6fb0,4297815,0x419457,
358,0x7ff628e47090,0xd7090,4297873,0x419491,
359,0x7ff628e47250,0xd7250,4297912,0x4194b8,
360,0x7ff628e473b0,0xd73b0,4298300,0x41963c,
361,0x7ff628e47bd0,0xd7bd0,4299336,0x419a48,
362,0x7ff628e48f60,0xd8f60,4299407,0x419a8f,
363,0x7ff628e49160,0xd9160,4300214,0x419db6,
364,0x7ff628e4a240,0xda240,4300252,0x419ddc,
365,0x7ff628e4a3b0,0xda3b0,4300368,0x419e50,
366,0x7ff628e4a620,0xda620,4300381,0x419e5d,
367,0x7ff628e4a6b0,0xda6b0,4300458,0x419eaa,
368,0x7ff628e4a880,0xda880,4300535,0x419ef7,
369,0x7ff628e4aa50,0xdaa50,4300689,0x419f91,
370,0x7ff628e4ad90,0xdad90,4300817,0x41a011,
371,0x7ff628e4b0b0,0xdb0b0,4300944,0x41a090,
372,0x7ff628e4b3d0,0xdb3d0,4300964,0x41a0a4,
373,0x7ff628e4b480,0xdb480,4301004,0x41a0cc,
374,0x7ff628e4b5c0,0xdb5c0,4301137,0x41a151,
375,0x7ff628e4b8c0,0xdb8c0,4301185,0x41a181,
376,0x7ff628e4ba40,0xdba40,4301205,0x41a195,
377,0x7ff628e4baf0,0xdbaf0,4301232,0x41a1b0,
378,0x7ff628e4bbd0,0xdbbd0,4301332,0x41a214,
379,0x7ff628e4bda0,0xdbda0,4301342,0x41a21e,
380,0x7ff628e4be10,0xdbe10,4302831,0x41a7ef,
381,0x7ff628e4d110,0xdd110,4302888,0x41a828,
382,0x7ff628e4d2c0,0xdd2c0,4303213,0x41a96d,
383,0x7ff628e4d940,0xdd940,4303455,0x41aa5f,
384,0x7ff628e4deb0,0xddeb0,4303719,0x41ab67,
385,0x7ff628e4e400,0xde400,4303732,0x41ab74,
386,0x7ff628e4e4a0,0xde4a0,4303745,0x41ab81,
387,0x7ff628e4e540,0xde540,4304203,0x41ad4b,
388,0x7ff628e4ecf0,0xdecf0,4305039,0x41b08f,
389,0x7ff628e4fe60,0xdfe60,4305049,0x41b099,
390,0x7ff628e4fee0,0xdfee0,4305102,0x41b0ce,
391,0x7ff628e50110,0xe0110,4305112,0x41b0d8,
392,0x7ff628e50190,0xe0190,4305134,0x41b0ee,
393,0x7ff628e50250,0xe0250,4305160,0x41b108,
394,0x7ff628e50340,0xe0340,4305291,0x41b18b,
395,0x7ff628e504e0,0xe04e0,4305336,0x41b1b8,
396,0x7ff628e505a0,0xe05a0,4305451,0x41b22b,
397,0x7ff628e507e0,0xe07e0,4305501,0x41b25d,
398,0x7ff628e50930,0xe0930,4305511,0x41b267,
399,0x7ff628e509a0,0xe09a0,4305624,0x41b2d8,
400,0x7ff628e50c90,0xe0c90,4305664,0x41b300,
401,0x7ff628e50d10,0xe0d10,4306295,0x41b577,
402,0x7ff628e51630,0xe1630,4307069,0x41b87d,
403,0x7ff628e52610,0xe2610,4307155,0x41b8d3,
404,0x7ff628e52860,0xe2860,4307301,0x41b965,
405,0x7ff628e52af0,0xe2af0,4307635,0x41bab3,
406,0x7ff628e533f0,0xe33f0,4309179,0x41c0bb,
407,0x7ff628e55990,0xe5990,4312242,0x41ccb2,
408,0x7ff628e58250,0xe8250,4312365,0x41cd2d,
409,0x7ff628e58700,0xe8700,4312836,0x41cf04,
410,0x7ff628dc6040,0x56040,4312848,0x41cf10,
411,0x7ff628e592f0,0xe92f0,4313232,0x41d090,
412,0x7ff628e59b40,0xe9b40,4313610,0x41d20a,
413,0x7ff628e5a350,0xea350,4313829,0x41d2e5,
414,0x7ff628e5a7a0,0xea7a0,4313856,0x41d300,
415,0x7ff628e5a850,0xea850,4314480,0x41d570,
416,0x7ff628e5b110,0xeb110,4314605,0x41d5ed,
417,0x7ff628e5b310,0xeb310,4314871,0x41d6f7,
418,0x7ff628e5b890,0xeb890,4315279,0x41d88f,
419,0x7ff628e5c150,0xec150,4315681,0x41da21,
420,0x7ff628e5ca10,0xeca10,4317674,0x41e1ea,
421,0x7ff628e5f050,0xef050,4317782,0x41e256,
422,0x7ff628e5f290,0xef290,4317832,0x41e288,
423,0x7ff628e5f410,0xef410,4318888,0x41e6a8,
424,0x7ff628e60cd0,0xf0cd0,4320928,0x41eea0,
425,0x7ff628e62f90,0xf2f90,4321038,0x41ef0e,
426,0x7ff628e63230,0xf3230,4321161,0x41ef89,
427,0x7ff628e636e0,0xf36e0,4321486,0x41f0ce,
428,0x7ff628e63dc0,0xf3dc0,4321552,0x41f110,
429,0x7ff628e63fa0,0xf3fa0,4321593,0x41f139,
430,0x7ff628e640d0,0xf40d0,4321731,0x41f1c3,
431,0x7ff628e64430,0xf4430,4321852,0x41f23c,
432,0x7ff628e646e0,0xf46e0,4321961,0x41f2a9,
433,0x7ff628e64980,0xf4980,4322090,0x41f32a,
434,0x7ff628e64c30,0xf4c30,4322204,0x41f39c,
435,0x7ff628e64ee0,0xf4ee0,4322544,0x41f4f0,
436,0x7ff628e655c0,0xf55c0,4322613,0x41f535,
437,0x7ff628e657a0,0xf57a0,4322654,0x41f55e,
438,0x7ff628e658d0,0xf58d0,4322805,0x41f5f5,
439,0x7ff628e65c30,0xf5c30,4322936,0x41f678,
440,0x7ff628e65f10,0xf5f10,4323045,0x41f6e5,
441,0x7ff628e661b0,0xf61b0,4323174,0x41f766,
442,0x7ff628e66460,0xf6460,4323288,0x41f7d8,
443,0x7ff628e66710,0xf6710,4323742,0x41f99e,
444,0x7ff628e66fe0,0xf6fe0,4323930,0x41fa5a,
445,0x7ff628e673c0,0xf73c0,4323952,0x41fa70,
446,0x7ff628e67440,0xf7440,4323985,0x41fa91,
447,0x7ff628e674e0,0xf74e0,4324064,0x41fae0,
448,0x7ff628e67610,0xf7610,4324117,0x41fb15,
449,0x7ff628e67710,0xf7710,4324124,0x41fb1c,
450,0x7ff628e67770,0xf7770,4324260,0x41fba4,
451,0x7ff628e67af0,0xf7af0,4344602,0x424b1a,
452,0x7ff628eb9520,0x149520,4344651,0x424b4b,
453,0x7ff628eb96e0,0x1496e0,4345695,0x424f5f,
454,0x7ff628eba7e0,0x14a7e0,4345841,0x424ff1,
455,0x7ff628ebaab0,0x14aab0,4346137,0x425119,
456,0x7ff628ebafb0,0x14afb0,4346235,0x42517b,
457,0x7ff628ebb170,0x14b170,4346266,0x42519a,
458,0x7ff628ebb210,0x14b210,4347056,0x4254b0,
459,0x7ff628ebc1c0,0x14c1c0,4347112,0x4254e8,
460,0x7ff628ebc2c0,0x14c2c0,4347168,0x425520,
461,0x7ff628ebc3c0,0x14c3c0,4347263,0x42557f,
462,0x7ff628ebc5a0,0x14c5a0,4347319,0x4255b7,
463,0x7ff628ebc750,0x14c750,4347432,0x425628,
464,0x7ff628ebc940,0x14c940,4347518,0x42567e,
465,0x7ff628ebcad0,0x14cad0,4348048,0x425890,
466,0x7ff628ebd0f0,0x14d0f0,4348589,0x425aad,
467,0x7ff628ebd740,0x14d740,4349225,0x425d29,
468,0x7ff628ebe060,0x14e060,4349535,0x425e5f,
469,0x7ff628ebe530,0x14e530,4349759,0x425f3f,
470,0x7ff628ebe8f0,0x14e8f0,4349892,0x425fc4,
471,0x7ff628ebec90,0x14ec90,4350266,0x42613a,
472,0x7ff628ebf240,0x14f240,4351839,0x42675f,
473,0x7ff628ec0730,0x150730,4351985,0x4267f1,
474,0x7ff628ec09e0,0x1509e0,4352153,0x426899,
475,0x7ff628ec0cb0,0x150cb0,4352321,0x426941,
476,0x7ff628ec0f80,0x150f80,4352550,0x426a26,
477,0x7ff628ec1330,0x151330,4353179,0x426c9b,
478,0x7ff628ec1cb0,0x151cb0,4353507,0x426de3,
479,0x7ff628ec2330,0x152330,4353880,0x426f58,
480,0x7ff628ec28e0,0x1528e0,4354270,0x4270de,
481,0x7ff628ec2f00,0x152f00,4354973,0x42739d,
482,0x7ff628ec38f0,0x1538f0,4355766,0x4276b6,
483,0x7ff628ec4470,0x154470,4355895,0x427737,
484,0x7ff628ec46b0,0x1546b0,4356017,0x4277b1,
485,0x7ff628ec48e0,0x1548e0,4356138,0x42782a,
486,0x7ff628ec4af0,0x154af0,4356363,0x42790b,
487,0x7ff628ec4e80,0x154e80,4356392,0x427928,
488,0x7ff628ec4f40,0x154f40,4356540,0x4279bc,
489,0x7ff628ec5000,0x155000,4356609,0x427a01,
490,0x7ff628ec5200,0x155200,4356638,0x427a1e,
491,0x7ff628ec52f0,0x1552f0,4356648,0x427a28,
492,0x7ff628ec5360,0x155360,4356682,0x427a4a,
493,0x7ff628ec5360,0x155360,4356716,0x427a6c,
494,0x7ff628ec5470,0x155470,4356849,0x427af1,
495,0x7ff628ec5710,0x155710,4356939,0x427b4b,
496,0x7ff628ec59d0,0x1559d0,4357154,0x427c22,
497,0x7ff628ec5da0,0x155da0,4358555,0x42819b,
498,0x7ff628ec73e0,0x1573e0,4358577,0x4281b1,
499,0x7ff628ec74b0,0x1574b0,4359335,0x4284a7,
500,0x7ff628ec7cb0,0x157cb0,4359424,0x428500,
501,0x7ff628ec7f80,0x157f80,4359584,0x4285a0,
502,0x7ff628ec8310,0x158310,4359744,0x428640,
503,0x7ff628ec86a0,0x1586a0,4359984,0x428730,
504,0x7ff628ec8b80,0x158b80,4360480,0x428920,
505,0x7ff628ec9770,0x159770,4360581,0x428985,
506,0x7ff628ec99c0,0x1599c0,4360978,0x428b12,
507,0x7ff628eca3d0,0x15a3d0,4361369,0x428c99,
508,0x7ff628ecad10,0x15ad10,4361589,0x428d75,
509,0x7ff628ecb200,0x15b200,4361622,0x428d96,
510,0x7ff628ecb330,0x15b330,4361678,0x428dce,
511,0x7ff628ecb520,0x15b520,4361719,0x428df7,
512,0x7ff628ecb780,0x15b780,4362073,0x428f59,
513,0x7ff628ecc040,0x15c040,4362340,0x429064,
514,0x7ff628ecc450,0x15c450,4362380,0x42908c,
515,0x7ff628ecc590,0x15c590,4363042,0x429322,
516,0x7ff628ecd820,0x15d820,4363075,0x429343,
517,0x7ff628ecd930,0x15d930,4363124,0x429374,
518,0x7ff628ecdaa0,0x15daa0,4363160,0x429398,
519,0x7ff628ecdbc0,0x15dbc0,4363192,0x4293b8,
520,0x7ff628ecdde0,0x15dde0,4363277,0x42940d,
521,0x7ff628ece140,0x15e140,4363542,0x429516,
522,0x7ff628ece7a0,0x15e7a0,4363566,0x42952e,
523,0x7ff628ece890,0x15e890,4364077,0x42972d,
524,0x7ff628ecf4e0,0x15f4e0,4364197,0x4297a5,
525,0x7ff628ecf870,0x15f870,4364217,0x4297b9,
526,0x7ff628ecf9e0,0x15f9e0,4364243,0x4297d3,
527,0x7ff628ecfae0,0x15fae0,4364269,0x4297ed,
528,0x7ff628ecfbe0,0x15fbe0,4364285,0x4297fd,
529,0x7ff628ecfc70,0x15fc70,4364536,0x4298f8,
530,0x7ff628ed0240,0x160240,4364590,0x42992e,
531,0x7ff628ed03d0,0x1603d0,4364724,0x4299b4,
532,0x7ff628ed0720,0x160720,4364785,0x4299f1,
533,0x7ff628ed08f0,0x1608f0,4364818,0x429a12,
534,0x7ff628ed09e0,0x1609e0,4364992,0x429ac0,
535,0x7ff628ed0de0,0x160de0,4365706,0x429d8a,battle_state_machine
536,0x7ff628ed1ce0,0x161ce0,4366442,0x42a06a,battle_entry2
537,0x7ff628ed26f0,0x1626f0,4366513,0x42a0b1,
538,0x7ff628ed28d0,0x1628d0,4366567,0x42a0e7,
539,0x7ff628ed29f0,0x1629f0,4366699,0x42a16b,
540,0x7ff628ed2ca0,0x162ca0,4366717,0x42a17d,
541,0x7ff628ed2d40,0x162d40,4367042,0x42a2c2,
542,0x7ff628ed33f0,0x1633f0,4367086,0x42a2ee,
543,0x7ff628ed3680,0x163680,4367130,0x42a31a,
544,0x7ff628ed3820,0x163820,4367152,0x42a330,
545,0x7ff628ed38c0,0x1638c0,4367425,0x42a441,
546,0x7ff628ed3ea0,0x163ea0,4367452,0x42a45c,
547,0x7ff628ed3fd0,0x163fd0,4367499,0x42a48b,
548,0x7ff628ed4130,0x164130,4367514,0x42a49a,
549,0x7ff628ed41b0,0x1641b0,4367682,0x42a542,
550,0x7ff628ed4520,0x164520,4367796,0x42a5b4,
551,0x7ff628ed4800,0x164800,4367824,0x42a5d0,
552,0x7ff628ed48c0,0x1648c0,4367851,0x42a5eb,
553,0x7ff628ed4980,0x164980,4368063,0x42a6bf,
554,0x7ff628ed4e20,0x164e20,4368173,0x42a72d,
555,0x7ff628ed5090,0x165090,4368489,0x42a869,
556,0x7ff628ed5480,0x165480,4369226,0x42ab4a,
557,0x7ff628ed6230,0x166230,4369297,0x42ab91,
558,0x7ff628ed63f0,0x1663f0,4370035,0x42ae73,
559,0x7ff628ed6f70,0x166f70,4371631,0x42b4af,
560,0x7ff628ed8e00,0x168e00,4371833,0x42b579,
561,0x7ff628ed91d0,0x1691d0,4372074,0x42b66a,
562,0x7ff628ed95a0,0x1695a0,4372690,0x42b8d2,
563,0x7ff628eda1a0,0x16a1a0,4373525,0x42bc15,
564,0x7ff628edb0b0,0x16b0b0,4374291,0x42bf13,
565,0x7ff628edbea0,0x16bea0,4374695,0x42c0a7,
566,0x7ff628edc560,0x16c560,4374964,0x42c1b4,
567,0x7ff628edc970,0x16c970,4375014,0x42c1e6,
568,0x7ff628edcad0,0x16cad0,4375067,0x42c21b,
569,0x7ff628edcc30,0x16cc30,4375255,0x42c2d7,
570,0x7ff628edcf60,0x16cf60,4375324,0x42c31c,
571,0x7ff628edd0c0,0x16d0c0,4376173,0x42c66d,
572,0x7ff628eddf60,0x16df60,4376611,0x42c823,
573,0x7ff628ede610,0x16e610,4377140,0x42ca34,
574,0x7ff628edee00,0x16ee00,4377593,0x42cbf9,
575,0x7ff628edf520,0x16f520,4379175,0x42d227,
576,0x7ff628ee08a0,0x1708a0,4379513,0x42d379,
577,0x7ff628ee0ce0,0x170ce0,4379595,0x42d3cb,
578,0x7ff628ee0ea0,0x170ea0,4380187,0x42d61b,
579,0x7ff628ee1630,0x171630,4380680,0x42d808,
580,0x7ff628ee1e60,0x171e60,4381026,0x42d962,
581,0x7ff628ee2460,0x172460,4381036,0x42d96c,
582,0x7ff628dc6040,0x56040,4381041,0x42d971,
583,0x7ff628ee24d0,0x1724d0,4381074,0x42d992,
584,0x7ff628ee25b0,0x1725b0,4381413,0x42dae5,
585,0x7ff628ee2b90,0x172b90,4381445,0x42db05,
586,0x7ff628ee2c70,0x172c70,4381650,0x42dbd2,
587,0x7ff628ee3040,0x173040,4381728,0x42dc20,
588,0x7ff628ee31f0,0x1731f0,4382245,0x42de25,
589,0x7ff628ee3a90,0x173a90,4382305,0x42de61,
590,0x7ff628ee3c30,0x173c30,4382810,0x42e05a,
591,0x7ff628ee4610,0x174610,4382905,0x42e0b9,
592,0x7ff628ee4820,0x174820,4383062,0x42e156,
593,0x7ff628ee4b30,0x174b30,4383257,0x42e219,
594,0x7ff628ee4f10,0x174f10,4383349,0x42e275,
595,0x7ff628ee5080,0x175080,4383544,0x42e338,
596,0x7ff628ee5490,0x175490,4383562,0x42e34a,
597,0x7ff628ee5550,0x175550,4383690,0x42e3ca,
598,0x7ff628ee5830,0x175830,4383968,0x42e4e0,
599,0x7ff628ee5df0,0x175df0,4384046,0x42e52e,
600,0x7ff628ee5ff0,0x175ff0,4386738,0x42efb2,
601,0x7ff628ee9130,0x179130,4386952,0x42f088,
602,0x7ff628ee9570,0x179570,4387110,0x42f126,
603,0x7ff628ee97a0,0x1797a0,4387245,0x42f1ad,
604,0x7ff628ee9a10,0x179a10,4387359,0x42f21f,
605,0x7ff628ee9cf0,0x179cf0,4387463,0x42f287,
606,0x7ff628ee9f80,0x179f80,4387623,0x42f327,
607,0x7ff628eea2f0,0x17a2f0,4387687,0x42f367,
608,0x7ff628eea400,0x17a400,4387816,0x42f3e8,
609,0x7ff628eea700,0x17a700,4391526,0x430266,
610,0x7ff628eeeef0,0x17eef0,4391656,0x4302e8,
611,0x7ff628eef2d0,0x17f2d0,4391825,0x430391,
612,0x7ff628eef7b0,0x17f7b0,4391870,0x4303be,
613,0x7ff628eef920,0x17f920,4391884,0x4303cc,
614,0x7ff628eef9d0,0x17f9d0,4392811,0x43076b,
615,0x7ff628ef0c10,0x180c10,4393340,0x43097c,
616,0x7ff628dc6040,0x56040,4393345,0x430981,
617,0x7ff628ef1620,0x181620,4393625,0x430a99,
618,0x7ff628ef1bf0,0x181bf0,4393639,0x430aa7,
619,0x7ff628ef1ca0,0x181ca0,4393851,0x430b7b,
620,0x7ff628ef1fa0,0x181fa0,4394005,0x430c15,
621,0x7ff628ef2520,0x182520,4394065,0x430c51,
622,0x7ff628ef2610,0x182610,4394090,0x430c6a,
623,0x7ff628ef26a0,0x1826a0,4394143,0x430c9f,
624,0x7ff628ef2820,0x182820,4394160,0x430cb0,
625,0x7ff628ef28d0,0x1828d0,4394175,0x430cbf,
626,0x7ff628ef2950,0x182950,4394212,0x430ce4,
627,0x7ff628ef2a90,0x182a90,4394234,0x430cfa,
628,0x7ff628ef2b50,0x182b50,4394260,0x430d14,
629,0x7ff628ef2c40,0x182c40,4394290,0x430d32,
630,0x7ff628ef2d60,0x182d60,4394371,0x430d83,
631,0x7ff628ef2f90,0x182f90,4394448,0x430dd0,
632,0x7ff628ef3080,0x183080,4397200,0x431890,
633,0x7ff628ef5fa0,0x185fa0,4398208,0x431c80,
634,0x7ff628ef70d0,0x1870d0,4398246,0x431ca6,
635,0x7ff628ef7200,0x187200,4398665,0x431e49,
636,0x7ff628ef77f0,0x1877f0,4399168,0x432040,
637,0x7ff628ef7f50,0x187f50,4399223,0x432077,
638,0x7ff628ef7ff0,0x187ff0,4399276,0x4320ac,
639,0x7ff628ef8140,0x188140,4400310,0x4324b6,
640,0x7ff628ef9630,0x189630,4400522,0x43258a,
641,0x7ff628ef9ae0,0x189ae0,4400775,0x432687,
642,0x7ff628efa010,0x18a010,4400831,0x4326bf,
643,0x7ff628efa190,0x18a190,4401826,0x432aa2,
644,0x7ff628efb430,0x18b430,4402080,0x432ba0,
645,0x7ff628efb9c0,0x18b9c0,4402166,0x432bf6,
646,0x7ff628efbbd0,0x18bbd0,4402272,0x432c60,
647,0x7ff628efbe60,0x18be60,4403232,0x433020,
648,0x7ff628efd100,0x18d100,4403292,0x43305c,
649,0x7ff628efd280,0x18d280,4403392,0x4330c0,
650,0x7ff628efd4e0,0x18d4e0,4403474,0x433112,
651,0x7ff628efd6f0,0x18d6f0,4403628,0x4331ac,
652,0x7ff628efda00,0x18da00,4404164,0x4333c4,
653,0x7ff628efe4e0,0x18e4e0,4404496,0x433510,
654,0x7ff628efeaa0,0x18eaa0,4404608,0x433580,
655,0x7ff628efede0,0x18ede0,4405235,0x4337f3,
656,0x7ff628effdc0,0x18fdc0,4405383,0x433887,
657,0x7ff628f00140,0x190140,4405698,0x4339c2,
658,0x7ff628f007e0,0x1907e0,4406078,0x433b3e,
659,0x7ff628f00ff0,0x190ff0,4406132,0x433b74,
660,0x7ff628f01190,0x191190,4406209,0x433bc1,
661,0x7ff628f01390,0x191390,4406226,0x433bd2,
662,0x7ff628f01440,0x191440,4406925,0x433e8d,
663,0x7ff628f02320,0x192320,4407178,0x433f8a,
664,0x7ff628f028d0,0x1928d0,4407320,0x434018,
665,0x7ff628f02bd0,0x192bd0,4407343,0x43402f,
666,0x7ff628f02cd0,0x192cd0,4407408,0x434070,
667,0x7ff628f02ee0,0x192ee0,4407537,0x4340f1,
668,0x7ff628f03240,0x193240,4407602,0x434132,
669,0x7ff628f034b0,0x1934b0,4407625,0x434149,
670,0x7ff628f035b0,0x1935b0,4407821,0x43420d,
671,0x7ff628f03a80,0x193a80,4407839,0x43421f,
672,0x7ff628f03b10,0x193b10,4407982,0x4342ae,
673,0x7ff628f03f30,0x193f30,4408118,0x434336,
674,0x7ff628f04360,0x194360,4408135,0x434347,
675,0x7ff628f04410,0x194410,4408612,0x434524,
676,0x7ff628f04e00,0x194e00,4408680,0x434568,
677,0x7ff628f04fc0,0x194fc0,4408976,0x434690,
678,0x7ff628f05570,0x195570,4409038,0x4346ce,
679,0x7ff628f056e0,0x1956e0,4409055,0x4346df,
680,0x7ff628f05790,0x195790,4409123,0x434723,
681,0x7ff628f05930,0x195930,4409231,0x43478f,
682,0x7ff628f05b80,0x195b80,4409334,0x4347f6,
683,0x7ff628f05e00,0x195e00,4409354,0x43480a,
684,0x7ff628f05ed0,0x195ed0,4409416,0x434848,
685,0x7ff628f06070,0x196070,4409433,0x434859,
686,0x7ff628f06120,0x196120,4409532,0x4348bc,
687,0x7ff628f06390,0x196390,4409566,0x4348de,
688,0x7ff628f06470,0x196470,4409705,0x434969,
689,0x7ff628f067c0,0x1967c0,4409984,0x434a80,
690,0x7ff628f06db0,0x196db0,4410116,0x434b04,
691,0x7ff628f07060,0x197060,4410148,0x434b24,
692,0x7ff628f07150,0x197150,4410195,0x434b53,
693,0x7ff628f072a0,0x1972a0,4410270,0x434b9e,
694,0x7ff628f073d0,0x1973d0,4410410,0x434c2a,
695,0x7ff628f076e0,0x1976e0,4410502,0x434c86,
696,0x7ff628dc6040,0x56040,4410507,0x434c8b,
697,0x7ff628f07900,0x197900,4410592,0x434ce0,
698,0x7ff628f07ac0,0x197ac0,4410634,0x434d0a,
699,0x7ff628f07c30,0x197c30,4410694,0x434d46,
700,0x7ff628f07de0,0x197de0,4410719,0x434d5f,
701,0x7ff628f07ef0,0x197ef0,4410800,0x434db0,
702,0x7ff628f080b0,0x1980b0,4410857,0x434de9,
703,0x7ff628dc6040,0x56040,4410862,0x434dee,
704,0x7ff628dc6040,0x56040,4410867,0x434df3,
705,0x7ff628f08250,0x198250,4410926,0x434e2e,
706,0x7ff628f08400,0x198400,4410951,0x434e47,
707,0x7ff628f08510,0x198510,4411300,0x434fa4,
708,0x7ff628f08bb0,0x198bb0,4411336,0x434fc8,
709,0x7ff628f08d00,0x198d00,4411361,0x434fe1,
710,0x7ff628f08e10,0x198e10,4411393,0x435001,
711,0x7ff628f08ef0,0x198ef0,4411455,0x43503f,
712,0x7ff628f090f0,0x1990f0,4411590,0x4350c6,
713,0x7ff628dc6040,0x56040,4411595,0x4350cb,
714,0x7ff628f093a0,0x1993a0,4411705,0x435139,
715,0x7ff628f095e0,0x1995e0,4411811,0x4351a3,
716,0x7ff628f098a0,0x1998a0,4411837,0x4351bd,
717,0x7ff628f09990,0x199990,4411984,0x435250,
718,0x7ff628f09d10,0x199d10,4412010,0x43526a,
719,0x7ff628f09de0,0x199de0,4412735,0x43553f,
720,0x7ff628f0ae30,0x19ae30,4412912,0x4355f0,
721,0x7ff628f0b250,0x19b250,4413296,0x435770,
722,0x7ff628f0ba00,0x19ba00,4413321,0x435789,
723,0x7ff628f0bac0,0x19bac0,4414849,0x435d81,battle_loop
724,0x7ff628f0cf70,0x19cf70,4418139,0x436a5b,
725,0x7ff628f10960,0x1a0960,4418331,0x436b1b,
726,0x7ff628f10d30,0x1a0d30,4418436,0x436b84,
727,0x7ff628f10f80,0x1a0f80,4418608,0x436c30,
728,0x7ff628f112e0,0x1a12e0,4418635,0x436c4b,
729,0x7ff628f113a0,0x1a13a0,4418662,0x436c66,
730,0x7ff628f11460,0x1a1460,4418741,0x436cb5,
731,0x7ff628f11640,0x1a1640,4418802,0x436cf2,
732,0x7ff628f117b0,0x1a17b0,4418983,0x436da7,
733,0x7ff628f11c00,0x1a1c00,4419071,0x436dff,
734,0x7ff628f11e00,0x1a1e00,4419093,0x436e15,
735,0x7ff628f11ed0,0x1a1ed0,4419164,0x436e5c,
736,0x7ff628f120f0,0x1a20f0,4419218,0x436e92,
737,0x7ff628f12270,0x1a2270,4419252,0x436eb4,
738,0x7ff628f12330,0x1a2330,4419284,0x436ed4,
739,0x7ff628f123c0,0x1a23c0,4419311,0x436eef,
740,0x7ff628f12480,0x1a2480,4419434,0x436f6a,
741,0x7ff628f12770,0x1a2770,4419730,0x437092,
742,0x7ff628f12d20,0x1a2d20,4419889,0x437131,
743,0x7ff628f12ef0,0x1a2ef0,4419973,0x437185,
744,0x7ff628f13100,0x1a3100,4420092,0x4371fc,
745,0x7ff628f13400,0x1a3400,4420272,0x4372b0,
746,0x7ff628f13820,0x1a3820,4420348,0x4372fc,
747,0x7ff628f13980,0x1a3980,4420371,0x437313,
748,0x7ff628f13a80,0x1a3a80,4420401,0x437331,
749,0x7ff628f13b30,0x1a3b30,4420446,0x43735e,
750,0x7ff628dc6040,0x56040,4420464,0x437370,
751,0x7ff628f13c50,0x1a3c50,4420619,0x43740b,
752,0x7ff628f13f50,0x1a3f50,4420640,0x437420,
753,0x7ff628f14000,0x1a4000,4420737,0x437481,
754,0x7ff628f14230,0x1a4230,4420870,0x437506,
755,0x7ff628f14510,0x1a4510,4420931,0x437543,
756,0x7ff628f14690,0x1a4690,4421002,0x43758a,
757,0x7ff628f148c0,0x1a48c0,4421070,0x4375ce,
758,0x7ff628f14a40,0x1a4a40,4421178,0x43763a,
759,0x7ff628f14c50,0x1a4c50,4421241,0x437679,
760,0x7ff628f14db0,0x1a4db0,4421652,0x437814,
761,0x7ff628f15650,0x1a5650,4422078,0x4379be,
762,0x7ff628f160e0,0x1a60e0,4422990,0x437d4e,
763,0x7ff628f17360,0x1a7360,4423088,0x437db0,
764,0x7ff628f175a0,0x1a75a0,4424149,0x4381d5,
765,0x7ff628f187e0,0x1a87e0,4424693,0x4383f5,
766,0x7ff628f190f0,0x1a90f0,4425164,0x4385cc,
767,0x7ff628f19ab0,0x1a9ab0,4425232,0x438610,
768,0x7ff628f19c30,0x1a9c30,4425376,0x4386a0,
769,0x7ff628f19f70,0x1a9f70,4425486,0x43870e,
770,0x7ff628f1a250,0x1aa250,4425838,0x43886e,
771,0x7ff628f1aa70,0x1aaa70,4426166,0x4389b6,
772,0x7ff628f1b1e0,0x1ab1e0,4426724,0x438be4,
773,0x7ff628f1c050,0x1ac050,4426806,0x438c36,
774,0x7ff628f1c270,0x1ac270,4426837,0x438c55,
775,0x7ff628f1c380,0x1ac380,4426880,0x438c80,
776,0x7ff628f1c4c0,0x1ac4c0,4427024,0x438d10,
777,0x7ff628f1c800,0x1ac800,4427058,0x438d32,
778,0x7ff628f1c8f0,0x1ac8f0,4427155,0x438d93,
779,0x7ff628f1cb10,0x1acb10,4427664,0x438f90,
780,0x7ff628f1d650,0x1ad650,4427936,0x4390a0,
781,0x7ff628f1db30,0x1adb30,4427970,0x4390c2,
782,0x7ff628f1dc20,0x1adc20,4428016,0x4390f0,
783,0x7ff628f1dd10,0x1add10,4428160,0x439180,
784,0x7ff628f1e050,0x1ae050,4428220,0x4391bc,
785,0x7ff628f1e1f0,0x1ae1f0,4428557,0x43930d,
786,0x7ff628f1e8c0,0x1ae8c0,4428671,0x43937f,
787,0x7ff628f1eba0,0x1aeba0,4429202,0x439592,
788,0x7ff628f1f6f0,0x1af6f0,4429684,0x439774,
789,0x7ff628f20220,0x1b0220,4430087,0x439907,
790,0x7ff628f20ac0,0x1b0ac0,4430150,0x439946,
791,0x7ff628f20cb0,0x1b0cb0,4430213,0x439985,
792,0x7ff628f20ea0,0x1b0ea0,4430336,0x439a00,
793,0x7ff628f21220,0x1b1220,4430705,0x439b71,
794,0x7ff628f21910,0x1b1910,4430726,0x439b86,
795,0x7ff628f219f0,0x1b19f0,4430955,0x439c6b,
796,0x7ff628f21ec0,0x1b1ec0,4431520,0x439ea0,
797,0x7ff628f22850,0x1b2850,4431584,0x439ee0,
798,0x7ff628f22a20,0x1b2a20,4435458,0x43ae02,
799,0x7ff628f27e90,0x1b7e90,4435516,0x43ae3c,
800,0x7ff628f28080,0x1b8080,4435739,0x43af1b,
801,0x7ff628f285f0,0x1b85f0,4443213,0x43cc4d,
802,0x7ff628f2f9c0,0x1bf9c0,4443404,0x43cd0c,
803,0x7ff628f2fde0,0x1bfde0,4443616,0x43cde0,
804,0x7ff628f30280,0x1c0280,4444205,0x43d02d,
805,0x7ff628f30e40,0x1c0e40,4444417,0x43d101,
806,0x7ff628f31220,0x1c1220,4444542,0x43d17e,
807,0x7ff628f31530,0x1c1530,4445407,0x43d4df,
808,0x7ff628f329f0,0x1c29f0,4445780,0x43d654,
809,0x7ff628f331f0,0x1c31f0,4446014,0x43d73e,
810,0x7ff628f336a0,0x1c36a0,4446354,0x43d892,
811,0x7ff628f33d90,0x1c3d90,4446596,0x43d984,
812,0x7ff628f34290,0x1c4290,4447025,0x43db31,
813,0x7ff628f34bc0,0x1c4bc0,4447373,0x43dc8d,
814,0x7ff628f35280,0x1c5280,4447920,0x43deb0,
815,0x7ff628f35c90,0x1c5c90,4448296,0x43e028,
816,0x7ff628f363a0,0x1c63a0,4448949,0x43e2b5,
817,0x7ff628f36f20,0x1c6f20,4449548,0x43e50c,
818,0x7ff628f37d10,0x1c7d10,4450398,0x43e85e,
819,0x7ff628f38e70,0x1c8e70,4450658,0x43e962,
820,0x7ff628f394d0,0x1c94d0,4450905,0x43ea59,
821,0x7ff628f39a20,0x1c9a20,4451409,0x43ec51,
822,0x7ff628f3a580,0x1ca580,4452432,0x43f050,
823,0x7ff628f3c050,0x1cc050,4452639,0x43f11f,
824,0x7ff628f3c6c0,0x1cc6c0,4453038,0x43f2ae,
825,0x7ff628f3d120,0x1cd120,4453542,0x43f4a6,
826,0x7ff628f3dc80,0x1cdc80,4453788,0x43f59c,
827,0x7ff628f3e160,0x1ce160,4453982,0x43f65e,
828,0x7ff628f3e560,0x1ce560,4454221,0x43f74d,
829,0x7ff628f3ea20,0x1cea20,4455078,0x43faa6,
830,0x7ff628f3fbf0,0x1cfbf0,4455285,0x43fb75,
831,0x7ff628f402d0,0x1d02d0,4455943,0x43fe07,
832,0x7ff628f41050,0x1d1050,4456607,0x44009f,
833,0x7ff628f41f00,0x1d1f00,4456893,0x4401bd,
834,0x7ff628f42520,0x1d2520,4457173,0x4402d5,
835,0x7ff628f42b70,0x1d2b70,4457419,0x4403cb,
836,0x7ff628f43100,0x1d3100,4457726,0x4404fe,
837,0x7ff628f43750,0x1d3750,4458065,0x440651,
838,0x7ff628f43e20,0x1d3e20,4458394,0x44079a,
839,0x7ff628f444a0,0x1d44a0,4458570,0x44084a,
840,0x7ff628f44a70,0x1d4a70,4459116,0x440a6c,
841,0x7ff628f45700,0x1d5700,4459554,0x440c22,
842,0x7ff628f45ed0,0x1d5ed0,4459765,0x440cf5,
843,0x7ff628f46340,0x1d6340,4460012,0x440dec,
844,0x7ff628f46890,0x1d6890,4460237,0x440ecd,
845,0x7ff628f46d70,0x1d6d70,4460542,0x440ffe,
846,0x7ff628f473e0,0x1d73e0,4460902,0x441166,
847,0x7ff628f47b10,0x1d7b10,4461429,0x441375,
848,0x7ff628f48680,0x1d8680,4462187,0x44166b,
849,0x7ff628f49940,0x1d9940,4462669,0x44184d,
850,0x7ff628f4a390,0x1da390,4463015,0x4419a7,
851,0x7ff628f4aaa0,0x1daaa0,4463742,0x441c7e,
852,0x7ff628f4bbd0,0x1dbbd0,4463971,0x441d63,
853,0x7ff628f4c080,0x1dc080,4464796,0x44209c,
854,0x7ff628f4d280,0x1dd280,4465017,0x442179,
855,0x7ff628f4d6c0,0x1dd6c0,4465363,0x4422d3,
856,0x7ff628f4dd70,0x1ddd70,4465505,0x442361,
857,0x7ff628f4e180,0x1de180,4465657,0x4423f9,
858,0x7ff628f4e660,0x1de660,4465916,0x4424fc,
859,0x7ff628f4ecb0,0x1decb0,4467026,0x442952,
860,0x7ff628f509e0,0x1e09e0,4467120,0x4429b0,
861,0x7ff628f50b60,0x1e0b60,4467264,0x442a40,
862,0x7ff628f50ea0,0x1e0ea0,4467294,0x442a5e,
863,0x7ff628f50fa0,0x1e0fa0,4467559,0x442b67,
864,0x7ff628f514b0,0x1e14b0,4470141,0x44357d,
865,0x7ff628f54950,0x1e4950,4470376,0x443668,
866,0x7ff628f54e20,0x1e4e20,4470614,0x443756,
867,0x7ff628f552f0,0x1e52f0,4470878,0x44385e,
868,0x7ff628f55950,0x1e5950,4471343,0x443a2f,
869,0x7ff628f56230,0x1e6230,4472105,0x443d29,
870,0x7ff628f57210,0x1e7210,4472568,0x443ef8,
871,0x7ff628f57c70,0x1e7c70,4472979,0x444093,
872,0x7ff628f58610,0x1e8610,4473430,0x444256,
873,0x7ff628f58fa0,0x1e8fa0,4474161,0x444531,
874,0x7ff628f59f00,0x1e9f00,4474524,0x44469c,
875,0x7ff628f5a6d0,0x1ea6d0,4474672,0x444730,
876,0x7ff628f5a9e0,0x1ea9e0,4474816,0x4447c0,
877,0x7ff628f5ad20,0x1ead20,4474842,0x4447da,
878,0x7ff628f5ae20,0x1eae20,4475003,0x44487b,
879,0x7ff628f5b100,0x1eb100,4475094,0x4448d6,
880,0x7ff628f5b2c0,0x1eb2c0,4477916,0x4453dc,
881,0x7ff628f5f000,0x1ef000,4479156,0x4458b4,
882,0x7ff628f609a0,0x1f09a0,4479295,0x44593f,
883,0x7ff628f60dd0,0x1f0dd0,4479904,0x445ba0,
884,0x7ff628f61d30,0x1f1d30,4480431,0x445daf,
885,0x7ff628f62980,0x1f2980,4481456,0x4461b0,
886,0x7ff628f63e20,0x1f3e20,4482411,0x44656b,
887,0x7ff628f65150,0x1f5150,4483366,0x446926,
888,0x7ff628f66480,0x1f6480,4484907,0x446f2b,
889,0x7ff628f687e0,0x1f87e0,4486357,0x4474d5,
890,0x7ff628f6a980,0x1fa980,4487856,0x447ab0,
891,0x7ff628f6cb60,0x1fcb60,4488017,0x447b51,
892,0x7ff628f6cec0,0x1fcec0,4488053,0x447b75,
893,0x7ff628f6cfc0,0x1fcfc0,4488089,0x447b99,
894,0x7ff628f6d0d0,0x1fd0d0,4488234,0x447c2a,
895,0x7ff628f6d3a0,0x1fd3a0,4488376,0x447cb8,
896,0x7ff628f6d600,0x1fd600,4489554,0x448152,
897,0x7ff628f6edc0,0x1fedc0,4489969,0x4482f1,
898,0x7ff628f6f760,0x1ff760,4490274,0x448422,
899,0x7ff628f6fda0,0x1ffda0,4491474,0x4488d2,
900,0x7ff628f71640,0x201640,4491872,0x448a60,
901,0x7ff628f71fa0,0x201fa0,4492016,0x448af0,
902,0x7ff628f722e0,0x2022e0,4492042,0x448b0a,
903,0x7ff628f724e0,0x2024e0,4492107,0x448b4b,
904,0x7ff628f72620,0x202620,4492198,0x448ba6,
905,0x7ff628f727e0,0x2027e0,4494236,0x44939c,
906,0x7ff628f75130,0x205130,4494586,0x4494fa,
907,0x7ff628f75990,0x205990,4495186,0x449752,
908,0x7ff628f76840,0x206840,4495601,0x4498f1,
909,0x7ff628f771e0,0x2071e0,4496394,0x449c0a,
910,0x7ff628f78230,0x208230,4496599,0x449cd7,
911,0x7ff628f788e0,0x2088e0,4496851,0x449dd3,
912,0x7ff628f78ea0,0x208ea0,4497304,0x449f98,
913,0x7ff628f79aa0,0x209aa0,4497753,0x44a159,
914,0x7ff628f7a530,0x20a530,4498165,0x44a2f5,
915,0x7ff628f7ad40,0x20ad40,4498704,0x44a510,
916,0x7ff628f7ba10,0x20ba10,4498848,0x44a5a0,
917,0x7ff628f7bd50,0x20bd50,4499046,0x44a666,
918,0x7ff628f7c140,0x20c140,4499225,0x44a719,
919,0x7ff628f7c530,0x20c530,4499346,0x44a792,
920,0x7ff628f7c720,0x20c720,4499410,0x44a7d2,
921,0x7ff628f7c8f0,0x20c8f0,4503428,0x44b784,
922,0x7ff628f82270,0x212270,4503486,0x44b7be,
923,0x7ff628f82460,0x212460,4503722,0x44b8aa,
924,0x7ff628f82a00,0x212a00,4503925,0x44b975,
925,0x7ff628f82fe0,0x212fe0,4504686,0x44bc6e,
926,0x7ff628f83ac0,0x213ac0,4504765,0x44bcbd,
927,0x7ff628f83ce0,0x213ce0,4505062,0x44bde6,
928,0x7ff628f844d0,0x2144d0,4505277,0x44bebd,
929,0x7ff628f847e0,0x2147e0,4505797,0x44c0c5,
930,0x7ff628f85280,0x215280,4506681,0x44c439,
931,0x7ff628f862f0,0x2162f0,4508955,0x44cd1b,
932,0x7ff628f89b50,0x219b50,4511374,0x44d68e,
933,0x7ff628f8d6e0,0x21d6e0,4511531,0x44d72b,
934,0x7ff628f8db20,0x21db20,4511723,0x44d7eb,
935,0x7ff628f8e020,0x21e020,4512163,0x44d9a3,
936,0x7ff628f8e8b0,0x21e8b0,4512331,0x44da4b,
937,0x7ff628f8ecb0,0x21ecb0,4512448,0x44dac0,
938,0x7ff628f8ef80,0x21ef80,4512667,0x44db9b,
939,0x7ff628f8f380,0x21f380,4512712,0x44dbc8,
940,0x7ff628f8f4b0,0x21f4b0,4513063,0x44dd27,
941,0x7ff628f8fb70,0x21fb70,4513308,0x44de1c,
942,0x7ff628f90150,0x220150,4514512,0x44e2d0,
943,0x7ff628f91f90,0x221f90,4514771,0x44e3d3,
944,0x7ff628f924b0,0x2224b0,4515128,0x44e538,
945,0x7ff628f92b30,0x222b30,4515179,0x44e56b,
946,0x7ff628f92c30,0x222c30,4515516,0x44e6bc,
947,0x7ff628f93260,0x223260,4515561,0x44e6e9,
948,0x7ff628f93390,0x223390,4515853,0x44e80d,
949,0x7ff628f93960,0x223960,4516210,0x44e972,
950,0x7ff628f93fe0,0x223fe0,4516880,0x44ec10,
951,0x7ff628f94b70,0x224b70,4517041,0x44ecb1,
952,0x7ff628f94ed0,0x224ed0,4517120,0x44ed00,
953,0x7ff628f95130,0x225130,4517248,0x44ed80,
954,0x7ff628f95320,0x225320,4517312,0x44edc0,
955,0x7ff628f954f0,0x2254f0,4521330,0x44fd72,
956,0x7ff628f9ae70,0x22ae70,4521388,0x44fdac,
957,0x7ff628f82460,0x212460,4521624,0x44fe98,
958,0x7ff628f82a00,0x212a00,4521827,0x44ff63,
959,0x7ff628f9b060,0x22b060,4522173,0x4500bd,
960,0x7ff628f9b6f0,0x22b6f0,4522614,0x450276,
961,0x7ff628f9bdf0,0x22bdf0,4522829,0x45034d,
962,0x7ff628f9c0f0,0x22c0f0,4523126,0x450476,
963,0x7ff628f9c710,0x22c710,4524209,0x4508b1,
964,0x7ff628f9db80,0x22db80,4524441,0x450999,
965,0x7ff628f9e0f0,0x22e0f0,4524534,0x4509f6,
966,0x7ff628f9e310,0x22e310,4525890,0x450f42,
967,0x7ff628f9fdf0,0x22fdf0,4526289,0x4510d1,
968,0x7ff628fa0600,0x230600,4526977,0x451381,
969,0x7ff628fa14b0,0x2314b0,4527423,0x45153f,
970,0x7ff628fa1d80,0x231d80,4527656,0x451628,
971,0x7ff628fa22d0,0x2322d0,4528362,0x4518ea,
972,0x7ff628fa3300,0x233300,4528539,0x45199b,
973,0x7ff628fa35f0,0x2335f0,4528802,0x451aa2,
974,0x7ff628fa3c10,0x233c10,4529316,0x451ca4,
975,0x7ff628fa45a0,0x2345a0,4530208,0x452020,
976,0x7ff628fa5960,0x235960,4530369,0x4520c1,
977,0x7ff628fa5cc0,0x235cc0,4530544,0x452170,
978,0x7ff628fa60f0,0x2360f0,4530797,0x45226d,
979,0x7ff628fa6560,0x236560,4530861,0x4522ad,
980,0x7ff628fa6730,0x236730,4534879,0x45325f,
981,0x7ff628fac0b0,0x23c0b0,4534937,0x453299,
982,0x7ff628f82460,0x212460,4535173,0x453385,
983,0x7ff628f82a00,0x212a00,4535376,0x453450,
984,0x7ff628fac2a0,0x23c2a0,4536037,0x4536e5,
985,0x7ff628faccd0,0x23ccd0,4536361,0x453829,
986,0x7ff628fad430,0x23d430,4538303,0x453fbf,
987,0x7ff628fafdb0,0x23fdb0,4538823,0x4541c7,
988,0x7ff628fb0820,0x240820,4541670,0x454ce6,
989,0x7ff628fb4be0,0x244be0,4542476,0x45500c,
990,0x7ff628fb5aa0,0x245aa0,4542672,0x4550d0,
991,0x7ff628fb5f10,0x245f10,4543001,0x455219,
992,0x7ff628fb6470,0x246470,4543447,0x4553d7,
993,0x7ff628fb6d10,0x246d10,4543534,0x45542e,
994,0x7ff628fb6f30,0x246f30,4543851,0x45556b,
995,0x7ff628fb74f0,0x2474f0,4544149,0x455695,
996,0x7ff628fb7bb0,0x247bb0,4544288,0x455720,
997,0x7ff628fb7f10,0x247f10,4544944,0x4559b0,
998,0x7ff628fb8aa0,0x248aa0,4545088,0x455a40,
999,0x7ff628fb8de0,0x248de0,4545114,0x455a5a,
1000,0x7ff628fb9040,0x249040,4545167,0x455a8f,
1001,0x7ff628fb91d0,0x2491d0,4545343,0x455b3f,
1002,0x7ff628fb9510,0x249510,4545472,0x455bc0,
1003,0x7ff628fb9830,0x249830,4546070,0x455e16,
1004,0x7ff628fba590,0x24a590,4546443,0x455f8b,
1005,0x7ff628fbadc0,0x24adc0,4547274,0x4562ca,
1006,0x7ff628fbc060,0x24c060,4549040,0x4569b0,
1007,0x7ff628fbeeb0,0x24eeb0,4550567,0x456fa7,
1008,0x7ff628fc1480,0x251480,4550720,0x457040,
1009,0x7ff628fc1800,0x251800,4550864,0x4570d0,
1010,0x7ff628fc1b40,0x251b40,4550894,0x4570ee,
1011,0x7ff628fc1d40,0x251d40,4550927,0x45710f,
1012,0x7ff628fc1e70,0x251e70,4550984,0x457148,
1013,0x7ff628fc1ff0,0x251ff0,4551414,0x4572f6,
1014,0x7ff628fc2900,0x252900,4551696,0x457410,
1015,0x7ff628fc2fb0,0x252fb0,4551840,0x4574a0,
1016,0x7ff628fc32f0,0x2532f0,4551866,0x4574ba,
1017,0x7ff628fc3550,0x253550,4551928,0x4574f8,
1018,0x7ff628fc36e0,0x2536e0,4552143,0x4575cf,
1019,0x7ff628fc3bd0,0x253bd0,4552468,0x457714,
1020,0x7ff628fc4390,0x254390,4552944,0x4578f0,
1021,0x7ff628fc4d90,0x254d90,4553360,0x457a90,
1022,0x7ff628fc5600,0x255600,4553504,0x457b20,
1023,0x7ff628fc5940,0x255940,4553548,0x457b4c,
1024,0x7ff628fc5a50,0x255a50,4553760,0x457c20,
1025,0x7ff628fc5e30,0x255e30,4553824,0x457c60,
1026,0x7ff628fc6000,0x256000,4557698,0x458b82,
1027,0x7ff628fcb470,0x25b470,4557756,0x458bbc,
1028,0x7ff628f28080,0x1b8080,4557979,0x458c9b,
1029,0x7ff628fcb660,0x25b660,4558214,0x458d86,
1030,0x7ff628fcbab0,0x25bab0,4559778,0x4593a2,
1031,0x7ff628fcdbe0,0x25dbe0,4559942,0x459446,
1032,0x7ff628fcdf70,0x25df70,4560327,0x4595c7,
1033,0x7ff628fce740,0x25e740,4561228,0x45994c,
1034,0x7ff628fcfa40,0x25fa40,4561471,0x459a3f,
1035,0x7ff628fd0030,0x260030,4561682,0x459b12,
1036,0x7ff628fd04c0,0x2604c0,4562069,0x459c95,
1037,0x7ff628fd0de0,0x260de0,4562429,0x459dfd,
1038,0x7ff628fd1620,0x261620,4562723,0x459f23,
1039,0x7ff628fd1c60,0x261c60,4563089,0x45a091,
1040,0x7ff628fd2400,0x262400,4563343,0x45a18f,
1041,0x7ff628fd2970,0x262970,4563648,0x45a2c0,
1042,0x7ff628fd2ff0,0x262ff0,4563792,0x45a350,
1043,0x7ff628fd3330,0x263330,4563820,0x45a36c,
1044,0x7ff628fd3430,0x263430,4563891,0x45a3b3,
1045,0x7ff628fd36d0,0x2636d0,4564407,0x45a5b7,
1046,0x7ff628fd41e0,0x2641e0,4564459,0x45a5eb,
1047,0x7ff628fd4320,0x264320,4564565,0x45a655,
1048,0x7ff628fd4590,0x264590,4564646,0x45a6a6,
1049,0x7ff628fd4780,0x264780,4565400,0x45a998,
1050,0x7ff628fd5660,0x265660,4565861,0x45ab65,
1051,0x7ff628fd6220,0x266220,4565930,0x45abaa,
1052,0x7ff628fd63f0,0x2663f0,4566512,0x45adf0,
1053,0x7ff628fd71a0,0x2671a0,4566656,0x45ae80,
1054,0x7ff628fd74e0,0x2674e0,4566694,0x45aea6,
1055,0x7ff628fd7790,0x267790,4566760,0x45aee8,
1056,0x7ff628fd7960,0x267960,4566841,0x45af39,
1057,0x7ff628fd7b50,0x267b50,4567247,0x45b0cf,
1058,0x7ff628fd8300,0x268300,4568199,0x45b487,
1059,0x7ff628fd99f0,0x2699f0,4568408,0x45b558,
1060,0x7ff628fd9ea0,0x269ea0,4569248,0x45b8a0,
1061,0x7ff628fdb0f0,0x26b0f0,4569392,0x45b930,
1062,0x7ff628fdb430,0x26b430,4569445,0x45b965,
1063,0x7ff628fdb550,0x26b550,4569498,0x45b99a,
1064,0x7ff628fdb670,0x26b670,4569551,0x45b9cf,
1065,0x7ff628fdb810,0x26b810,4569644,0x45ba2c,
1066,0x7ff628fdba60,0x26ba60,4570245,0x45bc85,
1067,0x7ff628fdc9b0,0x26c9b0,4570434,0x45bd42,
1068,0x7ff628fdcd60,0x26cd60,4570712,0x45be58,
1069,0x7ff628fdd480,0x26d480,4571184,0x45c030,
1070,0x7ff628fddd40,0x26dd40,4571328,0x45c0c0,
1071,0x7ff628fde080,0x26e080,4571477,0x45c155,
1072,0x7ff628fde350,0x26e350,4571626,0x45c1ea,
1073,0x7ff628fde620,0x26e620,4571747,0x45c263,
1074,0x7ff628fde810,0x26e810,4572311,0x45c497,
1075,0x7ff628fdf260,0x26f260,4572405,0x45c4f5,
1076,0x7ff628fdf560,0x26f560,4573074,0x45c792,
1077,0x7ff628fe0480,0x270480,4573799,0x45ca67,
1078,0x7ff628fe14d0,0x2714d0,4574006,0x45cb36,
1079,0x7ff628fe19e0,0x2719e0,4574450,0x45ccf2,
1080,0x7ff628fe2430,0x272430,4574954,0x45ceea,
1081,0x7ff628fe2fa0,0x272fa0,4575018,0x45cf2a,
1082,0x7ff628fe3170,0x273170,4578958,0x45de8e,
1083,0x7ff628fe8670,0x278670,4579016,0x45dec8,
1084,0x7ff628f82460,0x212460,4579252,0x45dfb4,
1085,0x7ff628fe8860,0x278860,4579382,0x45e036,
1086,0x7ff628fe8ae0,0x278ae0,4579447,0x45e077,
1087,0x7ff628fe8c20,0x278c20,4580163,0x45e343,
1088,0x7ff628fe9b90,0x279b90,4580302,0x45e3ce,
1089,0x7ff628fea000,0x27a000,4581276,0x45e79c,
1090,0x7ff628feafd0,0x27afd0,4582895,0x45edef,
1091,0x7ff628fed050,0x27d050,4583064,0x45ee98,
1092,0x7ff628fed560,0x27d560,4583174,0x45ef06,
1093,0x7ff628fed930,0x27d930,4583783,0x45f167,
1094,0x7ff628fee890,0x27e890,4584497,0x45f431,
1095,0x7ff628fefaa0,0x27faa0,4584617,0x45f4a9,
1096,0x7ff628fefed0,0x27fed0,4585895,0x45f9a7,
1097,0x7ff628ff1d80,0x281d80,4587356,0x45ff5c,
1098,0x7ff628ff40a0,0x2840a0,4588120,0x460258,
1099,0x7ff628ff4ea0,0x284ea0,4588291,0x460303,
1100,0x7ff628ff5380,0x285380,4589408,0x460760,
1101,0x7ff628ff6d30,0x286d30,4590109,0x460a1d,
1102,0x7ff628ff8090,0x288090,4590986,0x460d8a,
1103,0x7ff628ff9500,0x289500,4591060,0x460dd4,
1104,0x7ff628ff9740,0x289740,4591558,0x460fc6,
1105,0x7ff628ffa140,0x28a140,4592766,0x46147e,
1106,0x7ff628ffbe80,0x28be80,4593057,0x4615a1,
1107,0x7ff628ffc700,0x28c700,4593109,0x4615d5,
1108,0x7ff628ffc850,0x28c850,4593134,0x4615ee,
1109,0x7ff628ffc900,0x28c900,4593248,0x461660,
1110,0x7ff628ffcb10,0x28cb10,4593392,0x4616f0,
1111,0x7ff628ffce50,0x28ce50,4593420,0x46170c,
1112,0x7ff628ffcf50,0x28cf50,4593575,0x4617a7,
1113,0x7ff628ffd230,0x28d230,4593769,0x461869,
1114,0x7ff628ffd5e0,0x28d5e0,4593857,0x4618c1,
1115,0x7ff628ffd8b0,0x28d8b0,4595151,0x461dcf,
1116,0x7ff628fff810,0x28f810,4596831,0x46245f,
1117,0x7ff629001cc0,0x291cc0,4598330,0x462a3a,
1118,0x7ff628f78230,0x208230,4598535,0x462b07,
1119,0x7ff6290040c0,0x2940c0,4599365,0x462e45,
1120,0x7ff629005360,0x295360,4599457,0x462ea1,
1121,0x7ff629005670,0x295670,4600494,0x4632ae,
1122,0x7ff629006e40,0x296e40,4600718,0x46338e,
1123,0x7ff629007340,0x297340,4601404,0x46363c,
1124,0x7ff6290083b0,0x2983b0,4603472,0x463e50,
1125,0x7ff62900b6a0,0x29b6a0,4603616,0x463ee0,
1126,0x7ff62900b9e0,0x29b9e0,4603639,0x463ef7,
1127,0x7ff62900bbf0,0x29bbf0,4603714,0x463f42,
1128,0x7ff62900bd40,0x29bd40,4604014,0x46406e,
1129,0x7ff62900c280,0x29c280,4606304,0x464960,
1130,0x7ff62900f650,0x29f650,4606570,0x464a6a,
1131,0x7ff62900fc40,0x29fc40,4606893,0x464bad,
1132,0x7ff629010410,0x2a0410,4607757,0x464f0d,
1133,0x7ff6290119f0,0x2a19f0,4608978,0x4653d2,
1134,0x7ff6290132c0,0x2a32c0,4609621,0x465655,
1135,0x7ff629014220,0x2a4220,4609962,0x4657aa,
1136,0x7ff629014940,0x2a4940,4610208,0x4658a0,
1137,0x7ff629014e70,0x2a4e70,4610352,0x465930,
1138,0x7ff6290151b0,0x2a51b0,4610378,0x46594a,
1139,0x7ff629015370,0x2a5370,4610413,0x46596d,
1140,0x7ff629015450,0x2a5450,4610601,0x465a29,
1141,0x7ff629015850,0x2a5850,4610864,0x465b30,
1142,0x7ff629015d90,0x2a5d90,4611008,0x465bc0,
1143,0x7ff6290160d0,0x2a60d0,4611034,0x465bda,
1144,0x7ff6290162b0,0x2a62b0,4611062,0x465bf6,
1145,0x7ff6290163c0,0x2a63c0,4611251,0x465cb3,
1146,0x7ff6290167b0,0x2a67b0,4611665,0x465e51,
1147,0x7ff629017020,0x2a7020,4611952,0x465f70,
1148,0x7ff6290176e0,0x2a76e0,4612096,0x466000,
1149,0x7ff629017a20,0x2a7a20,4612134,0x466026,
1150,0x7ff629017c60,0x2a7c60,4612195,0x466063,
1151,0x7ff629017db0,0x2a7db0,4612521,0x4661a9,
1152,0x7ff629018420,0x2a8420,4613289,0x4664a9,
1153,0x7ff629019230,0x2a9230,4613421,0x46652d,
1154,0x7ff629019520,0x2a9520,4613636,0x466604,
1155,0x7ff629019a20,0x2a9a20,4614151,0x466807,
1156,0x7ff62901a530,0x2aa530,4614544,0x466990,
1157,0x7ff62901ac50,0x2aac50,4614705,0x466a31,
1158,0x7ff62901afb0,0x2aafb0,4614743,0x466a57,
1159,0x7ff62901b180,0x2ab180,4614778,0x466a7a,
1160,0x7ff62901b270,0x2ab270,4615378,0x466cd2,
1161,0x7ff62901bdc0,0x2abdc0,4616607,0x46719f,
1162,0x7ff62901d600,0x2ad600,4616790,0x467256,
1163,0x7ff62901db60,0x2adb60,4617130,0x4673aa,
1164,0x7ff62901e390,0x2ae390,4617360,0x467490,
1165,0x7ff62901e880,0x2ae880,4617504,0x467520,
1166,0x7ff62901ebc0,0x2aebc0,4617532,0x46753c,
1167,0x7ff62901edb0,0x2aedb0,4617560,0x467558,
1168,0x7ff62901eec0,0x2aeec0,4617613,0x46758d,
1169,0x7ff62901eff0,0x2aeff0,4618631,0x467987,
1170,0x7ff6290200b0,0x2b00b0,4619176,0x467ba8,
1171,0x7ff629020c50,0x2b0c50,4619403,0x467c8b,
1172,0x7ff6290210d0,0x2b10d0,4619988,0x467ed4,
1173,0x7ff629021d40,0x2b1d40,4620309,0x468015,
1174,0x7ff629022310,0x2b2310,4620822,0x468216,
1175,0x7ff629022d60,0x2b2d60,4621808,0x4685f0,
1176,0x7ff629023ef0,0x2b3ef0,4621969,0x468691,
1177,0x7ff629024250,0x2b4250,4622117,0x468725,
1178,0x7ff629024460,0x2b4460,4622434,0x468862,
1179,0x7ff6290249e0,0x2b49e0,4622498,0x4688a2,
1180,0x7ff629024bb0,0x2b4bb0,4626408,0x4697e8,
1181,0x7ff62902a040,0x2ba040,4626466,0x469822,
1182,0x7ff62902a230,0x2ba230,4626671,0x4698ef,
1183,0x7ff62902a740,0x2ba740,4627068,0x469a7c,
1184,0x7ff62902ae50,0x2bae50,4627429,0x469be5,
1185,0x7ff62902b4f0,0x2bb4f0,4628282,0x469f3a,
1186,0x7ff62902c460,0x2bc460,4628403,0x469fb3,
1187,0x7ff62902c6c0,0x2bc6c0,4628641,0x46a0a1,
1188,0x7ff62902cc00,0x2bcc00,4628812,0x46a14c,
1189,0x7ff628dc6040,0x56040,4628817,0x46a151,
1190,0x7ff628dc6040,0x56040,4628822,0x46a156,
1191,0x7ff62902cf40,0x2bcf40,4630127,0x46a66f,
1192,0x7ff62902e600,0x2be600,4630458,0x46a7ba,
1193,0x7ff628dc6040,0x56040,4630463,0x46a7bf,
1194,0x7ff62902eee0,0x2beee0,4630672,0x46a890,
1195,0x7ff62902f3a0,0x2bf3a0,4630921,0x46a989,
1196,0x7ff62902f9c0,0x2bf9c0,4631296,0x46ab00,
1197,0x7ff629030100,0x2c0100,4631997,0x46adbd,
1198,0x7ff629031010,0x2c1010,4632949,0x46b175,
1199,0x7ff629032300,0x2c2300,4633613,0x46b40d,
1200,0x7ff629032f90,0x2c2f90,4633969,0x46b571,
1201,0x7ff6290337f0,0x2c37f0,4634099,0x46b5f3,
1202,0x7ff629033ad0,0x2c3ad0,4634170,0x46b63a,
1203,0x7ff629033c90,0x2c3c90,4634304,0x46b6c0,
1204,0x7ff629033f70,0x2c3f70,4634448,0x46b750,
1205,0x7ff6290342b0,0x2c42b0,4634717,0x46b85d,
1206,0x7ff6290345a0,0x2c45a0,4635147,0x46ba0b,
1207,0x7ff629034e30,0x2c4e30,4639218,0x46c9f2,
1208,0x7ff6290397a0,0x2c97a0,4639581,0x46cb5d,
1209,0x7ff62903a030,0x2ca030,4639944,0x46ccc8,
1210,0x7ff62903a8c0,0x2ca8c0,4640310,0x46ce36,
1211,0x7ff62903b140,0x2cb140,4641012,0x46d0f4,
1212,0x7ff62903beb0,0x2cbeb0,4641143,0x46d177,
1213,0x7ff62903c180,0x2cc180,4641580,0x46d32c,
1214,0x7ff62903ca70,0x2cca70,4641885,0x46d45d,
1215,0x7ff62903d050,0x2cd050,4642136,0x46d558,
1216,0x7ff62903d630,0x2cd630,4642375,0x46d647,
1217,0x7ff62903dbc0,0x2cdbc0,4642750,0x46d7be,
1218,0x7ff62903e420,0x2ce420,4643060,0x46d8f4,
1219,0x7ff62903ebb0,0x2cebb0,4643272,0x46d9c8,
1220,0x7ff62903f080,0x2cf080,4643796,0x46dbd4,
1221,0x7ff62903fb10,0x2cfb10,4644346,0x46ddfa,
1222,0x7ff629040760,0x2d0760,4644709,0x46df65,
1223,0x7ff629040ec0,0x2d0ec0,4645050,0x46e0ba,
1224,0x7ff6290415d0,0x2d15d0,4645610,0x46e2ea,
1225,0x7ff629042100,0x2d2100,4645985,0x46e461,
1226,0x7ff629042820,0x2d2820,4646176,0x46e520,
1227,0x7ff629042bf0,0x2d2bf0,4646266,0x46e57a,
1228,0x7ff629042dd0,0x2d2dd0,4646420,0x46e614,
1229,0x7ff6290430b0,0x2d30b0,4646784,0x46e780,
1230,0x7ff6290438e0,0x2d38e0,4646896,0x46e7f0,
1231,0x7ff629043b50,0x2d3b50,4647040,0x46e880,
1232,0x7ff629043e90,0x2d3e90,4647068,0x46e89c,
1233,0x7ff629043f90,0x2d3f90,4647096,0x46e8b8,
1234,0x7ff629044090,0x2d4090,4647238,0x46e946,
1235,0x7ff629044340,0x2d4340,4647417,0x46e9f9,
1236,0x7ff6290446d0,0x2d46d0,4648614,0x46eea6,
1237,0x7ff629045e50,0x2d5e50,4649517,0x46f22d,
1238,0x7ff6290472f0,0x2d72f0,4650254,0x46f50e,
1239,0x7ff6290484d0,0x2d84d0,4650557,0x46f63d,
1240,0x7ff629048c10,0x2d8c10,4650757,0x46f705,
1241,0x7ff629049030,0x2d9030,4651209,0x46f8c9,
1242,0x7ff629049cf0,0x2d9cf0,4651357,0x46f95d,
1243,0x7ff62904a020,0x2da020,4651657,0x46fa89,
1244,0x7ff62904a5a0,0x2da5a0,4651849,0x46fb49,
1245,0x7ff62904a9c0,0x2da9c0,4652164,0x46fc84,
1246,0x7ff62904b1a0,0x2db1a0,4652305,0x46fd11,
1247,0x7ff62904b410,0x2db410,4652361,0x46fd49,
1248,0x7ff62904b580,0x2db580,4652800,0x46ff00,
1249,0x7ff62904be30,0x2dbe30,4652944,0x46ff90,
1250,0x7ff62904c170,0x2dc170,4652972,0x46ffac,
1251,0x7ff62904c270,0x2dc270,4653105,0x470031,
1252,0x7ff62904c4d0,0x2dc4d0,4653303,0x4700f7,
1253,0x7ff62904c890,0x2dc890,4653658,0x47025a,
1254,0x7ff62904cfc0,0x2dcfc0,4654136,0x470438,
1255,0x7ff62904dac0,0x2ddac0,4655052,0x4707cc,
1256,0x7ff62904f230,0x2df230,4656014,0x470b8e,
1257,0x7ff6290504d0,0x2e04d0,4656879,0x470eef,
1258,0x7ff6290516f0,0x2e16f0,4657187,0x471023,
1259,0x7ff629051d60,0x2e1d60,4657569,0x4711a1,
1260,0x7ff629052450,0x2e2450,4658081,0x4713a1,
1261,0x7ff6290530a0,0x2e30a0,4658315,0x47148b,
1262,0x7ff6290535e0,0x2e35e0,4658978,0x471722,
1263,0x7ff629054360,0x2e4360,4659490,0x471922,
1264,0x7ff629054fb0,0x2e4fb0,4660112,0x471b90,
1265,0x7ff629055ea0,0x2e5ea0,4660321,0x471c61,
1266,0x7ff629056380,0x2e6380,4660633,0x471d99,
1267,0x7ff629056a10,0x2e6a10,4661200,0x471fd0,
1268,0x7ff629057720,0x2e7720,4661344,0x472060,
1269,0x7ff629057a60,0x2e7a60,4661372,0x47207c,
1270,0x7ff629057b60,0x2e7b60,4661455,0x4720cf,
1271,0x7ff629057d50,0x2e7d50,4662013,0x4722fd,
1272,0x7ff629058920,0x2e8920,4662636,0x47256c,
1273,0x7ff629059700,0x2e9700,4662981,0x4726c5,
1274,0x7ff629059e30,0x2e9e30,4663434,0x47288a,
1275,0x7ff62905a770,0x2ea770,4664125,0x472b3d,
1276,0x7ff62905b820,0x2eb820,4664395,0x472c4b,
1277,0x7ff62905bd50,0x2ebd50,4664698,0x472d7a,
1278,0x7ff62905c470,0x2ec470,4665024,0x472ec0,
1279,0x7ff62905cb60,0x2ecb60,4665168,0x472f50,
1280,0x7ff62905cea0,0x2ecea0,4665196,0x472f6c,
1281,0x7ff62905cfa0,0x2ecfa0,4665312,0x472fe0,
1282,0x7ff62905d330,0x2ed330,4665363,0x473013,
1283,0x7ff62905d470,0x2ed470,4665534,0x4730be,
1284,0x7ff62905d7f0,0x2ed7f0,4665615,0x47310f,
1285,0x7ff62905d9e0,0x2ed9e0,4665773,0x4731ad,
1286,0x7ff62905dd70,0x2edd70,4666664,0x473528,
1287,0x7ff62905f130,0x2ef130,4666772,0x473594,
1288,0x7ff62905f380,0x2ef380,4667120,0x4736f0,
1289,0x7ff62905faf0,0x2efaf0,4667614,0x4738de,
1290,0x7ff629060690,0x2f0690,4667872,0x4739e0,
1291,0x7ff629060be0,0x2f0be0,4668016,0x473a70,
1292,0x7ff629060f20,0x2f0f20,4668200,0x473b28,
1293,0x7ff629061240,0x2f1240,4668292,0x473b84,
1294,0x7ff6290615d0,0x2f15d0,4668546,0x473c82,
1295,0x7ff629061ad0,0x2f1ad0,4668610,0x473cc2,
1296,0x7ff629061ca0,0x2f1ca0,4672516,0x474c04,
1297,0x7ff629067170,0x2f7170,4672574,0x474c3e,
1298,0x7ff629067360,0x2f7360,4672625,0x474c71,
1299,0x7ff6290674a0,0x2f74a0,4672796,0x474d1c,
1300,0x7ff629067830,0x2f7830,4673930,0x47518a,
1301,0x7ff629068e10,0x2f8e10,4674376,0x475348,
1302,0x7ff629069720,0x2f9720,4674484,0x4753b4,
1303,0x7ff629069970,0x2f9970,4674920,0x475568,
1304,0x7ff62906a270,0x2fa270,4675207,0x475687,
1305,0x7ff62906a870,0x2fa870,4675447,0x475777,
1306,0x7ff62906ad90,0x2fad90,4675725,0x47588d,
1307,0x7ff62906b2f0,0x2fb2f0,4675977,0x475989,
1308,0x7ff62906b7d0,0x2fb7d0,4676535,0x475bb7,
1309,0x7ff62906c350,0x2fc350,4676785,0x475cb1,
1310,0x7ff62906c830,0x2fc830,4677276,0x475e9c,
1311,0x7ff62906d1c0,0x2fd1c0,4677727,0x47605f,
1312,0x7ff62906db80,0x2fdb80,4678022,0x476186,
1313,0x7ff62906e0c0,0x2fe0c0,4678516,0x476374,
1314,0x7ff62906ea50,0x2fea50,4678597,0x4763c5,
1315,0x7ff62906ec40,0x2fec40,4678931,0x476513,
1316,0x7ff62906f340,0x2ff340,4679282,0x476672,
1317,0x7ff62906fb50,0x2ffb50,4679360,0x4766c0,
1318,0x7ff62906fd10,0x2ffd10,4679536,0x476770,
1319,0x7ff6290700c0,0x3000c0,4679603,0x4767b3,
1320,0x7ff629070260,0x300260,4679746,0x476842,
1321,0x7ff629070540,0x300540,4679767,0x476857,
1322,0x7ff629070620,0x300620,4680248,0x476a38,
1323,0x7ff629071030,0x301030,4680363,0x476aab,
1324,0x7ff6290711e0,0x3011e0,4680443,0x476afb,
1325,0x7ff6290713d0,0x3013d0,4685365,0x477e35,
1326,0x7ff629077aa0,0x307aa0,4685423,0x477e6f,
1327,0x7ff628f82460,0x212460,4685659,0x477f5b,
1328,0x7ff629077c90,0x307c90,4685761,0x477fc1,
1329,0x7ff629077f20,0x307f20,4685873,0x478031,
1330,0x7ff629078230,0x308230,4689255,0x478d67,
1331,0x7ff62907c050,0x30c050,4689334,0x478db6,
1332,0x7ff628f83ce0,0x213ce0,4689631,0x478edf,
1333,0x7ff62907c270,0x30c270,4690905,0x4793d9,
1334,0x7ff62907da40,0x30da40,4691043,0x479463,
1335,0x7ff62907dc90,0x30dc90,4691340,0x47958c,
1336,0x7ff62907e2c0,0x30e2c0,4692426,0x4799ca,
1337,0x7ff62907f850,0x30f850,4692658,0x479ab2,
1338,0x7ff62907fdc0,0x30fdc0,4693674,0x479eaa,
1339,0x7ff6290811b0,0x3111b0,4694214,0x47a0c6,
1340,0x7ff629081c70,0x311c70,4694362,0x47a15a,
1341,0x7ff629082060,0x312060,4695266,0x47a4e2,
1342,0x7ff629083620,0x313620,4695341,0x47a52d,
1343,0x7ff6290837e0,0x3137e0,4696551,0x47a9e7,
1344,0x7ff6290851b0,0x3151b0,4697003,0x47abab,
1345,0x7ff628dc6040,0x56040,4697008,0x47abb0,
1346,0x7ff629085b70,0x315b70,4698058,0x47afca,
1347,0x7ff629086ef0,0x316ef0,4698122,0x47b00a,
1348,0x7ff6290870c0,0x3170c0,4700141,0x47b7ed,
1349,0x7ff629089b80,0x319b80,4701228,0x47bc2c,
1350,0x7ff62908b480,0x31b480,4701743,0x47be2f,
1351,0x7ff62908bd70,0x31bd70,4701763,0x47be43,
1352,0x7ff62908be40,0x31be40,4701899,0x47becb,
1353,0x7ff62908c130,0x31c130,4702010,0x47bf3a,
1354,0x7ff62908c3c0,0x31c3c0,4702052,0x47bf64,
1355,0x7ff62908c4e0,0x31c4e0,4702469,0x47c105,
1356,0x7ff62908cd20,0x31cd20,4702583,0x47c177,
1357,0x7ff62908d050,0x31d050,4702948,0x47c2e4,
1358,0x7ff62908d890,0x31d890,4703167,0x47c3bf,
1359,0x7ff62908dc90,0x31dc90,4703375,0x47c48f,
1360,0x7ff62908e140,0x31e140,4703425,0x47c4c1,
1361,0x7ff62908e290,0x31e290,4703510,0x47c516,
1362,0x7ff62908e4f0,0x31e4f0,4704147,0x47c793,
1363,0x7ff62908f310,0x31f310,4704940,0x47caac,
1364,0x7ff6290902e0,0x3202e0,4705148,0x47cb7c,
1365,0x7ff629090790,0x320790,4705198,0x47cbae,
1366,0x7ff6290908e0,0x3208e0,4706180,0x47cf84,
1367,0x7ff629091bb0,0x321bb0,4707195,0x47d37b,
1368,0x7ff629092e80,0x322e80,4707485,0x47d49d,
1369,0x7ff629093560,0x323560,4708134,0x47d726,
1370,0x7ff6290941d0,0x3241d0,4708726,0x47d976,
1371,0x7ff629094e00,0x324e00,4709657,0x47dd19,
1372,0x7ff629096000,0x326000,4709738,0x47dd6a,
1373,0x7ff6290961f0,0x3261f0,4710413,0x47e00d,
1374,0x7ff629096fa0,0x326fa0,4710494,0x47e05e,
1375,0x7ff629097190,0x327190,4711151,0x47e2ef,
1376,0x7ff629097ed0,0x327ed0,4711271,0x47e367,
1377,0x7ff629098180,0x328180,4712229,0x47e725,
1378,0x7ff629099440,0x329440,4712435,0x47e7f3,
1379,0x7ff629099830,0x329830,4712729,0x47e919,
1380,0x7ff629099e90,0x329e90,4713362,0x47eb92,
1381,0x7ff62909ab00,0x32ab00,4714142,0x47ee9e,
1382,0x7ff62909bb40,0x32bb40,4714350,0x47ef6e,
1383,0x7ff62909bff0,0x32bff0,4714400,0x47efa0,
1384,0x7ff62909c140,0x32c140,4715280,0x47f310,
1385,0x7ff62909d280,0x32d280,4715791,0x47f50f,
1386,0x7ff62909dcd0,0x32dcd0,4716487,0x47f7c7,
1387,0x7ff62909e8a0,0x32e8a0,4717137,0x47fa51,
1388,0x7ff62909f670,0x32f670,4717437,0x47fb7d,
1389,0x7ff62909fd80,0x32fd80,4718449,0x47ff71,
1390,0x7ff6290a1180,0x331180,4718530,0x47ffc2,
1391,0x7ff6290a1370,0x331370,4719249,0x480291,
1392,0x7ff6290a2260,0x332260,4719318,0x4802d6,
1393,0x7ff6290a2410,0x332410,4719438,0x48034e,
1394,0x7ff6290a26c0,0x3326c0,4720382,0x4806fe,
1395,0x7ff6290a3960,0x333960,4720502,0x480776,
1396,0x7ff6290a3c10,0x333c10,4720966,0x480946,
1397,0x7ff6290a46c0,0x3346c0,4721385,0x480ae9,
1398,0x7ff6290a4df0,0x334df0,4721466,0x480b3a,
1399,0x7ff6290a4fe0,0x334fe0,4722065,0x480d91,
1400,0x7ff6290a5aa0,0x335aa0,4722125,0x480dcd,
1401,0x7ff6290a5bd0,0x335bd0,4722169,0x480df9,
1402,0x7ff6290a5d00,0x335d00,4722838,0x481096,
1403,0x7ff6290a6da0,0x336da0,4723647,0x4813bf,
1404,0x7ff6290a7d30,0x337d30,4723707,0x4813fb,
1405,0x7ff6290a7e60,0x337e60,4723767,0x481437,
1406,0x7ff6290a7f90,0x337f90,4724157,0x4815bd,
1407,0x7ff6290a8750,0x338750,4724678,0x4817c6,
1408,0x7ff6290a9120,0x339120,4724839,0x481867,
1409,0x7ff6290a9450,0x339450,4725326,0x481a4e,
1410,0x7ff6290a9dc0,0x339dc0,4725594,0x481b5a,
1411,0x7ff6290aa490,0x33a490,4725736,0x481be8,
1412,0x7ff6290aa6e0,0x33a6e0,4726396,0x481e7c,
1413,0x7ff6290ab630,0x33b630,4727264,0x4821e0,
1414,0x7ff6290ac620,0x33c620,4727365,0x482245,
1415,0x7ff6290ac800,0x33c800,4727429,0x482285,
1416,0x7ff6290ac930,0x33c930,4727780,0x4823e4,
1417,0x7ff6290acfd0,0x33cfd0,4728288,0x4825e0,
1418,0x7ff6290ad980,0x33d980,4729294,0x4829ce,
1419,0x7ff6290aead0,0x33ead0,4730093,0x482ced,
1420,0x7ff6290afd70,0x33fd70,4730101,0x482cf5,
1421,0x7ff6290afdf0,0x33fdf0,4730982,0x483066,
1422,0x7ff6290b1320,0x341320,4731395,0x483203,
1423,0x7ff6290b1d10,0x341d10,4732028,0x48347c,
1424,0x7ff6290b2bc0,0x342bc0,4732084,0x4834b4,
1425,0x7ff6290b2d40,0x342d40,4732192,0x483520,
1426,0x7ff6290b2fe0,0x342fe0,4732353,0x4835c1,
1427,0x7ff6290b3350,0x343350,4732770,0x483762,
1428,0x7ff6290b3cd0,0x343cd0,4732966,0x483826,
1429,0x7ff6290b4010,0x344010,4733030,0x483866,
1430,0x7ff6290b41e0,0x3441e0,4737061,0x484825,
1431,0x7ff6290b9900,0x349900,4737119,0x48485f,
1432,0x7ff628f82460,0x212460,4737355,0x48494b,
1433,0x7ff628f82a00,0x212a00,4737558,0x484a16,
1434,0x7ff6290b9af0,0x349af0,4740289,0x4854c1,
1435,0x7ff6290bcac0,0x34cac0,4740340,0x4854f4,
1436,0x7ff6290bcc00,0x34cc00,4740517,0x4855a5,
1437,0x7ff6290bcfc0,0x34cfc0,4741290,0x4858aa,
1438,0x7ff6290bdd40,0x34dd40,4741546,0x4859aa,
1439,0x7ff6290be210,0x34e210,4742618,0x485dda,
1440,0x7ff6290bf550,0x34f550,4742762,0x485e6a,
1441,0x7ff6290bf990,0x34f990,4743003,0x485f5b,
1442,0x7ff6290bfdc0,0x34fdc0,4743346,0x4860b2,
1443,0x7ff6290c0550,0x350550,4743519,0x48615f,
1444,0x7ff6290c0860,0x350860,4743862,0x4862b6,
1445,0x7ff6290c0ff0,0x350ff0,4744427,0x4864eb,
1446,0x7ff6290c1b30,0x351b30,4744816,0x486670,
1447,0x7ff6290c2270,0x352270,4745308,0x48685c,
1448,0x7ff6290c2c40,0x352c40,4745596,0x48697c,
1449,0x7ff6290c32a0,0x3532a0,4745781,0x486a35,
1450,0x7ff6290c3630,0x353630,4746207,0x486bdf,
1451,0x7ff6290c3e60,0x353e60,4746776,0x486e18,
1452,0x7ff6290c48c0,0x3548c0,4747168,0x486fa0,
1453,0x7ff6290c4fc0,0x354fc0,4747834,0x48723a,
1454,0x7ff6290c5e60,0x355e60,4747895,0x487277,
1455,0x7ff6290c5fe0,0x355fe0,4749378,0x487842,
1456,0x7ff6290c7990,0x357990,4749868,0x487a2c,
1457,0x7ff6290c82b0,0x3582b0,4750290,0x487bd2,
1458,0x7ff6290c8a80,0x358a80,4750451,0x487c73,
1459,0x7ff6290c8d80,0x358d80,4751445,0x488055,
1460,0x7ff6290c9f00,0x359f00,4755106,0x488ea2,
1461,0x7ff6290cf990,0x35f990,4758768,0x489cf0,
1462,0x7ff6290d53a0,0x3653a0,4759365,0x489f45,
1463,0x7ff6290d5d80,0x365d80,4759668,0x48a074,
1464,0x7ff6290d6300,0x366300,4760440,0x48a378,
1465,0x7ff6290d7440,0x367440,4761402,0x48a73a,
1466,0x7ff6290d87b0,0x3687b0,4761835,0x48a8eb,
1467,0x7ff6290d90c0,0x3690c0,4761938,0x48a952,
1468,0x7ff6290d9320,0x369320,4762209,0x48aa61,
1469,0x7ff6290d9910,0x369910,4762718,0x48ac5e,
1470,0x7ff6290da210,0x36a210,4762940,0x48ad3c,
1471,0x7ff6290da5e0,0x36a5e0,4763456,0x48af40,
1472,0x7ff6290db050,0x36b050,4763754,0x48b06a,
1473,0x7ff6290db630,0x36b630,4763871,0x48b0df,
1474,0x7ff6290db8c0,0x36b8c0,4764352,0x48b2c0,
1475,0x7ff6290dc230,0x36c230,4764689,0x48b411,
1476,0x7ff6290dc8f0,0x36c8f0,4764889,0x48b4d9,
1477,0x7ff6290dcdd0,0x36cdd0,4765632,0x48b7c0,
1478,0x7ff6290dde00,0x36de00,4766093,0x48b98d,
1479,0x7ff6290de660,0x36e660,4766716,0x48bbfc,
1480,0x7ff6290df140,0x36f140,4768256,0x48c200,
1481,0x7ff6290e0e50,0x370e50,4768417,0x48c2a1,
1482,0x7ff6290e11c0,0x3711c0,4769291,0x48c60b,
1483,0x7ff6290e1e20,0x371e20,4769565,0x48c71d,
1484,0x7ff6290e22e0,0x3722e0,4769629,0x48c75d,
1485,0x7ff6290e24b0,0x3724b0,4773539,0x48d6a3,
1486,0x7ff6290e7940,0x377940,4773597,0x48d6dd,
1487,0x7ff628f28080,0x1b8080,4773820,0x48d7bc,
1488,0x7ff6290e7b30,0x377b30,4774522,0x48da7a,
1489,0x7ff6290e87a0,0x3787a0,4776574,0x48e27e,
1490,0x7ff6290ea8c0,0x37a8c0,4776653,0x48e2cd,
1491,0x7ff6290eaae0,0x37aae0,4776950,0x48e3f6,
1492,0x7ff6290eb2d0,0x37b2d0,4777165,0x48e4cd,
1493,0x7ff6290eb5e0,0x37b5e0,4777661,0x48e6bd,
1494,0x7ff6290ec030,0x37c030,4778763,0x48eb0b,
1495,0x7ff6290ed3d0,0x37d3d0,4781037,0x48f3ed,
1496,0x7ff6290f0c30,0x380c30,4783166,0x48fc3e,
1497,0x7ff6290f3d10,0x383d10,4784115,0x48fff3,
1498,0x7ff6290f52c0,0x3852c0,4784692,0x490234,
1499,0x7ff6290f5f10,0x385f10,4785005,0x49036d,
1500,0x7ff6290f6500,0x386500,4785357,0x4904cd,
1501,0x7ff6290f6d00,0x386d00,4785576,0x4905a8,
1502,0x7ff6290f7100,0x387100,4785785,0x490679,
1503,0x7ff6290f7670,0x387670,4786005,0x490755,
1504,0x7ff6290f7aa0,0x387aa0,4786207,0x49081f,
1505,0x7ff6290f7f80,0x387f80,4786876,0x490abc,
1506,0x7ff6290f8c20,0x388c20,4787685,0x490de5,
1507,0x7ff6290f9ce0,0x389ce0,4788010,0x490f2a,
1508,0x7ff6290fa310,0x38a310,4789737,0x4915e9,
1509,0x7ff6290fc310,0x38c310,4790072,0x491738,
1510,0x7ff6290fc8c0,0x38c8c0,4790513,0x4918f1,
1511,0x7ff6290fd100,0x38d100,4791054,0x491b0e,
1512,0x7ff6290fdbf0,0x38dbf0,4791844,0x491e24,
1513,0x7ff6290fe8e0,0x38e8e0,4793259,0x4923ab,
1514,0x7ff629100230,0x390230,4793743,0x49258f,
1515,0x7ff629100af0,0x390af0,4794085,0x4926e5,
1516,0x7ff629101330,0x391330,4794390,0x492816,
1517,0x7ff6291019e0,0x3919e0,4794780,0x49299c,
1518,0x7ff629102080,0x392080,4795407,0x492c0f,
1519,0x7ff629102ce0,0x392ce0,4795468,0x492c4c,
1520,0x7ff629102e60,0x392e60,4796199,0x492f27,
1521,0x7ff629103b20,0x393b20,4796723,0x493133,
1522,0x7ff629104570,0x394570,4797547,0x49346b,
1523,0x7ff6291055c0,0x3955c0,4798325,0x493775,
1524,0x7ff6291066d0,0x3966d0,4798623,0x49389f,
1525,0x7ff629106d40,0x396d40,4798993,0x493a11,
1526,0x7ff629107460,0x397460,4799578,0x493c5a,
1527,0x7ff629108070,0x398070,4799600,0x493c70,
1528,0x7ff629108140,0x398140,4799645,0x493c9d,
1529,0x7ff629108270,0x398270,4800329,0x493f49,
1530,0x7ff629109040,0x399040,4800657,0x494091,
1531,0x7ff6291095e0,0x3995e0,4801288,0x494308,
1532,0x7ff62910a240,0x39a240,4801504,0x4943e0,
1533,0x7ff62910a680,0x39a680,4801648,0x494470,
1534,0x7ff62910a9c0,0x39a9c0,4801706,0x4944aa,
1535,0x7ff62910abf0,0x39abf0,4801873,0x494551,
1536,0x7ff62910af20,0x39af20,4802309,0x494705,
1537,0x7ff62910b8d0,0x39b8d0,4802419,0x494773,
1538,0x7ff62910bb10,0x39bb10,4803381,0x494b35,
1539,0x7ff62910c9f0,0x39c9f0,4803938,0x494d62,
1540,0x7ff62910d530,0x39d530,4804390,0x494f26,
1541,0x7ff62910df70,0x39df70,4805024,0x4951a0,
1542,0x7ff62910ed00,0x39ed00,4805288,0x4952a8,
1543,0x7ff62910f330,0x39f330,4805593,0x4953d9,
1544,0x7ff62910f9c0,0x39f9c0,4805904,0x495510,
1545,0x7ff629110060,0x3a0060,4807164,0x4959fc,
1546,0x7ff629111b40,0x3a1b40,4809023,0x49613f,
1547,0x7ff629114bf0,0x3a4bf0,4810764,0x49680c,
1548,0x7ff629117740,0x3a7740,4811020,0x49690c,
1549,0x7ff629117d00,0x3a7d00,4811258,0x4969fa,
1550,0x7ff629118230,0x3a8230,4811457,0x496ac1,
1551,0x7ff629118630,0x3a8630,4811600,0x496b50,
1552,0x7ff6291188f0,0x3a88f0,4811761,0x496bf1,
1553,0x7ff629118c50,0x3a8c50,4811789,0x496c0d,
1554,0x7ff629118d50,0x3a8d50,4811867,0x496c5b,
1555,0x7ff629118f40,0x3a8f40,4811973,0x496cc5,
1556,0x7ff6291191b0,0x3a91b0,4812934,0x497086,
1557,0x7ff62911a610,0x3aa610,4813295,0x4971ef,
1558,0x7ff62911ada0,0x3aada0,4813584,0x497310,
1559,0x7ff62911b450,0x3ab450,4813847,0x497417,
1560,0x7ff62911b9e0,0x3ab9e0,4814202,0x49757a,
1561,0x7ff62911c140,0x3ac140,4814544,0x4976d0,
1562,0x7ff62911c860,0x3ac860,4814736,0x497790,
1563,0x7ff62911cc50,0x3acc50,4814897,0x497831,
1564,0x7ff62911cfc0,0x3acfc0,4815033,0x4978b9,
1565,0x7ff62911d570,0x3ad570,4815129,0x497919,
1566,0x7ff62911d7c0,0x3ad7c0,4815351,0x4979f7,
1567,0x7ff62911db70,0x3adb70,4815415,0x497a37,
1568,0x7ff62911dd40,0x3add40,4819325,0x49897d,
1569,0x7ff6291231d0,0x3b31d0,4819383,0x4989b7,
1570,0x7ff628f28080,0x1b8080,4819606,0x498a96,
1571,0x7ff6291233c0,0x3b33c0,4821167,0x4990af,
1572,0x7ff629125140,0x3b5140,4821246,0x4990fe,
1573,0x7ff628f83ce0,0x213ce0,4821543,0x499227,
1574,0x7ff629125360,0x3b5360,4821896,0x499388,
1575,0x7ff629125ac0,0x3b5ac0,4822336,0x499540,
1576,0x7ff629126290,0x3b6290,4823075,0x499823,
1577,0x7ff629127240,0x3b7240,4823359,0x49993f,
1578,0x7ff6291277e0,0x3b77e0,4823578,0x499a1a,
1579,0x7ff629127be0,0x3b7be0,4824027,0x499bdb,
1580,0x7ff6291286e0,0x3b86e0,4824115,0x499c33,
1581,0x7ff629128950,0x3b8950,4824685,0x499e6d,
1582,0x7ff6291294f0,0x3b94f0,4825071,0x499fef,
1583,0x7ff629129d10,0x3b9d10,4825273,0x49a0b9,
1584,0x7ff62912a1c0,0x3ba1c0,4825577,0x49a1e9,
1585,0x7ff62912a840,0x3ba840,4825891,0x49a323,
1586,0x7ff62912ae00,0x3bae00,4826459,0x49a55b,
1587,0x7ff62912b8d0,0x3bb8d0,4827051,0x49a7ab,
1588,0x7ff62912c530,0x3bc530,4828170,0x49ac0a,
1589,0x7ff62912d960,0x3bd960,4828652,0x49adec,
1590,0x7ff62912e2f0,0x3be2f0,4829248,0x49b040,
1591,0x7ff62912eec0,0x3beec0,4829392,0x49b0d0,
1592,0x7ff62912f200,0x3bf200,4829418,0x49b0ea,
1593,0x7ff62912f3f0,0x3bf3f0,4829484,0x49b12c,
1594,0x7ff62912f510,0x3bf510,4829549,0x49b16d,
1595,0x7ff62912f690,0x3bf690,4829702,0x49b206,
1596,0x7ff62912f9a0,0x3bf9a0,4830938,0x49b6da,
1597,0x7ff629131360,0x3c1360,4831064,0x49b758,
1598,0x7ff6291317b0,0x3c17b0,4831809,0x49ba41,
1599,0x7ff629132a10,0x3c2a10,4832618,0x49bd6a,
1600,0x7ff629133dd0,0x3c3dd0,4833363,0x49c053,
1601,0x7ff629135030,0x3c5030,4834172,0x49c37c,
1602,0x7ff6291363f0,0x3c63f0,4834574,0x49c50e,
1603,0x7ff629136d30,0x3c6d30,4835044,0x49c6e4,
1604,0x7ff629137840,0x3c7840,4835550,0x49c8de,
1605,0x7ff6291383a0,0x3c83a0,4835714,0x49c982,
1606,0x7ff629138950,0x3c8950,4836167,0x49cb47,
1607,0x7ff6291394a0,0x3c94a0,4836704,0x49cd60,
1608,0x7ff62913a1e0,0x3ca1e0,4837086,0x49cede,
1609,0x7ff62913ab90,0x3cab90,4837563,0x49d0bb,
1610,0x7ff62913b730,0x3cb730,4837727,0x49d15f,
1611,0x7ff62913bce0,0x3cbce0,4838808,0x49d598,
1612,0x7ff62913d7d0,0x3cd7d0,4840044,0x49da6c,
1613,0x7ff62913f670,0x3cf670,4841106,0x49de92,
1614,0x7ff629141110,0x3d1110,4842326,0x49e356,
1615,0x7ff629142f60,0x3d2f60,4842840,0x49e558,
1616,0x7ff629143b00,0x3d3b00,4843251,0x49e6f3,
1617,0x7ff629144460,0x3d4460,4843834,0x49e93a,
1618,0x7ff6291451f0,0x3d51f0,4844294,0x49eb06,
1619,0x7ff629145cb0,0x3d5cb0,4844810,0x49ed0a,
1620,0x7ff629146920,0x3d6920,4845287,0x49eee7,
1621,0x7ff629147390,0x3d7390,4845838,0x49f10e,
1622,0x7ff6291480c0,0x3d80c0,4848192,0x49fa40,
1623,0x7ff62914b7c0,0x3db7c0,4848336,0x49fad0,
1624,0x7ff62914bb00,0x3dbb00,4848364,0x49faec,
1625,0x7ff62914bc00,0x3dbc00,4848519,0x49fb87,
1626,0x7ff62914bee0,0x3dbee0,4848631,0x49fbf7,
1627,0x7ff62914c100,0x3dc100,4849454,0x49ff2e,
1628,0x7ff62914d170,0x3dd170,4852185,0x4a09d9,
1629,0x7ff6291514a0,0x3e14a0,4852288,0x4a0a40,
1630,0x7ff629151850,0x3e1850,4852449,0x4a0ae1,
1631,0x7ff629151bc0,0x3e1bc0,4852589,0x4a0b6d,
1632,0x7ff629151fc0,0x3e1fc0,4853061,0x4a0d45,
1633,0x7ff6291528b0,0x3e28b0,4853213,0x4a0ddd,
1634,0x7ff629152da0,0x3e2da0,4853365,0x4a0e75,
1635,0x7ff628f8d6e0,0x21d6e0,4853522,0x4a0f12,
1636,0x7ff629153290,0x3e3290,4853586,0x4a0f52,
1637,0x7ff629153460,0x3e3460,4857475,0x4a1e83,
1638,0x7ff6291588c0,0x3e88c0,4857533,0x4a1ebd,
1639,0x7ff62902a230,0x2ba230,4857738,0x4a1f8a,
1640,0x7ff629158ab0,0x3e8ab0,4859852,0x4a27cc,
1641,0x7ff62915b1d0,0x3eb1d0,4860409,0x4a29f9,
1642,0x7ff62915bce0,0x3ebce0,4860822,0x4a2b96,
1643,0x7ff62915c560,0x3ec560,4860901,0x4a2be5,
1644,0x7ff6290eaae0,0x37aae0,4861198,0x4a2d0e,
1645,0x7ff62915c780,0x3ec780,4861982,0x4a301e,
1646,0x7ff62915d6c0,0x3ed6c0,4862033,0x4a3051,
1647,0x7ff62915d800,0x3ed800,4862150,0x4a30c6,
1648,0x7ff62915daa0,0x3edaa0,4862327,0x4a3177,
1649,0x7ff62915de60,0x3ede60,4862818,0x4a3362,
1650,0x7ff62915e8e0,0x3ee8e0,4863327,0x4a355f,
1651,0x7ff62915f310,0x3ef310,4863625,0x4a3689,
1652,0x7ff62915f940,0x3ef940,4864171,0x4a38ab,
1653,0x7ff629160280,0x3f0280,4864558,0x4a3a2e,
1654,0x7ff629160ad0,0x3f0ad0,4865579,0x4a3e2b,
1655,0x7ff629161ca0,0x3f1ca0,4866075,0x4a401b,
1656,0x7ff629162830,0x3f2830,4866417,0x4a4171,
1657,0x7ff629162f30,0x3f2f30,4866655,0x4a425f,
1658,0x7ff629163480,0x3f3480,4867061,0x4a43f5,
1659,0x7ff629163c50,0x3f3c50,4867815,0x4a46e7,
1660,0x7ff629164b90,0x3f4b90,4868511,0x4a499f,
1661,0x7ff629165950,0x3f5950,4868875,0x4a4b0b,
1662,0x7ff6291661d0,0x3f61d0,4869094,0x4a4be6,
1663,0x7ff6291665d0,0x3f65d0,4869500,0x4a4d7c,
1664,0x7ff629166c50,0x3f6c50,4869798,0x4a4ea6,
1665,0x7ff6291671f0,0x3f71f0,4869866,0x4a4eea,
1666,0x7ff6291673c0,0x3f73c0,4870011,0x4a4f7b,
1667,0x7ff6291677d0,0x3f77d0,4872269,0x4a584d,
1668,0x7ff62916a0b0,0x3fa0b0,4872896,0x4a5ac0,
1669,0x7ff62916ace0,0x3face0,4873057,0x4a5b61,
1670,0x7ff62916b050,0x3fb050,4873189,0x4a5be5,
1671,0x7ff62916b370,0x3fb370,4873468,0x4a5cfc,
1672,0x7ff62916b830,0x3fb830,4873532,0x4a5d3c,
1673,0x7ff62916ba00,0x3fba00,4877438,0x4a6c7e,
1674,0x7ff629170ed0,0x400ed0,4877496,0x4a6cb8,
1675,0x7ff6291710c0,0x4010c0,4879377,0x4a7411,
1676,0x7ff629173010,0x403010,4880405,0x4a7815,
1677,0x7ff629174a20,0x404a20,4880684,0x4a792c,
1678,0x7ff629175000,0x405000,4880899,0x4a7a03,
1679,0x7ff629175510,0x405510,4881096,0x4a7ac8,
1680,0x7ff629175920,0x405920,4881401,0x4a7bf9,
1681,0x7ff629175f40,0x405f40,4883505,0x4a8431,
1682,0x7ff629179390,0x409390,4884740,0x4a8904,
1683,0x7ff62901d600,0x2ad600,4884923,0x4a89bb,
1684,0x7ff62917ac10,0x40ac10,4885382,0x4a8b86,
1685,0x7ff62917b720,0x40b720,4886810,0x4a911a,
1686,0x7ff62917ce10,0x40ce10,4887380,0x4a9354,
1687,0x7ff62917d9e0,0x40d9e0,4887599,0x4a942f,
1688,0x7ff62917dde0,0x40dde0,4887871,0x4a953f,
1689,0x7ff62917e3a0,0x40e3a0,4888103,0x4a9627,
1690,0x7ff62917e840,0x40e840,4888681,0x4a9869,
1691,0x7ff62917f2a0,0x40f2a0,4888840,0x4a9908,
1692,0x7ff62917f6c0,0x40f6c0,4889650,0x4a9c32,
1693,0x7ff629180560,0x410560,4890577,0x4a9fd1,
1694,0x7ff6291814f0,0x4114f0,4891926,0x4aa516,
1695,0x7ff629182fd0,0x412fd0,4892941,0x4aa90d,
1696,0x7ff629184200,0x414200,4893274,0x4aaa5a,
1697,0x7ff6291849d0,0x4149d0,4893359,0x4aaaaf,
1698,0x7ff629184bc0,0x414bc0,4893520,0x4aab50,
1699,0x7ff629184e80,0x414e80,4893664,0x4aabe0,
1700,0x7ff6291851c0,0x4151c0,4893692,0x4aabfc,
1701,0x7ff6291853e0,0x4153e0,4893777,0x4aac51,
1702,0x7ff629185530,0x415530,4893928,0x4aace8,
1703,0x7ff629185800,0x415800,4894992,0x4ab110,
1704,0x7ff629186e00,0x416e00,4896392,0x4ab688,
1705,0x7ff629188cc0,0x418cc0,4896471,0x4ab6d7,
1706,0x7ff629188f60,0x418f60,4897040,0x4ab910,
1707,0x7ff629189d60,0x419d60,4897184,0x4ab9a0,
1708,0x7ff62918a0a0,0x41a0a0,4897212,0x4ab9bc,
1709,0x7ff62918a1a0,0x41a1a0,4897307,0x4aba1b,
1710,0x7ff62918a3e0,0x41a3e0,4897413,0x4aba85,
1711,0x7ff62918a650,0x41a650,4897968,0x4abcb0,
1712,0x7ff62918b0e0,0x41b0e0,4898289,0x4abdf1,
1713,0x7ff62918b7c0,0x41b7c0,4898666,0x4abf6a,
1714,0x7ff62918c000,0x41c000,4899303,0x4ac1e7,
1715,0x7ff62918cd00,0x41cd00,4899668,0x4ac354,
1716,0x7ff62918d550,0x41d550,4899824,0x4ac3f0,
1717,0x7ff62918d8c0,0x41d8c0,4899968,0x4ac480,
1718,0x7ff62918dc00,0x41dc00,4899996,0x4ac49c,
1719,0x7ff62918ddf0,0x41ddf0,4900024,0x4ac4b8,
1720,0x7ff62918df00,0x41df00,4900081,0x4ac4f1,
1721,0x7ff62918e080,0x41e080,4901089,0x4ac8e1,
1722,0x7ff62918f520,0x41f520,4901610,0x4acaea,
1723,0x7ff62918fec0,0x41fec0,4901967,0x4acc4f,
1724,0x7ff629190660,0x420660,4902432,0x4ace20,
1725,0x7ff629191030,0x421030,4902593,0x4acec1,
1726,0x7ff629191390,0x421390,4902639,0x4aceef,
1727,0x7ff6291914b0,0x4214b0,4902759,0x4acf67,
1728,0x7ff6291916f0,0x4216f0,4904118,0x4ad4b6,
1729,0x7ff629192dd0,0x422dd0,4904397,0x4ad5cd,
1730,0x7ff629193410,0x423410,4904697,0x4ad6f9,
1731,0x7ff629193ae0,0x423ae0,4904858,0x4ad79a,
1732,0x7ff629193e90,0x423e90,4905296,0x4ad950,
1733,0x7ff629194730,0x424730,4905457,0x4ad9f1,
1734,0x7ff629194a90,0x424a90,4905522,0x4ada32,
1735,0x7ff629194bd0,0x424bd0,4905596,0x4ada7c,
1736,0x7ff629194d90,0x424d90,4906245,0x4add05,
1737,0x7ff629195aa0,0x425aa0,4906675,0x4adeb3,
1738,0x7ff629196380,0x426380,4907068,0x4ae03c,
1739,0x7ff629196b80,0x426b80,4907584,0x4ae240,
1740,0x7ff6291975a0,0x4275a0,4907745,0x4ae2e1,
1741,0x7ff629197900,0x427900,4907871,0x4ae35f,
1742,0x7ff629197b10,0x427b10,4907986,0x4ae3d2,
1743,0x7ff629197d40,0x427d40,4908910,0x4ae76e,
1744,0x7ff629198c50,0x428c50,4909120,0x4ae840,
1745,0x7ff629199100,0x429100,4909264,0x4ae8d0,
1746,0x7ff629199440,0x429440,4909292,0x4ae8ec,
1747,0x7ff629199630,0x429630,4909320,0x4ae908,
1748,0x7ff629199750,0x429750,4909449,0x4ae989,
1749,0x7ff629199a70,0x429a70,4909708,0x4aea8c,
1750,0x7ff62919a0a0,0x42a0a0,4909920,0x4aeb60,
1751,0x7ff62919a550,0x42a550,4910064,0x4aebf0,
1752,0x7ff62919a890,0x42a890,4910092,0x4aec0c,
1753,0x7ff62919a9a0,0x42a9a0,4910166,0x4aec56,
1754,0x7ff62919ab60,0x42ab60,4911304,0x4af0c8,
1755,0x7ff62919c100,0x42c100,4911584,0x4af1e0,
1756,0x7ff62919c7c0,0x42c7c0,4911728,0x4af270,
1757,0x7ff62919cb00,0x42cb00,4911841,0x4af2e1,
1758,0x7ff62919cd60,0x42cd60,4912026,0x4af39a,
1759,0x7ff62919d4c0,0x42d4c0,4912164,0x4af424,
1760,0x7ff62919d7d0,0x42d7d0,4912884,0x4af6f4,
1761,0x7ff62919e650,0x42e650,4913384,0x4af8e8,
1762,0x7ff62919f0d0,0x42f0d0,4913607,0x4af9c7,
1763,0x7ff62919f5a0,0x42f5a0,4914223,0x4afc2f,
1764,0x7ff6291a02e0,0x4302e0,4914464,0x4afd20,
1765,0x7ff6291a0820,0x430820,4914608,0x4afdb0,
1766,0x7ff6291a0b60,0x430b60,4914797,0x4afe6d,
1767,0x7ff6291a1300,0x431300,4914968,0x4aff18,
1768,0x7ff6291a1690,0x431690,4915047,0x4aff67,
1769,0x7ff6291a1850,0x431850,4915280,0x4b0050,
1770,0x7ff6291a1ce0,0x431ce0,4916747,0x4b060b,
1771,0x7ff6291a3bf0,0x433bf0,4916956,0x4b06dc,
1772,0x7ff6291a4080,0x434080,4917228,0x4b07ec,
1773,0x7ff6291a4720,0x434720,4917549,0x4b092d,
1774,0x7ff6291a4e10,0x434e10,4917990,0x4b0ae6,
1775,0x7ff6291a5810,0x435810,4918675,0x4b0d93,
1776,0x7ff6291a6560,0x436560,4918993,0x4b0ed1,
1777,0x7ff628fbc060,0x24c060,4920759,0x4b15b7,
1778,0x7ff6291a6c30,0x436c30,4921000,0x4b16a8,
1779,0x7ff6291a7160,0x437160,4921344,0x4b1800,
1780,0x7ff6291a78b0,0x4378b0,4921488,0x4b1890,
1781,0x7ff6291a7bf0,0x437bf0,4921534,0x4b18be,
1782,0x7ff6291a7df0,0x437df0,4921562,0x4b18da,
1783,0x7ff6291a7f10,0x437f10,4921733,0x4b1985,
1784,0x7ff6291a82f0,0x4382f0,4923154,0x4b1f12,
1785,0x7ff6291aa280,0x43a280,4924663,0x4b24f7,
1786,0x7ff6291ac200,0x43c200,4924914,0x4b25f2,
1787,0x7ff6291ac7a0,0x43c7a0,4925277,0x4b275d,
1788,0x7ff6291ad010,0x43d010,4925716,0x4b2914,
1789,0x7ff6291ad9c0,0x43d9c0,4926032,0x4b2a50,
1790,0x7ff6291ae040,0x43e040,4926176,0x4b2ae0,
1791,0x7ff6291ae380,0x43e380,4926204,0x4b2afc,
1792,0x7ff6291ae570,0x43e570,4926232,0x4b2b18,
1793,0x7ff6291ae690,0x43e690,4926325,0x4b2b75,
1794,0x7ff6291ae8e0,0x43e8e0,4926812,0x4b2d5c,
1795,0x7ff6291af390,0x43f390,4927021,0x4b2e2d,
1796,0x7ff6291af820,0x43f820,4927296,0x4b2f40,
1797,0x7ff6291afeb0,0x43feb0,4927440,0x4b2fd0,
1798,0x7ff6291b01f0,0x4401f0,4927625,0x4b3089,
1799,0x7ff6291b0950,0x440950,4927711,0x4b30df,
1800,0x7ff6291b0b90,0x440b90,4927792,0x4b3130,
1801,0x7ff6291b0d50,0x440d50,4928528,0x4b3410,
1802,0x7ff6291b1db0,0x441db0,4928850,0x4b3552,
1803,0x7ff6291b2460,0x442460,4929405,0x4b377d,
1804,0x7ff6291b2fc0,0x442fc0,4929696,0x4b38a0,
1805,0x7ff6291b35c0,0x4435c0,4929840,0x4b3930,
1806,0x7ff6291b3900,0x443900,4929886,0x4b395e,
1807,0x7ff6291b3a20,0x443a20,4930034,0x4b39f2,
1808,0x7ff6291b3d30,0x443d30,4931186,0x4b3e72,
1809,0x7ff6291b5680,0x445680,4931315,0x4b3ef3,
1810,0x7ff6291b5930,0x445930,4931653,0x4b4045,
1811,0x7ff6291b5ff0,0x445ff0,4931985,0x4b4191,
1812,0x7ff6291b66f0,0x4466f0,4932509,0x4b439d,
1813,0x7ff6291b7300,0x447300,4932720,0x4b4470,
1814,0x7ff6291b77c0,0x4477c0,4932996,0x4b4584,
1815,0x7ff6291b7db0,0x447db0,4933296,0x4b46b0,
1816,0x7ff6291b83c0,0x4483c0,4933440,0x4b4740,
1817,0x7ff6291b8700,0x448700,4933478,0x4b4766,
1818,0x7ff6291b8810,0x448810,4933559,0x4b47b7,
1819,0x7ff6291b89d0,0x4489d0,4933953,0x4b4941,
1820,0x7ff6291b9210,0x449210,4934062,0x4b49ae,
1821,0x7ff6291b9490,0x449490,4934328,0x4b4ab8,
1822,0x7ff6291b9ac0,0x449ac0,4934817,0x4b4ca1,
1823,0x7ff6291ba490,0x44a490,4935851,0x4b50ab,
1824,0x7ff6291bba20,0x44ba20,4935968,0x4b5120,
1825,0x7ff6291bbc80,0x44bc80,4936112,0x4b51b0,
1826,0x7ff6291bbfc0,0x44bfc0,4936204,0x4b520c,
1827,0x7ff6291bc120,0x44c120,4936589,0x4b538d,
1828,0x7ff6291bcab0,0x44cab0,4936665,0x4b53d9,
1829,0x7ff6291bcc90,0x44cc90,4937434,0x4b56da,
1830,0x7ff6291bdd90,0x44dd90,4937835,0x4b586b,
1831,0x7ff6291be6a0,0x44e6a0,4938723,0x4b5be3,
1832,0x7ff6291bf770,0x44f770,4939488,0x4b5ee0,
1833,0x7ff6291c0630,0x450630,4940122,0x4b615a,
1834,0x7ff6291c13c0,0x4513c0,4940464,0x4b62b0,
1835,0x7ff6291c1ac0,0x451ac0,4940625,0x4b6351,
1836,0x7ff6291c1e30,0x451e30,4940653,0x4b636d,
1837,0x7ff6291c2010,0x452010,4940708,0x4b63a4,
1838,0x7ff6291c2110,0x452110,4941160,0x4b6568,
1839,0x7ff6291c2990,0x452990,4941224,0x4b65a8,
1840,0x7ff6291c2b60,0x452b60,4945134,0x4b74ee,
1841,0x7ff6291c7ff0,0x457ff0,4945192,0x4b7528,
1842,0x7ff628f82460,0x212460,4945428,0x4b7614,
1843,0x7ff6291c81e0,0x4581e0,4946281,0x4b7969,
1844,0x7ff6291c91a0,0x4591a0,4946401,0x4b79e1,
1845,0x7ff6291c9450,0x459450,4946583,0x4b7a97,
1846,0x7ff6291c97a0,0x4597a0,4946855,0x4b7ba7,
1847,0x7ff6291c9cf0,0x459cf0,4948125,0x4b809d,
1848,0x7ff6291cb610,0x45b610,4948386,0x4b81a2,
1849,0x7ff6291cbac0,0x45bac0,4949473,0x4b85e1,
1850,0x7ff6291cd4d0,0x45d4d0,4949965,0x4b87cd,
1851,0x7ff6291ce210,0x45e210,4950159,0x4b888f,
1852,0x7ff6291ce770,0x45e770,4950352,0x4b8950,
1853,0x7ff6291cedb0,0x45edb0,4950677,0x4b8a95,
1854,0x7ff6291cf360,0x45f360,4951945,0x4b8f89,
1855,0x7ff6291d1090,0x461090,4952772,0x4b92c4,
1856,0x7ff6291d22f0,0x4622f0,4952885,0x4b9335,
1857,0x7ff6291d26c0,0x4626c0,4953984,0x4b9780,
1858,0x7ff6291d42b0,0x4642b0,4954495,0x4b997f,
1859,0x7ff6291d4fe0,0x464fe0,4954959,0x4b9b4f,
1860,0x7ff6291d59f0,0x4659f0,4956223,0x4ba03f,
1861,0x7ff6291d76f0,0x4676f0,4956805,0x4ba285,
1862,0x7ff6291d84c0,0x4684c0,4956918,0x4ba2f6,
1863,0x7ff6291d8890,0x468890,4957386,0x4ba4ca,
1864,0x7ff6291d94e0,0x4694e0,4958401,0x4ba8c1,
1865,0x7ff6291dafb0,0x46afb0,4958698,0x4ba9ea,
1866,0x7ff6291db4f0,0x46b4f0,4959860,0x4bae74,
1867,0x7ff6291dcc30,0x46cc30,4960479,0x4bb0df,
1868,0x7ff6291dd8f0,0x46d8f0,4961077,0x4bb335,
1869,0x7ff6291de4c0,0x46e4c0,4962516,0x4bb8d4,
1870,0x7ff6291e09c0,0x4709c0,4962908,0x4bba5c,
1871,0x7ff6291e1480,0x471480,4963108,0x4bbb24,
1872,0x7ff6291e17d0,0x4717d0,4964086,0x4bbef6,
1873,0x7ff6291e2f10,0x472f10,4964566,0x4bc0d6,
1874,0x7ff6291e3b70,0x473b70,4964768,0x4bc1a0,
1875,0x7ff6291e4070,0x474070,4965053,0x4bc2bd,
1876,0x7ff6291e4720,0x474720,4965251,0x4bc383,
1877,0x7ff6291e4b10,0x474b10,4965366,0x4bc3f6,
1878,0x7ff6291e4d20,0x474d20,4966829,0x4bc9ad,
1879,0x7ff6291e6e10,0x476e10,4966996,0x4bca54,
1880,0x7ff6291e7180,0x477180,4967461,0x4bcc25,
1881,0x7ff6291e7ba0,0x477ba0,4967623,0x4bccc7,
1882,0x7ff6291e7ea0,0x477ea0,4969503,0x4bd41f,
1883,0x7ff6291ea9a0,0x47a9a0,4969665,0x4bd4c1,
1884,0x7ff6291eaca0,0x47aca0,4970520,0x4bd818,
1885,0x7ff6291ec080,0x47c080,4972120,0x4bde58,
1886,0x7ff6291eeb40,0x47eb40,4972267,0x4bdeeb,
1887,0x7ff6291eee60,0x47ee60,4972391,0x4bdf67,
1888,0x7ff6291ef110,0x47f110,4972684,0x4be08c,
1889,0x7ff6291ef7e0,0x47f7e0,4973475,0x4be3a3,
1890,0x7ff6291f0ae0,0x480ae0,4973567,0x4be3ff,
1891,0x7ff6291f0df0,0x480df0,4974604,0x4be80c,
1892,0x7ff6291f25c0,0x4825c0,4974752,0x4be8a0,
1893,0x7ff6291f28c0,0x4828c0,4974896,0x4be930,
1894,0x7ff6291f2c00,0x482c00,4974924,0x4be94c,
1895,0x7ff6291f2d00,0x482d00,4974947,0x4be963,
1896,0x7ff6291f2df0,0x482df0,4975061,0x4be9d5,
1897,0x7ff6291f2fd0,0x482fd0,4975371,0x4beb0b,
1898,0x7ff6291f3530,0x483530,4976913,0x4bf111,
1899,0x7ff6291f5490,0x485490,4978247,0x4bf647,
1900,0x7ff6291f6fb0,0x486fb0,4978791,0x4bf867,
1901,0x7ff6291f7cd0,0x487cd0,4979326,0x4bfa7e,
1902,0x7ff6291f8790,0x488790,4980284,0x4bfe3c,
1903,0x7ff6291f9a30,0x489a30,4981279,0x4c021f,
1904,0x7ff6291faa80,0x48aa80,4981477,0x4c02e5,
1905,0x7ff6291fb000,0x48b000,4982488,0x4c06d8,
1906,0x7ff6291fc430,0x48c430,4984163,0x4c0d63,
1907,0x7ff6291fe6b0,0x48e6b0,4985221,0x4c1185,
1908,0x7ff629200040,0x490040,4985564,0x4c12dc,
1909,0x7ff629200780,0x490780,4986027,0x4c14ab,
1910,0x7ff629201270,0x491270,4986109,0x4c14fd,
1911,0x7ff6292014a0,0x4914a0,4986180,0x4c1544,
1912,0x7ff629201610,0x491610,4986304,0x4c15c0,
1913,0x7ff629201820,0x491820,4986448,0x4c1650,
1914,0x7ff629201b60,0x491b60,4986476,0x4c166c,
1915,0x7ff629201d70,0x491d70,4986541,0x4c16ad,
1916,0x7ff629201eb0,0x491eb0,4986713,0x4c1759,
1917,0x7ff6292021a0,0x4921a0,4986801,0x4c17b1,
1918,0x7ff629202470,0x492470,4987810,0x4c1ba2,
1919,0x7ff629203d40,0x493d40,4989327,0x4c218f,
1920,0x7ff629205cb0,0x495cb0,4989685,0x4c22f5,
1921,0x7ff6292064f0,0x4964f0,4990291,0x4c2553,
1922,0x7ff6290083b0,0x2983b0,4992351,0x4c2d5f,
1923,0x7ff629207390,0x497390,4992587,0x4c2e4b,
1924,0x7ff629207940,0x497940,4993432,0x4c3198,
1925,0x7ff629208c20,0x498c20,4994603,0x4c362b,
1926,0x7ff62920a5e0,0x49a5e0,4994903,0x4c3757,
1927,0x7ff62920ad00,0x49ad00,4995591,0x4c3a07,
1928,0x7ff62920bd50,0x49bd50,4996079,0x4c3bef,
1929,0x7ff62920c8e0,0x49c8e0,4996567,0x4c3dd7,
1930,0x7ff62920d470,0x49d470,4996992,0x4c3f80,
1931,0x7ff62920ddd0,0x49ddd0,4997136,0x4c4010,
1932,0x7ff62920e110,0x49e110,4997164,0x4c402c,
1933,0x7ff62920e320,0x49e320,4997229,0x4c406d,
1934,0x7ff62920e460,0x49e460,4997349,0x4c40e5,
1935,0x7ff62920e680,0x49e680,4998002,0x4c4372,
1936,0x7ff62920f2d0,0x49f2d0,4998338,0x4c44c2,
1937,0x7ff62920f970,0x49f970,4999582,0x4c499e,
1938,0x7ff628f78230,0x208230,4999787,0x4c4a6b,
1939,0x7ff629211740,0x4a1740,5000160,0x4c4be0,
1940,0x7ff629211f80,0x4a1f80,5000304,0x4c4c70,
1941,0x7ff6292122c0,0x4a22c0,5000395,0x4c4ccb,
1942,0x7ff629212420,0x4a2420,5000733,0x4c4e1d,
1943,0x7ff629212b30,0x4a2b30,5001697,0x4c51e1,
1944,0x7ff6292140a0,0x4a40a0,5001872,0x4c5290,
1945,0x7ff629214420,0x4a4420,5002198,0x4c53d6,
1946,0x7ff629214b30,0x4a4b30,5002503,0x4c5507,
1947,0x7ff6292151c0,0x4a51c0,5003007,0x4c56ff,
1948,0x7ff629215b80,0x4a5b80,5003914,0x4c5a8a,
1949,0x7ff629216c60,0x4a6c60,5004123,0x4c5b5b,
1950,0x7ff629217120,0x4a7120,5004510,0x4c5cde,
1951,0x7ff629217980,0x4a7980,5005366,0x4c6036,
1952,0x7ff629218b50,0x4a8b50,5005801,0x4c61e9,
1953,0x7ff629219560,0x4a9560,5006044,0x4c62dc,
1954,0x7ff629219a30,0x4a9a30,5006602,0x4c650a,
1955,0x7ff62921a540,0x4aa540,5007456,0x4c6860,
1956,0x7ff62921b500,0x4ab500,5007600,0x4c68f0,
1957,0x7ff62921b840,0x4ab840,5007628,0x4c690c,
1958,0x7ff62921ba50,0x4aba50,5007693,0x4c694d,
1959,0x7ff62921bb90,0x4abb90,5007784,0x4c69a8,
1960,0x7ff62921bd40,0x4abd40,5009218,0x4c6f42,
1961,0x7ff62921da10,0x4ada10,5010443,0x4c740b,
1962,0x7ff62921f400,0x4af400,5011879,0x4c79a7,
1963,0x7ff6292214f0,0x4b14f0,5012392,0x4c7ba8,
1964,0x7ff629222130,0x4b2130,5012858,0x4c7d7a,
1965,0x7ff629222c20,0x4b2c20,5013407,0x4c7f9f,
1966,0x7ff629223990,0x4b3990,5013662,0x4c809e,
1967,0x7ff629223e30,0x4b3e30,5014016,0x4c8200,
1968,0x7ff629224430,0x4b4430,5014160,0x4c8290,
1969,0x7ff629224770,0x4b4770,5014188,0x4c82ac,
1970,0x7ff629224870,0x4b4870,5014333,0x4c833d,
1971,0x7ff629224b30,0x4b4b30,5014858,0x4c854a,
1972,0x7ff629225550,0x4b5550,5015247,0x4c86cf,
1973,0x7ff629225df0,0x4b5df0,5016336,0x4c8b10,
1974,0x7ff6292277b0,0x4b77b0,5016776,0x4c8cc8,
1975,0x7ff629228170,0x4b8170,5017232,0x4c8e90,
1976,0x7ff629228b40,0x4b8b40,5017376,0x4c8f20,
1977,0x7ff629228e80,0x4b8e80,5017404,0x4c8f3c,
1978,0x7ff629229060,0x4b9060,5017460,0x4c8f74,
1979,0x7ff629229170,0x4b9170,5017525,0x4c8fb5,
1980,0x7ff6292292f0,0x4b92f0,5017860,0x4c9104,
1981,0x7ff6292298f0,0x4b98f0,5018933,0x4c9535,
1982,0x7ff62922af50,0x4baf50,5019231,0x4c965f,
1983,0x7ff62922b6a0,0x4bb6a0,5019438,0x4c972e,
1984,0x7ff62922bb50,0x4bbb50,5019879,0x4c98e7,
1985,0x7ff62922c530,0x4bc530,5020338,0x4c9ab2,
1986,0x7ff62922cf10,0x4bcf10,5020674,0x4c9c02,
1987,0x7ff62922d720,0x4bd720,5021090,0x4c9da2,
1988,0x7ff62922e080,0x4be080,5022371,0x4ca2a3,
1989,0x7ff62922fa50,0x4bfa50,5023306,0x4ca64a,
1990,0x7ff629230f70,0x4c0f70,5024901,0x4cac85,
1991,0x7ff629232ec0,0x4c2ec0,5026080,0x4cb120,
1992,0x7ff629234630,0x4c4630,5026224,0x4cb1b0,
1993,0x7ff629234970,0x4c4970,5026267,0x4cb1db,
1994,0x7ff629234be0,0x4c4be0,5026342,0x4cb226,
1995,0x7ff629234d30,0x4c4d30,5026573,0x4cb30d,
1996,0x7ff629235190,0x4c5190,5027613,0x4cb71d,
1997,0x7ff6292367a0,0x4c67a0,5027991,0x4cb897,
1998,0x7ff629237030,0x4c7030,5028584,0x4cbae8,
1999,0x7ff629237c70,0x4c7c70,5029360,0x4cbdf0,
2000,0x7ff629238f60,0x4c8f60,5029504,0x4cbe80,
2001,0x7ff6292392a0,0x4c92a0,5029529,0x4cbe99,
2002,0x7ff6292393a0,0x4c93a0,5029554,0x4cbeb2,
2003,0x7ff6292394a0,0x4c94a0,5029579,0x4cbecb,
2004,0x7ff6292395a0,0x4c95a0,5029604,0x4cbee4,
2005,0x7ff6292396a0,0x4c96a0,5029760,0x4cbf80,
2006,0x7ff629239920,0x4c9920,5030282,0x4cc18a,
2007,0x7ff62923a480,0x4ca480,5030908,0x4cc3fc,
2008,0x7ff62923b330,0x4cb330,5031344,0x4cc5b0,
2009,0x7ff62923bcf0,0x4cbcf0,5031567,0x4cc68f,
2010,0x7ff62923c260,0x4cc260,5031912,0x4cc7e8,
2011,0x7ff62923c9a0,0x4cc9a0,5032400,0x4cc9d0,
2012,0x7ff62923d4e0,0x4cd4e0,5032837,0x4ccb85,
2013,0x7ff62923dea0,0x4cdea0,5033076,0x4ccc74,
2014,0x7ff62923e470,0x4ce470,5033421,0x4ccdcd,
2015,0x7ff62923ebc0,0x4cebc0,5033776,0x4ccf30,
2016,0x7ff62923f300,0x4cf300,5033920,0x4ccfc0,
2017,0x7ff62923f640,0x4cf640,5033961,0x4ccfe9,
2018,0x7ff62923f740,0x4cf740,5034002,0x4cd012,
2019,0x7ff62923f850,0x4cf850,5034043,0x4cd03b,
2020,0x7ff62923f960,0x4cf960,5034084,0x4cd064,
2021,0x7ff62923fa70,0x4cfa70,5034125,0x4cd08d,
2022,0x7ff62923fb80,0x4cfb80,5034166,0x4cd0b6,
2023,0x7ff62923fc90,0x4cfc90,5034207,0x4cd0df,
2024,0x7ff62923fda0,0x4cfda0,5034248,0x4cd108,
2025,0x7ff62923feb0,0x4cfeb0,5034289,0x4cd131,
2026,0x7ff62923ffc0,0x4cffc0,5034330,0x4cd15a,
2027,0x7ff6292400d0,0x4d00d0,5034371,0x4cd183,
2028,0x7ff6292401e0,0x4d01e0,5034412,0x4cd1ac,
2029,0x7ff6292402f0,0x4d02f0,5034453,0x4cd1d5,
2030,0x7ff629240400,0x4d0400,5034613,0x4cd275,
2031,0x7ff6292406e0,0x4d06e0,5034868,0x4cd374,
2032,0x7ff629240b30,0x4d0b30,5035338,0x4cd54a,
2033,0x7ff6292414c0,0x4d14c0,5036048,0x4cd810,
2034,0x7ff629242610,0x4d2610,5036192,0x4cd8a0,
2035,0x7ff629242950,0x4d2950,5036233,0x4cd8c9,
2036,0x7ff629242a50,0x4d2a50,5036274,0x4cd8f2,
2037,0x7ff629242b60,0x4d2b60,5036315,0x4cd91b,
2038,0x7ff629242c70,0x4d2c70,5036356,0x4cd944,
2039,0x7ff629242d80,0x4d2d80,5036397,0x4cd96d,
2040,0x7ff629242e90,0x4d2e90,5036438,0x4cd996,
2041,0x7ff629242fa0,0x4d2fa0,5036479,0x4cd9bf,
2042,0x7ff6292430b0,0x4d30b0,5036520,0x4cd9e8,
2043,0x7ff6292431c0,0x4d31c0,5036561,0x4cda11,
2044,0x7ff6292432d0,0x4d32d0,5036602,0x4cda3a,
2045,0x7ff6292433e0,0x4d33e0,5036643,0x4cda63,
2046,0x7ff6292434f0,0x4d34f0,5036684,0x4cda8c,
2047,0x7ff629243600,0x4d3600,5036725,0x4cdab5,
2048,0x7ff629243710,0x4d3710,5036885,0x4cdb55,
2049,0x7ff6292439f0,0x4d39f0,5037140,0x4cdc54,
2050,0x7ff629243e40,0x4d3e40,5037609,0x4cde29,
2051,0x7ff6292447f0,0x4d47f0,5038320,0x4ce0f0,
2052,0x7ff629245940,0x4d5940,5038464,0x4ce180,
2053,0x7ff629245c80,0x4d5c80,5038505,0x4ce1a9,
2054,0x7ff629245d80,0x4d5d80,5038546,0x4ce1d2,
2055,0x7ff629245e90,0x4d5e90,5038587,0x4ce1fb,
2056,0x7ff629245fa0,0x4d5fa0,5038628,0x4ce224,
2057,0x7ff6292460b0,0x4d60b0,5038669,0x4ce24d,
2058,0x7ff6292461c0,0x4d61c0,5038710,0x4ce276,
2059,0x7ff6292462d0,0x4d62d0,5038751,0x4ce29f,
2060,0x7ff6292463e0,0x4d63e0,5038792,0x4ce2c8,
2061,0x7ff6292464f0,0x4d64f0,5038833,0x4ce2f1,
2062,0x7ff629246600,0x4d6600,5038874,0x4ce31a,
2063,0x7ff629246710,0x4d6710,5038915,0x4ce343,
2064,0x7ff629246820,0x4d6820,5038956,0x4ce36c,
2065,0x7ff629246930,0x4d6930,5038997,0x4ce395,
2066,0x7ff629246a40,0x4d6a40,5039038,0x4ce3be,
2067,0x7ff629246b50,0x4d6b50,5039079,0x4ce3e7,
2068,0x7ff629246c60,0x4d6c60,5039239,0x4ce487,
2069,0x7ff629246f40,0x4d6f40,5039608,0x4ce5f8,
2070,0x7ff6292474b0,0x4d74b0,5040000,0x4ce780,
2071,0x7ff629247c70,0x4d7c70,5040618,0x4ce9ea,
2072,0x7ff629248b50,0x4d8b50,5041011,0x4ceb73,
2073,0x7ff629249310,0x4d9310,5041706,0x4cee2a,
2074,0x7ff62924a3a0,0x4da3a0,5042523,0x4cf15b,
2075,0x7ff62924b550,0x4db550,5043141,0x4cf3c5,
2076,0x7ff62924c430,0x4dc430,5043922,0x4cf6d2,
2077,0x7ff62924d710,0x4dd710,5045221,0x4cfbe5,
2078,0x7ff62924f250,0x4df250,5045936,0x4cfeb0,
2079,0x7ff6292502e0,0x4e02e0,5046080,0x4cff40,
2080,0x7ff629250620,0x4e0620,5046121,0x4cff69,
2081,0x7ff629250720,0x4e0720,5046162,0x4cff92,
2082,0x7ff629250830,0x4e0830,5046203,0x4cffbb,
2083,0x7ff629250940,0x4e0940,5046244,0x4cffe4,
2084,0x7ff629250a50,0x4e0a50,5046285,0x4d000d,
2085,0x7ff629250b60,0x4e0b60,5046326,0x4d0036,
2086,0x7ff629250c70,0x4e0c70,5046367,0x4d005f,
2087,0x7ff629250d80,0x4e0d80,5046408,0x4d0088,
2088,0x7ff629250e90,0x4e0e90,5046449,0x4d00b1,
2089,0x7ff629250fa0,0x4e0fa0,5046490,0x4d00da,
2090,0x7ff6292510b0,0x4e10b0,5046531,0x4d0103,
2091,0x7ff6292511c0,0x4e11c0,5046572,0x4d012c,
2092,0x7ff6292512d0,0x4e12d0,5046613,0x4d0155,
2093,0x7ff6292513e0,0x4e13e0,5046654,0x4d017e,
2094,0x7ff6292514f0,0x4e14f0,5046814,0x4d021e,
2095,0x7ff6292517d0,0x4e17d0,5047146,0x4d036a,
2096,0x7ff629251d00,0x4e1d00,5047276,0x4d03ec,
2097,0x7ff629251f80,0x4e1f80,5047734,0x4d05b6,
2098,0x7ff6292528f0,0x4e28f0,5048550,0x4d08e6,
2099,0x7ff629253c50,0x4e3c50,5048922,0x4d0a5a,
2100,0x7ff6292543b0,0x4e43b0,5049525,0x4d0cb5,
2101,0x7ff629255210,0x4e5210,5050491,0x4d107b,
2102,0x7ff629256270,0x4e6270,5052202,0x4d172a,
2103,0x7ff629258ff0,0x4e8ff0,5052440,0x4d1818,
2104,0x7ff629259700,0x4e9700,5052517,0x4d1865,
2105,0x7ff629259970,0x4e9970,5052688,0x4d1910,
2106,0x7ff629259e50,0x4e9e50,5053328,0x4d1b90,
2107,0x7ff62925ad10,0x4ead10,5053472,0x4d1c20,
2108,0x7ff62925b050,0x4eb050,5053525,0x4d1c55,
2109,0x7ff62925b180,0x4eb180,5053578,0x4d1c8a,
2110,0x7ff62925b2c0,0x4eb2c0,5053631,0x4d1cbf,
2111,0x7ff62925b400,0x4eb400,5053684,0x4d1cf4,
2112,0x7ff62925b540,0x4eb540,5053737,0x4d1d29,
2113,0x7ff62925b680,0x4eb680,5053790,0x4d1d5e,
2114,0x7ff62925b7c0,0x4eb7c0,5053843,0x4d1d93,
2115,0x7ff62925b900,0x4eb900,5053896,0x4d1dc8,
2116,0x7ff62925ba40,0x4eba40,5053949,0x4d1dfd,
2117,0x7ff62925bb80,0x4ebb80,5054002,0x4d1e32,
2118,0x7ff62925bcc0,0x4ebcc0,5054055,0x4d1e67,
2119,0x7ff62925be00,0x4ebe00,5054215,0x4d1f07,
2120,0x7ff62925c0e0,0x4ec0e0,5054506,0x4d202a,
2121,0x7ff62925c5a0,0x4ec5a0,5054875,0x4d219b,
2122,0x7ff62925cd00,0x4ecd00,5055478,0x4d23f6,
2123,0x7ff62925db60,0x4edb60,5055876,0x4d2584,
2124,0x7ff62925e340,0x4ee340,5056560,0x4d2830,
2125,0x7ff62925f3e0,0x4ef3e0,5056704,0x4d28c0,
2126,0x7ff62925f720,0x4ef720,5056745,0x4d28e9,
2127,0x7ff62925f820,0x4ef820,5056786,0x4d2912,
2128,0x7ff62925f930,0x4ef930,5056827,0x4d293b,
2129,0x7ff62925fa40,0x4efa40,5056868,0x4d2964,
2130,0x7ff62925fb50,0x4efb50,5056909,0x4d298d,
2131,0x7ff62925fc60,0x4efc60,5056950,0x4d29b6,
2132,0x7ff62925fd70,0x4efd70,5056991,0x4d29df,
2133,0x7ff62925fe80,0x4efe80,5057032,0x4d2a08,
2134,0x7ff62925ff90,0x4eff90,5057073,0x4d2a31,
2135,0x7ff6292600a0,0x4f00a0,5057114,0x4d2a5a,
2136,0x7ff6292601b0,0x4f01b0,5057155,0x4d2a83,
2137,0x7ff6292602c0,0x4f02c0,5057196,0x4d2aac,
2138,0x7ff6292603d0,0x4f03d0,5057237,0x4d2ad5,
2139,0x7ff6292604e0,0x4f04e0,5057278,0x4d2afe,
2140,0x7ff6292605f0,0x4f05f0,5057319,0x4d2b27,
2141,0x7ff629260700,0x4f0700,5057479,0x4d2bc7,
2142,0x7ff6292609e0,0x4f09e0,5057770,0x4d2cea,
2143,0x7ff629260ea0,0x4f0ea0,5058228,0x4d2eb4,
2144,0x7ff629261810,0x4f1810,5059068,0x4d31fc,
2145,0x7ff629262bc0,0x4f2bc0,5059537,0x4d33d1,
2146,0x7ff629263570,0x4f3570,5060256,0x4d36a0,
2147,0x7ff6292646d0,0x4f46d0,5060400,0x4d3730,
2148,0x7ff629264a10,0x4f4a10,5060441,0x4d3759,
2149,0x7ff629264b10,0x4f4b10,5060482,0x4d3782,
2150,0x7ff629264c20,0x4f4c20,5060523,0x4d37ab,
2151,0x7ff629264d30,0x4f4d30,5060564,0x4d37d4,
2152,0x7ff629264e40,0x4f4e40,5060605,0x4d37fd,
2153,0x7ff629264f50,0x4f4f50,5060646,0x4d3826,
2154,0x7ff629265060,0x4f5060,5060687,0x4d384f,
2155,0x7ff629265170,0x4f5170,5060728,0x4d3878,
2156,0x7ff629265280,0x4f5280,5060769,0x4d38a1,
2157,0x7ff629265390,0x4f5390,5060810,0x4d38ca,
2158,0x7ff6292654a0,0x4f54a0,5060851,0x4d38f3,
2159,0x7ff6292655b0,0x4f55b0,5060892,0x4d391c,
2160,0x7ff6292656c0,0x4f56c0,5060933,0x4d3945,
2161,0x7ff6292657d0,0x4f57d0,5060974,0x4d396e,
2162,0x7ff6292658e0,0x4f58e0,5061015,0x4d3997,
2163,0x7ff6292659f0,0x4f59f0,5061175,0x4d3a37,
2164,0x7ff629265cd0,0x4f5cd0,5061430,0x4d3b36,
2165,0x7ff629266120,0x4f6120,5061800,0x4d3ca8,
2166,0x7ff629266850,0x4f6850,5062416,0x4d3f10,
2167,0x7ff6292676c0,0x4f76c0,5062560,0x4d3fa0,
2168,0x7ff629267a00,0x4f7a00,5062586,0x4d3fba,
2169,0x7ff629267bc0,0x4f7bc0,5062621,0x4d3fdd,
2170,0x7ff629267cb0,0x4f7cb0,5063313,0x4d4291,
2171,0x7ff629268b90,0x4f8b90,5063451,0x4d431b,
2172,0x7ff629268e70,0x4f8e70,5064023,0x4d4557,
2173,0x7ff629269c20,0x4f9c20,5064075,0x4d458b,
2174,0x7ff629269d70,0x4f9d70,5064482,0x4d4722,
2175,0x7ff62926a670,0x4fa670,5064592,0x4d4790,
2176,0x7ff62926a870,0x4fa870,5064736,0x4d4820,
2177,0x7ff62926abb0,0x4fabb0,5064772,0x4d4844,
2178,0x7ff62926acb0,0x4facb0,5064851,0x4d4893,
2179,0x7ff62926afd0,0x4fafd0,5064902,0x4d48c6,
2180,0x7ff62926b110,0x4fb110,5065073,0x4d4971,
2181,0x7ff62926b490,0x4fb490,5065154,0x4d49c2,
2182,0x7ff62926b680,0x4fb680,5065565,0x4d4b5d,
2183,0x7ff62926bf50,0x4fbf50,5065710,0x4d4bee,
2184,0x7ff62926c2b0,0x4fc2b0,5066084,0x4d4d64,
2185,0x7ff62926c970,0x4fc970,5066453,0x4d4ed5,
2186,0x7ff62926d0a0,0x4fd0a0,5066561,0x4d4f41,
2187,0x7ff62926d2f0,0x4fd2f0,5066864,0x4d5070,
2188,0x7ff62926d930,0x4fd930,5067331,0x4d5243,
2189,0x7ff62926e220,0x4fe220,5067954,0x4d54b2,
2190,0x7ff62926ee70,0x4fee70,5068442,0x4d569a,
2191,0x7ff62926f770,0x4ff770,5068464,0x4d56b0,
2192,0x7ff62926f7d0,0x4ff7d0,5068625,0x4d5751,
2193,0x7ff62926fb40,0x4ffb40,5068783,0x4d57ef,
2194,0x7ff62926fe70,0x4ffe70,5069068,0x4d590c,
2195,0x7ff629270470,0x500470,5069132,0x4d594c,
2196,0x7ff629270640,0x500640,5073038,0x4d688e,
2197,0x7ff629275b10,0x505b10,5073096,0x4d68c8,
2198,0x7ff629275d00,0x505d00,5073147,0x4d68fb,
2199,0x7ff629275e40,0x505e40,5073318,0x4d69a6,
2200,0x7ff6292761c0,0x5061c0,5074936,0x4d6ff8,
2201,0x7ff629277fc0,0x507fc0,5075012,0x4d7044,
2202,0x7ff629278150,0x508150,5075275,0x4d714b,
2203,0x7ff629278630,0x508630,5075316,0x4d7174,
2204,0x7ff629278790,0x508790,5075664,0x4d72d0,
2205,0x7ff629278e70,0x508e70,5076297,0x4d7549,
2206,0x7ff629279a20,0x509a20,5077177,0x4d78b9,
2207,0x7ff62927ac60,0x50ac60,5077712,0x4d7ad0,
2208,0x7ff62927b6d0,0x50b6d0,5078442,0x4d7daa,
2209,0x7ff62927c5b0,0x50c5b0,5078788,0x4d7f04,
2210,0x7ff62927cd30,0x50cd30,5079007,0x4d7fdf,
2211,0x7ff62927d130,0x50d130,5079415,0x4d8177,
2212,0x7ff62927d870,0x50d870,5079926,0x4d8376,
2213,0x7ff62927e2e0,0x50e2e0,5080502,0x4d85b6,
2214,0x7ff62927edc0,0x50edc0,5081081,0x4d87f9,
2215,0x7ff62927f9a0,0x50f9a0,5082185,0x4d8c49,
2216,0x7ff629280e90,0x510e90,5083183,0x4d902f,
2217,0x7ff629281f00,0x511f00,5083404,0x4d910c,
2218,0x7ff629282210,0x512210,5083924,0x4d9314,
2219,0x7ff629282cc0,0x512cc0,5084418,0x4d9502,
2220,0x7ff629283630,0x513630,5084884,0x4d96d4,
2221,0x7ff629284040,0x514040,5085092,0x4d97a4,
2222,0x7ff628f862f0,0x2162f0,5087366,0x4da086,
2223,0x7ff6292844b0,0x5144b0,5087618,0x4da182,
2224,0x7ff629284990,0x514990,5088534,0x4da516,
2225,0x7ff629285940,0x515940,5088991,0x4da6df,
2226,0x7ff6292861c0,0x5161c0,5089645,0x4da96d,
2227,0x7ff629286e50,0x516e50,5089753,0x4da9d9,
2228,0x7ff6292870a0,0x5170a0,5090407,0x4dac67,
2229,0x7ff629287ea0,0x517ea0,5090598,0x4dad26,
2230,0x7ff629288320,0x518320,5090652,0x4dad5c,
2231,0x7ff629288470,0x518470,5091152,0x4daf50,
2232,0x7ff629288f70,0x518f70,5091343,0x4db00f,
2233,0x7ff6292893f0,0x5193f0,5091679,0x4db15f,
2234,0x7ff629289ae0,0x519ae0,5091950,0x4db26e,
2235,0x7ff629289fd0,0x519fd0,5092064,0x4db2e0,
2236,0x7ff62928a260,0x51a260,5092208,0x4db370,
2237,0x7ff62928a5a0,0x51a5a0,5092234,0x4db38a,
2238,0x7ff62928a6a0,0x51a6a0,5092562,0x4db4d2,
2239,0x7ff62928ad50,0x51ad50,5093846,0x4db9d6,
2240,0x7ff62928c870,0x51c870,5094008,0x4dba78,
2241,0x7ff62928cc00,0x51cc00,5094386,0x4dbbf2,
2242,0x7ff62928d370,0x51d370,5094712,0x4dbd38,
2243,0x7ff62928da80,0x51da80,5094984,0x4dbe48,
2244,0x7ff62928e150,0x51e150,5095692,0x4dc10c,
2245,0x7ff62928ef90,0x51ef90,5096127,0x4dc2bf,
2246,0x7ff62928f880,0x51f880,5097431,0x4dc7d7,
2247,0x7ff629291290,0x521290,5098065,0x4dca51,
2248,0x7ff629292020,0x522020,5098436,0x4dcbc4,
2249,0x7ff6292927e0,0x5227e0,5098788,0x4dcd24,
2250,0x7ff629292f90,0x522f90,5099184,0x4dceb0,
2251,0x7ff629293750,0x523750,5099328,0x4dcf40,
2252,0x7ff629293a90,0x523a90,5099381,0x4dcf75,
2253,0x7ff629293bb0,0x523bb0,5099709,0x4dd0bd,
2254,0x7ff629294260,0x524260,5100710,0x4dd4a6,
2255,0x7ff6292957d0,0x5257d0,5100872,0x4dd548,
2256,0x7ff629295b60,0x525b60,5101198,0x4dd68e,
2257,0x7ff629296270,0x526270,5101470,0x4dd79e,
2258,0x7ff629296940,0x526940,5101713,0x4dd891,
2259,0x7ff629296e20,0x526e20,5102148,0x4dda44,
2260,0x7ff629297710,0x527710,5103263,0x4dde9f,
2261,0x7ff629298e00,0x528e00,5103897,0x4de119,
2262,0x7ff629299b90,0x529b90,5104243,0x4de273,
2263,0x7ff62929a300,0x52a300,5104608,0x4de3e0,
2264,0x7ff62929aaa0,0x52aaa0,5104779,0x4de48b,
2265,0x7ff62929ae10,0x52ae10,5104800,0x4de4a0,
2266,0x7ff62929aef0,0x52aef0,5104926,0x4de51e,
2267,0x7ff62929b140,0x52b140,5106108,0x4de9bc,
2268,0x7ff62929ca70,0x52ca70,5106270,0x4dea5e,
2269,0x7ff62929ce00,0x52ce00,5106596,0x4deba4,
2270,0x7ff62929d510,0x52d510,5106868,0x4decb4,
2271,0x7ff62929dbe0,0x52dbe0,5107114,0x4dedaa,
2272,0x7ff62929e0d0,0x52e0d0,5107549,0x4def5d,
2273,0x7ff62929e9c0,0x52e9c0,5108664,0x4df3b8,
2274,0x7ff6292a00b0,0x5300b0,5109298,0x4df632,
2275,0x7ff6292a0e40,0x530e40,5109644,0x4df78c,
2276,0x7ff6292a15b0,0x5315b0,5110000,0x4df8f0,
2277,0x7ff6292a1d50,0x531d50,5110144,0x4df980,
2278,0x7ff6292a2090,0x532090,5110197,0x4df9b5,
2279,0x7ff6292a21b0,0x5321b0,5110525,0x4dfafd,
2280,0x7ff6292a2860,0x532860,5111526,0x4dfee6,
2281,0x7ff6292a3dd0,0x533dd0,5111691,0x4dff8b,
2282,0x7ff6292a4180,0x534180,5112017,0x4e00d1,
2283,0x7ff6292a4890,0x534890,5112289,0x4e01e1,
2284,0x7ff6292a4f60,0x534f60,5112549,0x4e02e5,
2285,0x7ff6292a54e0,0x5354e0,5112984,0x4e0498,
2286,0x7ff6292a5dd0,0x535dd0,5114099,0x4e08f3,
2287,0x7ff6292a74c0,0x5374c0,5114733,0x4e0b6d,
2288,0x7ff6292a8250,0x538250,5115104,0x4e0ce0,
2289,0x7ff6292a8a10,0x538a10,5115456,0x4e0e40,
2290,0x7ff6292a91b0,0x5391b0,5115600,0x4e0ed0,
2291,0x7ff6292a94f0,0x5394f0,5115639,0x4e0ef7,
2292,0x7ff6292a9600,0x539600,5115669,0x4e0f15,
2293,0x7ff6292a9700,0x539700,5115722,0x4e0f4a,
2294,0x7ff6292a98a0,0x5398a0,5115815,0x4e0fa7,
2295,0x7ff6292a9af0,0x539af0,5116416,0x4e1200,
2296,0x7ff6292aaa40,0x53aa40,5116611,0x4e12c3,
2297,0x7ff6292aade0,0x53ade0,5116889,0x4e13d9,
2298,0x7ff6292ab500,0x53b500,5117312,0x4e1580,
2299,0x7ff6292abd50,0x53bd50,5117456,0x4e1610,
2300,0x7ff6292ac090,0x53c090,5117479,0x4e1627,
2301,0x7ff6292ac340,0x53c340,5117502,0x4e163e,
2302,0x7ff6292ac440,0x53c440,5117525,0x4e1655,
2303,0x7ff6292ac540,0x53c540,5117548,0x4e166c,
2304,0x7ff6292ac640,0x53c640,5117571,0x4e1683,
2305,0x7ff6292ac740,0x53c740,5117594,0x4e169a,
2306,0x7ff6292ac840,0x53c840,5117617,0x4e16b1,
2307,0x7ff6292ac940,0x53c940,5117640,0x4e16c8,
2308,0x7ff6292aca40,0x53ca40,5117699,0x4e1703,
2309,0x7ff6292acb50,0x53cb50,5117828,0x4e1784,
2310,0x7ff6292ace40,0x53ce40,5117957,0x4e1805,
2311,0x7ff6292ad130,0x53d130,5118543,0x4e1a4f,
2312,0x7ff6292ae100,0x53e100,5118908,0x4e1bbc,
2313,0x7ff6292ae980,0x53e980,5119013,0x4e1c25,
2314,0x7ff6292aeb70,0x53eb70,5119148,0x4e1cac,
2315,0x7ff6292aeee0,0x53eee0,5119282,0x4e1d32,
2316,0x7ff6292af2c0,0x53f2c0,5119640,0x4e1e98,
2317,0x7ff6292af7f0,0x53f7f0,5121009,0x4e23f1,
2318,0x7ff6291faa80,0x48aa80,5121207,0x4e24b7,
2319,0x7ff6292b0c40,0x540c40,5121434,0x4e259a,
2320,0x7ff6292b1150,0x541150,5122689,0x4e2a81,
2321,0x7ff6292b2ed0,0x542ed0,5123262,0x4e2cbe,
2322,0x7ff6292b3ce0,0x543ce0,5123366,0x4e2d26,
2323,0x7ff628f78230,0x208230,5123571,0x4e2df3,
2324,0x7ff6292b3f70,0x543f70,5124920,0x4e3338,
2325,0x7ff6292b5c40,0x545c40,5125174,0x4e3436,
2326,0x7ff6292b61e0,0x5461e0,5126350,0x4e38ce,
2327,0x7ff6292b7b60,0x547b60,5126724,0x4e3a44,
2328,0x7ff6292b8380,0x548380,5127505,0x4e3d51,
2329,0x7ff6292b9650,0x549650,5128222,0x4e401e,
2330,0x7ff6292ba680,0x54a680,5129414,0x4e44c6,
2331,0x7ff6292bbef0,0x54bef0,5129641,0x4e45a9,
2332,0x7ff6292bc400,0x54c400,5129999,0x4e470f,
2333,0x7ff6292bcda0,0x54cda0,5130452,0x4e48d4,
2334,0x7ff6292bd7d0,0x54d7d0,5131067,0x4e4b3b,
2335,0x7ff6292be500,0x54e500,5131857,0x4e4e51,
2336,0x7ff6292bf600,0x54f600,5132038,0x4e4f06,
2337,0x7ff6292bfa20,0x54fa20,5132490,0x4e50ca,
2338,0x7ff6292c0510,0x550510,5134690,0x4e5962,
2339,0x7ff6292c2b40,0x552b40,5136680,0x4e6128,
2340,0x7ff6292c5330,0x555330,5137061,0x4e62a5,
2341,0x7ff6292c5c10,0x555c10,5137533,0x4e647d,
2342,0x7ff6292c6750,0x556750,5138030,0x4e666e,
2343,0x7ff6292c7360,0x557360,5138719,0x4e691f,
2344,0x7ff6292c8500,0x558500,5138826,0x4e698a,
2345,0x7ff6292c8850,0x558850,5139127,0x4e6ab7,
2346,0x7ff6292c9020,0x559020,5140460,0x4e6fec,
2347,0x7ff6292cac40,0x55ac40,5140946,0x4e71d2,
2348,0x7ff6292cb870,0x55b870,5141423,0x4e73af,
2349,0x7ff6292cc3f0,0x55c3f0,5141980,0x4e75dc,
2350,0x7ff6292cd200,0x55d200,5142645,0x4e7875,
2351,0x7ff6292ce050,0x55e050,5144933,0x4e8165,
2352,0x7ff628f609a0,0x1f09a0,5145072,0x4e81f0,
2353,0x7ff6292d0b40,0x560b40,5148794,0x4e907a,
2354,0x7ff6292d55e0,0x5655e0,5149330,0x4e9292,
2355,0x7ff6292d62b0,0x5662b0,5149584,0x4e9390,
2356,0x7ff6292d6850,0x566850,5150124,0x4e95ac,
2357,0x7ff6292d72e0,0x5672e0,5152029,0x4e9d1d,
2358,0x7ff6292d9680,0x569680,5153010,0x4ea0f2,
2359,0x7ff6292dace0,0x56ace0,5153524,0x4ea2f4,
2360,0x7ff6292db9c0,0x56b9c0,5154005,0x4ea4d5,
2361,0x7ff6292dc580,0x56c580,5154464,0x4ea6a0,
2362,0x7ff6292dd080,0x56d080,5155097,0x4ea919,
2363,0x7ff6292ddff0,0x56dff0,5155184,0x4ea970,
2364,0x7ff6292de210,0x56e210,5155328,0x4eaa00,
2365,0x7ff6292de550,0x56e550,5155353,0x4eaa19,
2366,0x7ff6292de650,0x56e650,5155378,0x4eaa32,
2367,0x7ff6292de750,0x56e750,5155569,0x4eaaf1,
2368,0x7ff6292dea90,0x56ea90,5155810,0x4eabe2,
2369,0x7ff6292deda0,0x56eda0,5155940,0x4eac64,
2370,0x7ff6292df020,0x56f020,5156436,0x4eae54,
2371,0x7ff629259970,0x4e9970,5156607,0x4eaeff,
2372,0x7ff6292df9c0,0x56f9c0,5158460,0x4eb63c,
2373,0x7ff6292e2850,0x572850,5158728,0x4eb748,
2374,0x7ff6292e2ef0,0x572ef0,5158830,0x4eb7ae,
2375,0x7ff6292e31b0,0x5731b0,5159507,0x4eba53,
2376,0x7ff6292e3f50,0x573f50,5160085,0x4ebc95,
2377,0x7ff6292e4b10,0x574b10,5160326,0x4ebd86,
2378,0x7ff6292e4e20,0x574e20,5161138,0x4ec0b2,
2379,0x7ff6292e5d70,0x575d70,5163004,0x4ec7fc,
2380,0x7ff6292e8c70,0x578c70,5164134,0x4ecc66,
2381,0x7ff6292ea3a0,0x57a3a0,5164656,0x4ece70,
2382,0x7ff6292eae90,0x57ae90,5164800,0x4ecf00,
2383,0x7ff6292eb1d0,0x57b1d0,5164826,0x4ecf1a,
2384,0x7ff6292eb2d0,0x57b2d0,5164971,0x4ecfab,
2385,0x7ff6292eb590,0x57b590,5165135,0x4ed04f,
2386,0x7ff6292eb8c0,0x57b8c0,5165856,0x4ed320,
2387,0x7ff6292ec7e0,0x57c7e0,5166453,0x4ed575,
2388,0x7ff6292ed5a0,0x57d5a0,5167024,0x4ed7b0,
2389,0x7ff6292ee290,0x57e290,5167612,0x4ed9fc,
2390,0x7ff6292ef020,0x57f020,5167785,0x4edaa9,
2391,0x7ff6292ef320,0x57f320,5167885,0x4edb0d,
2392,0x7ff6292ef6b0,0x57f6b0,5167934,0x4edb3e,
2393,0x7ff6292ef820,0x57f820,5169150,0x4edffe,
2394,0x7ff6292f1640,0x581640,5169718,0x4ee236,
2395,0x7ff6292f23b0,0x5823b0,5170323,0x4ee493,
2396,0x7ff6292f3220,0x583220,5171312,0x4ee870,
2397,0x7ff6292f48f0,0x5848f0,5171456,0x4ee900,
2398,0x7ff6292f4c30,0x584c30,5171484,0x4ee91c,
2399,0x7ff6292f4d30,0x584d30,5171629,0x4ee9ad,
2400,0x7ff6292f4ff0,0x584ff0,5171793,0x4eea51,
2401,0x7ff6292f5320,0x585320,5172514,0x4eed22,
2402,0x7ff6292f6240,0x586240,5173111,0x4eef77,
2403,0x7ff6292f7000,0x587000,5173682,0x4ef1b2,
2404,0x7ff6292f7cf0,0x587cf0,5174292,0x4ef414,
2405,0x7ff6292f8b10,0x588b10,5174465,0x4ef4c1,
2406,0x7ff6292f8e10,0x588e10,5174565,0x4ef525,
2407,0x7ff6292f90d0,0x5890d0,5174583,0x4ef537,
2408,0x7ff6292f9160,0x589160,5174712,0x4ef5b8,
2409,0x7ff6292f93d0,0x5893d0,5174944,0x4ef6a0,
2410,0x7ff6292f9950,0x589950,5175088,0x4ef730,
2411,0x7ff6292f9c90,0x589c90,5175114,0x4ef74a,
2412,0x7ff6292f9d90,0x589d90,5175259,0x4ef7db,
2413,0x7ff6292fa050,0x58a050,5175423,0x4ef87f,
2414,0x7ff6292fa380,0x58a380,5176144,0x4efb50,
2415,0x7ff6292fb2a0,0x58b2a0,5176741,0x4efda5,
2416,0x7ff6292fc060,0x58c060,5177312,0x4effe0,
2417,0x7ff6292fcd50,0x58cd50,5177900,0x4f022c,
2418,0x7ff6292fdae0,0x58dae0,5178073,0x4f02d9,
2419,0x7ff6292fdde0,0x58dde0,5178173,0x4f033d,
2420,0x7ff6292fe170,0x58e170,5178222,0x4f036e,
2421,0x7ff6292fe2e0,0x58e2e0,5178464,0x4f0460,
2422,0x7ff6292fe800,0x58e800,5179120,0x4f06f0,
2423,0x7ff6292ff730,0x58f730,5179264,0x4f0780,
2424,0x7ff6292ffa70,0x58fa70,5179290,0x4f079a,
2425,0x7ff6292ffb70,0x58fb70,5179435,0x4f082b,
2426,0x7ff6292ffe30,0x58fe30,5179599,0x4f08cf,
2427,0x7ff629300160,0x590160,5180320,0x4f0ba0,
2428,0x7ff629301080,0x591080,5180917,0x4f0df5,
2429,0x7ff629301e40,0x591e40,5181488,0x4f1030,
2430,0x7ff629302b30,0x592b30,5182098,0x4f1292,
2431,0x7ff629303950,0x593950,5182271,0x4f133f,
2432,0x7ff629303c50,0x593c50,5182371,0x4f13a3,
2433,0x7ff629303ea0,0x593ea0,5182585,0x4f1479,
2434,0x7ff6293042f0,0x5942f0,5183750,0x4f1906,
2435,0x7ff629305da0,0x595da0,5184032,0x4f1a20,
2436,0x7ff6293063b0,0x5963b0,5184314,0x4f1b3a,
2437,0x7ff6293069c0,0x5969c0,5185056,0x4f1e20,
2438,0x7ff629307c20,0x597c20,5185200,0x4f1eb0,
2439,0x7ff629307f60,0x597f60,5185226,0x4f1eca,
2440,0x7ff629308060,0x598060,5185371,0x4f1f5b,
2441,0x7ff629308320,0x598320,5185535,0x4f1fff,
2442,0x7ff629308650,0x598650,5186256,0x4f22d0,
2443,0x7ff629309570,0x599570,5186853,0x4f2525,
2444,0x7ff62930a330,0x59a330,5187424,0x4f2760,
2445,0x7ff62930b020,0x59b020,5188012,0x4f29ac,
2446,0x7ff62930bdb0,0x59bdb0,5188185,0x4f2a59,
2447,0x7ff62930c0b0,0x59c0b0,5188456,0x4f2b68,
2448,0x7ff62930c620,0x59c620,5188661,0x4f2c35,
2449,0x7ff62930ca40,0x59ca40,5190397,0x4f32fd,
2450,0x7ff62930f390,0x59f390,5191176,0x4f3608,
2451,0x7ff6293106a0,0x5a06a0,5191645,0x4f37dd,
2452,0x7ff629311180,0x5a1180,5192302,0x4f3a6e,
2453,0x7ff629311f60,0x5a1f60,5192959,0x4f3cff,
2454,0x7ff629312d40,0x5a2d40,5193168,0x4f3dd0,
2455,0x7ff6293131f0,0x5a31f0,5193648,0x4f3fb0,
2456,0x7ff629313d40,0x5a3d40,5194143,0x4f419f,
2457,0x7ff6293148f0,0x5a48f0,5194608,0x4f4370,
2458,0x7ff6293153a0,0x5a53a0,5194752,0x4f4400,
2459,0x7ff6293156e0,0x5a56e0,5194778,0x4f441a,
2460,0x7ff6293157e0,0x5a57e0,5194923,0x4f44ab,
2461,0x7ff629315aa0,0x5a5aa0,5195087,0x4f454f,
2462,0x7ff629315dd0,0x5a5dd0,5195808,0x4f4820,
2463,0x7ff629316cf0,0x5a6cf0,5196405,0x4f4a75,
2464,0x7ff629317ab0,0x5a7ab0,5196976,0x4f4cb0,
2465,0x7ff6293187a0,0x5a87a0,5197586,0x4f4f12,
2466,0x7ff6293195c0,0x5a95c0,5197759,0x4f4fbf,
2467,0x7ff6293198c0,0x5a98c0,5197859,0x4f5023,
2468,0x7ff629319c50,0x5a9c50,5197908,0x4f5054,
2469,0x7ff629319dc0,0x5a9dc0,5198084,0x4f5104,
2470,0x7ff62931a1b0,0x5aa1b0,5198544,0x4f52d0,
2471,0x7ff62931ac60,0x5aac60,5198688,0x4f5360,
2472,0x7ff62931afa0,0x5aafa0,5198714,0x4f537a,
2473,0x7ff62931b0a0,0x5ab0a0,5198859,0x4f540b,
2474,0x7ff62931b360,0x5ab360,5199023,0x4f54af,
2475,0x7ff62931b690,0x5ab690,5199744,0x4f5780,
2476,0x7ff62931c5b0,0x5ac5b0,5200341,0x4f59d5,
2477,0x7ff62931d370,0x5ad370,5200912,0x4f5c10,
2478,0x7ff62931e060,0x5ae060,5201500,0x4f5e5c,
2479,0x7ff62931edf0,0x5aedf0,5201673,0x4f5f09,
2480,0x7ff62931f0f0,0x5af0f0,5201938,0x4f6012,
2481,0x7ff62931f630,0x5af630,5202199,0x4f6117,
2482,0x7ff62931fc70,0x5afc70,5203024,0x4f6450,
2483,0x7ff629320df0,0x5b0df0,5203529,0x4f6649,
2484,0x7ff629321880,0x5b1880,5203918,0x4f67ce,
2485,0x7ff629322100,0x5b2100,5204349,0x4f697d,
2486,0x7ff629322940,0x5b2940,5204720,0x4f6af0,
2487,0x7ff629323150,0x5b3150,5204864,0x4f6b80,
2488,0x7ff629323490,0x5b3490,5204890,0x4f6b9a,
2489,0x7ff629323590,0x5b3590,5205035,0x4f6c2b,
2490,0x7ff629323850,0x5b3850,5205199,0x4f6ccf,
2491,0x7ff629323b80,0x5b3b80,5205920,0x4f6fa0,
2492,0x7ff629324aa0,0x5b4aa0,5206517,0x4f71f5,
2493,0x7ff629325860,0x5b5860,5207088,0x4f7430,
2494,0x7ff629326550,0x5b6550,5207698,0x4f7692,
2495,0x7ff629327370,0x5b7370,5207871,0x4f773f,
2496,0x7ff629327670,0x5b7670,5207971,0x4f77a3,
2497,0x7ff629327a00,0x5b7a00,5208020,0x4f77d4,
2498,0x7ff629327b70,0x5b7b70,5208100,0x4f7824,
2499,0x7ff629327d40,0x5b7d40,5208511,0x4f79bf,
2500,0x7ff6293286b0,0x5b86b0,5208816,0x4f7af0,
2501,0x7ff629328dd0,0x5b8dd0,5208960,0x4f7b80,
2502,0x7ff629329110,0x5b9110,5208981,0x4f7b95,
2503,0x7ff6293291f0,0x5b91f0,5209131,0x4f7c2b,
2504,0x7ff6293294b0,0x5b94b0,5209295,0x4f7ccf,
2505,0x7ff6293297e0,0x5b97e0,5210016,0x4f7fa0,
2506,0x7ff62932a700,0x5ba700,5210613,0x4f81f5,
2507,0x7ff62932b4c0,0x5bb4c0,5211184,0x4f8430,
2508,0x7ff62932c1b0,0x5bc1b0,5211772,0x4f867c,
2509,0x7ff62932cf40,0x5bcf40,5211945,0x4f8729,
2510,0x7ff62932d240,0x5bd240,5212045,0x4f878d,
2511,0x7ff62932d5d0,0x5bd5d0,5212094,0x4f87be,
2512,0x7ff62932d740,0x5bd740,5212174,0x4f880e,
2513,0x7ff62932d910,0x5bd910,5212585,0x4f89a9,
2514,0x7ff62932e280,0x5be280,5212880,0x4f8ad0,
2515,0x7ff62932e980,0x5be980,5213024,0x4f8b60,
2516,0x7ff62932ecc0,0x5becc0,5213045,0x4f8b75,
2517,0x7ff62932eda0,0x5beda0,5213205,0x4f8c15,
2518,0x7ff62932f080,0x5bf080,5213369,0x4f8cb9,
2519,0x7ff62932f3b0,0x5bf3b0,5214090,0x4f8f8a,
2520,0x7ff6293302d0,0x5c02d0,5214687,0x4f91df,
2521,0x7ff629331090,0x5c1090,5215258,0x4f941a,
2522,0x7ff629331d80,0x5c1d80,5215846,0x4f9666,
2523,0x7ff629332b10,0x5c2b10,5216019,0x4f9713,
2524,0x7ff629332e10,0x5c2e10,5216240,0x4f97f0,
2525,0x7ff6293332b0,0x5c32b0,5216401,0x4f9891,
2526,0x7ff629333620,0x5c3620,5216567,0x4f9937,
2527,0x7ff629333930,0x5c3930,5216781,0x4f9a0d,
2528,0x7ff629333ce0,0x5c3ce0,5216845,0x4f9a4d,
2529,0x7ff629333eb0,0x5c3eb0,5220755,0x4fa993,
2530,0x7ff629339340,0x5c9340,5220813,0x4fa9cd,
2531,0x7ff628f28080,0x1b8080,5221036,0x4faaac,
2532,0x7ff629339530,0x5c9530,5222767,0x4fb16f,
2533,0x7ff62933b500,0x5cb500,5222873,0x4fb1d9,
2534,0x7ff62933b7c0,0x5cb7c0,5223059,0x4fb293,
2535,0x7ff62933bc40,0x5cbc40,5223420,0x4fb3fc,
2536,0x7ff62933c2d0,0x5cc2d0,5224803,0x4fb963,
2537,0x7ff62933df70,0x5cdf70,5225388,0x4fbbac,
2538,0x7ff62933eb30,0x5ceb30,5226568,0x4fc048,
2539,0x7ff6293409d0,0x5d09d0,5227820,0x4fc52c,
2540,0x7ff629342170,0x5d2170,5228038,0x4fc606,
2541,0x7ff629342680,0x5d2680,5228257,0x4fc6e1,
2542,0x7ff629342a80,0x5d2a80,5228877,0x4fc94d,
2543,0x7ff629343740,0x5d3740,5229596,0x4fcc1c,
2544,0x7ff629344440,0x5d4440,5229853,0x4fcd1d,
2545,0x7ff629344960,0x5d4960,5230193,0x4fce71,
2546,0x7ff629345000,0x5d5000,5230888,0x4fd128,
2547,0x7ff629345f40,0x5d5f40,5232102,0x4fd5e6,
2548,0x7ff6293477b0,0x5d77b0,5233199,0x4fda2f,
2549,0x7ff629349450,0x5d9450,5234368,0x4fdec0,
2550,0x7ff6290083b0,0x2983b0,5236428,0x4fe6cc,
2551,0x7ff62934b210,0x5db210,5236677,0x4fe7c5,
2552,0x7ff62934b670,0x5db670,5237168,0x4fe9b0,
2553,0x7ff62934bff0,0x5dbff0,5237454,0x4feace,
2554,0x7ff62934c630,0x5dc630,5237832,0x4fec48,
2555,0x7ff62934cd90,0x5dcd90,5238618,0x4fef5a,
2556,0x7ff62934e250,0x5de250,5239266,0x4ff1e2,
2557,0x7ff62934efc0,0x5defc0,5239569,0x4ff311,
2558,0x7ff62934f580,0x5df580,5240254,0x4ff5be,
2559,0x7ff629350350,0x5e0350,5240306,0x4ff5f2,
2560,0x7ff6293504a0,0x5e04a0,5240878,0x4ff82e,
2561,0x7ff629350ec0,0x5e0ec0,5241106,0x4ff912,
2562,0x7ff629351320,0x5e1320,5241915,0x4ffc3b,
2563,0x7ff6293524b0,0x5e24b0,5242010,0x4ffc9a,
2564,0x7ff629352710,0x5e2710,5242911,0x50001f,
2565,0x7ff629353870,0x5e3870,5243152,0x500110,
2566,0x7ff629353d20,0x5e3d20,5243667,0x500313,
2567,0x7ff6293546b0,0x5e46b0,5244012,0x50046c,
2568,0x7ff629354d00,0x5e4d00,5244287,0x50057f,
2569,0x7ff629355300,0x5e5300,5245016,0x500858,
2570,0x7ff629356120,0x5e6120,5245237,0x500935,
2571,0x7ff629356430,0x5e6430,5245534,0x500a5e,
2572,0x7ff629356a60,0x5e6a60,5246726,0x500f06,
2573,0x7ff6293582c0,0x5e82c0,5246879,0x500f9f,
2574,0x7ff6293586a0,0x5e86a0,5246924,0x500fcc,
2575,0x7ff6293587d0,0x5e87d0,5247487,0x5011ff,
2576,0x7ff629359390,0x5e9390,5247566,0x50124e,
2577,0x7ff628f83ce0,0x213ce0,5247863,0x501377,
2578,0x7ff6293595b0,0x5e95b0,5247984,0x5013f0,
2579,0x7ff629359830,0x5e9830,5248145,0x501491,
2580,0x7ff629359ba0,0x5e9ba0,5248276,0x501514,
2581,0x7ff629359e80,0x5e9e80,5248503,0x5015f7,
2582,0x7ff62935a360,0x5ea360,5248567,0x501637,
2583,0x7ff62935a530,0x5ea530,5252422,0x502546,
2584,0x7ff62935f880,0x5ef880,5252480,0x502580,
2585,0x7ff62935fa70,0x5efa70,5252531,0x5025b3,
2586,0x7ff62935fbb0,0x5efbb0,5252702,0x50265e,
2587,0x7ff62935ff40,0x5eff40,5256181,0x5033f5,
2588,0x7ff6293635a0,0x5f35a0,5256566,0x503576,
2589,0x7ff629363c60,0x5f3c60,5256781,0x50364d,
2590,0x7ff629363f60,0x5f3f60,5257701,0x5039e5,
2591,0x7ff629365250,0x5f5250,5258458,0x503cda,
2592,0x7ff628f8d6e0,0x21d6e0,5258615,0x503d77,
2593,0x7ff628f8db20,0x21db20,5258807,0x503e37,
2594,0x7ff629365fa0,0x5f5fa0,5261258,0x5047ca,
2595,0x7ff629369d20,0x5f9d20,5262008,0x504ab8,
2596,0x7ff62936aa60,0x5faa60,5262116,0x504b24,
2597,0x7ff62936acb0,0x5facb0,5262356,0x504c14,
2598,0x7ff62936b310,0x5fb310,5262487,0x504c97,
2599,0x7ff62936b630,0x5fb630,5262706,0x504d72,
2600,0x7ff62936ba30,0x5fba30,5263229,0x504f7d,
2601,0x7ff62936c3a0,0x5fc3a0,5264097,0x5052e1,
2602,0x7ff628f862f0,0x2162f0,5266371,0x505bc3,
2603,0x7ff62936d580,0x5fd580,5266673,0x505cf1,
2604,0x7ff62936db40,0x5fdb40,5266783,0x505d5f,
2605,0x7ff62936de50,0x5fde50,5266990,0x505e2e,
2606,0x7ff62936e2a0,0x5fe2a0,5267214,0x505f0e,
2607,0x7ff62936e890,0x5fe890,5267973,0x506205,
2608,0x7ff62936f610,0x5ff610,5268304,0x506350,
2609,0x7ff62936fe10,0x5ffe10,5269191,0x5066c7,
2610,0x7ff6293710f0,0x6010f0,5269678,0x5068ae,
2611,0x7ff629371ac0,0x601ac0,5269946,0x5069ba,
2612,0x7ff629371f40,0x601f40,5270919,0x506d87,
2613,0x7ff629373150,0x603150,5271197,0x506e9d,
2614,0x7ff629373710,0x603710,5271581,0x50701d,
2615,0x7ff629373e00,0x603e00,5272055,0x5071f7,
2616,0x7ff629374790,0x604790,5272515,0x5073c3,
2617,0x7ff629375030,0x605030,5272735,0x50749f,
2618,0x7ff629375480,0x605480,5273490,0x507792,
2619,0x7ff629376370,0x606370,5273816,0x5078d8,
2620,0x7ff629376980,0x606980,5274352,0x507af0,
2621,0x7ff629377410,0x607410,5274513,0x507b91,
2622,0x7ff629377780,0x607780,5274541,0x507bad,
2623,0x7ff629377880,0x607880,5274724,0x507c64,
2624,0x7ff629377be0,0x607be0,5274788,0x507ca4,
2625,0x7ff629377db0,0x607db0,5278643,0x508bb3,
2626,0x7ff62937d100,0x60d100,5278701,0x508bed,
2627,0x7ff62937d2f0,0x60d2f0,5279412,0x508eb4,
2628,0x7ff62937e0c0,0x60e0c0,5279870,0x50907e,
2629,0x7ff62937e900,0x60e900,5280286,0x50921e,
2630,0x7ff62937f0b0,0x60f0b0,5280702,0x5093be,
2631,0x7ff62937f850,0x60f850,5281050,0x50951a,
2632,0x7ff629380090,0x610090,5281269,0x5095f5,
2633,0x7ff629380490,0x610490,5281426,0x509692,
2634,0x7ff629380800,0x610800,5281523,0x5096f3,
2635,0x7ff629380a20,0x610a20,5281728,0x5097c0,
2636,0x7ff629380dd0,0x610dd0,5281994,0x5098ca,
2637,0x7ff629381510,0x611510,5282044,0x5098fc,
2638,0x7ff629381640,0x611640,5282101,0x509935,
2639,0x7ff6293817a0,0x6117a0,5282262,0x5099d6,
2640,0x7ff629381b10,0x611b10,5282320,0x509a10,
2641,0x7ff629381c50,0x611c50,5282512,0x509ad0,
2642,0x7ff629381fc0,0x611fc0,5282576,0x509b10,
2643,0x7ff629382190,0x612190,5286310,0x50a9a6,
2644,0x7ff629387380,0x617380,5286368,0x50a9e0,
2645,0x7ff629387570,0x617570,5287130,0x50acda,
2646,0x7ff629388550,0x618550,5287520,0x50ae60,
2647,0x7ff629388cb0,0x618cb0,5287842,0x50afa2,
2648,0x7ff629389480,0x619480,5288061,0x50b07d,
2649,0x7ff629389880,0x619880,5288355,0x50b1a3,
2650,0x7ff629389e10,0x619e10,5288695,0x50b2f7,
2651,0x7ff62938a430,0x61a430,5289091,0x50b483,
2652,0x7ff62938ac30,0x61ac30,5289456,0x50b5f0,
2653,0x7ff62938b2b0,0x61b2b0,5289686,0x50b6d6,
2654,0x7ff62938b830,0x61b830,5290064,0x50b850,
2655,0x7ff62938c090,0x61c090,5290208,0x50b8e0,
2656,0x7ff62938c3d0,0x61c3d0,5290261,0x50b915,
2657,0x7ff62938c5e0,0x61c5e0,5290289,0x50b931,
2658,0x7ff62938c700,0x61c700,5290550,0x50ba36,
2659,0x7ff62938ccc0,0x61ccc0,5291592,0x50be48,
2660,0x7ff62938e430,0x61e430,5292272,0x50c0f0,
2661,0x7ff62938f290,0x61f290,5292577,0x50c221,
2662,0x7ff62938f920,0x61f920,5293597,0x50c61d,
2663,0x7ff629390cb0,0x620cb0,5293806,0x50c6ee,
2664,0x7ff629391170,0x621170,5294015,0x50c7bf,
2665,0x7ff629391630,0x621630,5294317,0x50c8ed,
2666,0x7ff629391c20,0x621c20,5294763,0x50caab,
2667,0x7ff629392590,0x622590,5295504,0x50cd90,
2668,0x7ff629393350,0x623350,5295648,0x50ce20,
2669,0x7ff629393690,0x623690,5295674,0x50ce3a,
2670,0x7ff629393890,0x623890,5295707,0x50ce5b,
2671,0x7ff6293939c0,0x6239c0,5295968,0x50cf60,
2672,0x7ff629393f80,0x623f80,5297010,0x50d372,
2673,0x7ff6293956f0,0x6256f0,5297653,0x50d5f5,
2674,0x7ff629396470,0x626470,5297958,0x50d726,
2675,0x7ff629396b00,0x626b00,5298990,0x50db2e,
2676,0x7ff629397f20,0x627f20,5299199,0x50dbff,
2677,0x7ff6293983e0,0x6283e0,5299408,0x50dcd0,
2678,0x7ff6293988a0,0x6288a0,5299710,0x50ddfe,
2679,0x7ff629398e90,0x628e90,5300165,0x50dfc5,
2680,0x7ff629399810,0x629810,5300912,0x50e2b0,
2681,0x7ff62939a5e0,0x62a5e0,5301056,0x50e340,
2682,0x7ff62939a920,0x62a920,5301095,0x50e367,
2683,0x7ff62939aa30,0x62aa30,5301395,0x50e493,
2684,0x7ff62939b070,0x62b070,5302479,0x50e8cf,
2685,0x7ff62939c6e0,0x62c6e0,5302688,0x50e9a0,
2686,0x7ff62939cba0,0x62cba0,5303158,0x50eb76,
2687,0x7ff62939d4b0,0x62d4b0,5303726,0x50edae,
2688,0x7ff62939e060,0x62e060,5304235,0x50efab,
2689,0x7ff62939ea20,0x62ea20,5304592,0x50f110,
2690,0x7ff62939f1f0,0x62f1f0,5304754,0x50f1b2,
2691,0x7ff62939f550,0x62f550,5304775,0x50f1c7,
2692,0x7ff62939f630,0x62f630,5304925,0x50f25d,
2693,0x7ff62939f920,0x62f920,5305275,0x50f3bb,
2694,0x7ff6293a0020,0x630020,5305441,0x50f461,
2695,0x7ff6293a03d0,0x6303d0,5306416,0x50f830,
2696,0x7ff6293a1640,0x631640,5306971,0x50fa5b,
2697,0x7ff6293a21f0,0x6321f0,5308130,0x50fee2,
2698,0x7ff6293a36f0,0x6336f0,5308339,0x50ffb3,
2699,0x7ff6293a3bb0,0x633bb0,5308714,0x51012a,
2700,0x7ff6293a4380,0x634380,5308976,0x510230,
2701,0x7ff6293a48b0,0x6348b0,5309120,0x5102c0,
2702,0x7ff6293a4bf0,0x634bf0,5309159,0x5102e7,
2703,0x7ff6293a4e00,0x634e00,5309192,0x510308,
2704,0x7ff6293a4f30,0x634f30,5309453,0x51040d,
2705,0x7ff6293a54f0,0x6354f0,5310477,0x51080d,
2706,0x7ff6293a6c30,0x636c30,5310686,0x5108de,
2707,0x7ff6293a70f0,0x6370f0,5310987,0x510a0b,
2708,0x7ff6293a76e0,0x6376e0,5311561,0x510c49,
2709,0x7ff6293a8250,0x638250,5312008,0x510e08,
2710,0x7ff6293a8b40,0x638b40,5312736,0x5110e0,
2711,0x7ff6293a9900,0x639900,5313072,0x511230,
2712,0x7ff6293a9fd0,0x639fd0,5313216,0x5112c0,
2713,0x7ff6293aa310,0x63a310,5313237,0x5112d5,
2714,0x7ff6293aa3f0,0x63a3f0,5313404,0x51137c,
2715,0x7ff6293aa730,0x63a730,5313962,0x5115aa,
2716,0x7ff6293ab230,0x63b230,5314100,0x511634,
2717,0x7ff6293ab540,0x63b540,5314657,0x511861,
2718,0x7ff6293ac070,0x63c070,5314882,0x511942,
2719,0x7ff6293ac560,0x63c560,5315737,0x511c99,
2720,0x7ff6293ad590,0x63d590,5316138,0x511e2a,
2721,0x7ff6293adde0,0x63dde0,5317271,0x512297,
2722,0x7ff6293af2c0,0x63f2c0,5317470,0x51235e,
2723,0x7ff6293af720,0x63f720,5317845,0x5124d5,
2724,0x7ff6293afef0,0x63fef0,5318112,0x5125e0,
2725,0x7ff6293b0420,0x640420,5318256,0x512670,
2726,0x7ff6293b0760,0x640760,5318309,0x5126a5,
2727,0x7ff6293b0880,0x640880,5318362,0x5126da,
2728,0x7ff6293b09a0,0x6409a0,5318580,0x5127b4,
2729,0x7ff6293b0e80,0x640e80,5319327,0x512a9f,
2730,0x7ff6293b1da0,0x641da0,5319604,0x512bb4,
2731,0x7ff6293b2370,0x642370,5321750,0x513416,
2732,0x7ff6293b3e70,0x643e70,5321838,0x51346e,
2733,0x7ff6293b40a0,0x6440a0,5321932,0x5134cc,
2734,0x7ff6293b42f0,0x6442f0,5322160,0x5135b0,
2735,0x7ff6293b47c0,0x6447c0,5322304,0x513640,
2736,0x7ff6293b4b00,0x644b00,5322334,0x51365e,
2737,0x7ff6293b4d90,0x644d90,5322411,0x5136ab,
2738,0x7ff6293b4f50,0x644f50,5322729,0x5137e9,
2739,0x7ff6293b56a0,0x6456a0,5323693,0x513bad,
2740,0x7ff6293b6b70,0x646b70,5323975,0x513cc7,
2741,0x7ff6293b71a0,0x6471a0,5324186,0x513d9a,
2742,0x7ff6293b7660,0x647660,5325105,0x514131,
2743,0x7ff6293b8900,0x648900,5325379,0x514243,
2744,0x7ff6293b8fd0,0x648fd0,5325742,0x5143ae,
2745,0x7ff6293b9830,0x649830,5326086,0x514506,
2746,0x7ff6293b9ff0,0x649ff0,5326608,0x514710,
2747,0x7ff6293bab40,0x64ab40,5326752,0x5147a0,
2748,0x7ff6293bae80,0x64ae80,5326798,0x5147ce,
2749,0x7ff6293baf90,0x64af90,5326844,0x5147fc,
2750,0x7ff6293bb0b0,0x64b0b0,5326890,0x51482a,
2751,0x7ff6293bb1d0,0x64b1d0,5326936,0x514858,
2752,0x7ff6293bb2f0,0x64b2f0,5326982,0x514886,
2753,0x7ff6293bb410,0x64b410,5327028,0x5148b4,
2754,0x7ff6293bb530,0x64b530,5327074,0x5148e2,
2755,0x7ff6293bb650,0x64b650,5327120,0x514910,
2756,0x7ff6293bb770,0x64b770,5327158,0x514936,
2757,0x7ff6293bb8a0,0x64b8a0,5327623,0x514b07,
2758,0x7ff6293bc140,0x64c140,5328992,0x515060,
2759,0x7ff6293bdd20,0x64dd20,5329153,0x515101,
2760,0x7ff6293be090,0x64e090,5329191,0x515127,
2761,0x7ff6293be1b0,0x64e1b0,5329400,0x5151f8,
2762,0x7ff6293be570,0x64e570,5329464,0x515238,
2763,0x7ff6293be740,0x64e740,5333374,0x51617e,
2764,0x7ff6293c3bd0,0x653bd0,5333432,0x5161b8,
2765,0x7ff628f28080,0x1b8080,5333655,0x516297,
2766,0x7ff6293c3dc0,0x653dc0,5335759,0x516acf,
2767,0x7ff6293c5ec0,0x655ec0,5336164,0x516c64,
2768,0x7ff6293c6770,0x656770,5336383,0x516d3f,
2769,0x7ff6293c6b70,0x656b70,5336595,0x516e13,
2770,0x7ff6293c7070,0x657070,5337278,0x5170be,
2771,0x7ff6293c80a0,0x6580a0,5337571,0x5171e3,
2772,0x7ff6293c86b0,0x6586b0,5337882,0x51731a,
2773,0x7ff6293c8d60,0x658d60,5338333,0x5174dd,
2774,0x7ff6293c95b0,0x6595b0,5339093,0x5177d5,
2775,0x7ff6293ca5f0,0x65a5f0,5339385,0x5178f9,
2776,0x7ff6293cac10,0x65ac10,5340282,0x517c7a,
2777,0x7ff6293cc120,0x65c120,5340603,0x517dbb,
2778,0x7ff6293cc780,0x65c780,5341190,0x518006,
2779,0x7ff6293cd570,0x65d570,5341511,0x518147,
2780,0x7ff6293cdb30,0x65db30,5341943,0x5182f7,
2781,0x7ff6293ce3c0,0x65e3c0,5342577,0x518571,
2782,0x7ff6293ced00,0x65ed00,5343475,0x5188f3,
2783,0x7ff6293cfef0,0x65fef0,5343860,0x518a74,
2784,0x7ff6293d0750,0x660750,5343999,0x518aff,
2785,0x7ff6293d0b20,0x660b20,5344263,0x518c07,
2786,0x7ff6293d0fc0,0x660fc0,5344813,0x518e2d,
2787,0x7ff6293d1940,0x661940,5345520,0x5190f0,
2788,0x7ff6293d2750,0x662750,5345664,0x519180,
2789,0x7ff6293d2a90,0x662a90,5345690,0x51919a,
2790,0x7ff6293d2b90,0x662b90,5345828,0x519224,
2791,0x7ff6293d2e10,0x662e10,5346102,0x519336,
2792,0x7ff6293d3380,0x663380,5346858,0x51962a,
2793,0x7ff6293d4480,0x664480,5347156,0x519754,
2794,0x7ff6293d4ae0,0x664ae0,5347376,0x519830,
2795,0x7ff6293d4f90,0x664f90,5347520,0x5198c0,
2796,0x7ff6293d52d0,0x6652d0,5347555,0x5198e3,
2797,0x7ff6293d5530,0x665530,5347624,0x519928,
2798,0x7ff6293d56b0,0x6656b0,5347867,0x519a1b,
2799,0x7ff6293d5c50,0x665c50,5348886,0x519e16,
2800,0x7ff6293d7260,0x667260,5349097,0x519ee9,
2801,0x7ff6293d76f0,0x6676f0,5349475,0x51a063,
2802,0x7ff6293d7e60,0x667e60,5350378,0x51a3ea,
2803,0x7ff6293d90b0,0x6690b0,5350656,0x51a500,
2804,0x7ff6293d96e0,0x6696e0,5350800,0x51a590,
2805,0x7ff6293d9a20,0x669a20,5350826,0x51a5aa,
2806,0x7ff6293d9b20,0x669b20,5350945,0x51a621,
2807,0x7ff6293d9de0,0x669de0,5352392,0x51abc8,
2808,0x7ff6293dbc30,0x66bc30,5352727,0x51ad17,
2809,0x7ff6293dc410,0x66c410,5353105,0x51ae91,
2810,0x7ff6293dcb70,0x66cb70,5353463,0x51aff7,
2811,0x7ff6293dd230,0x66d230,5354064,0x51b250,
2812,0x7ff6293dde70,0x66de70,5354208,0x51b2e0,
2813,0x7ff6293de1b0,0x66e1b0,5354253,0x51b30d,
2814,0x7ff6293de3b0,0x66e3b0,5354281,0x51b329,
2815,0x7ff6293de4d0,0x66e4d0,5354410,0x51b3aa,
2816,0x7ff6293de7f0,0x66e7f0,5355133,0x51b67d,
2817,0x7ff6293df8e0,0x66f8e0,5355767,0x51b8f7,
2818,0x7ff6293e0670,0x670670,5356058,0x51ba1a,
2819,0x7ff6293e0cc0,0x670cc0,5357064,0x51be08,
2820,0x7ff6293e2000,0x672000,5357273,0x51bed9,
2821,0x7ff6293e24c0,0x6724c0,5358608,0x51c410,
2822,0x7ff6293e4230,0x674230,5358752,0x51c4a0,
2823,0x7ff6293e4570,0x674570,5358787,0x51c4c3,
2824,0x7ff6293e4670,0x674670,5358886,0x51c526,
2825,0x7ff6293e48a0,0x6748a0,5359119,0x51c60f,
2826,0x7ff6293e4d40,0x674d40,5359333,0x51c6e5,
2827,0x7ff6293e5270,0x675270,5360595,0x51cbd3,
2828,0x7ff6293e6d20,0x676d20,5360892,0x51ccfc,
2829,0x7ff6293e7460,0x677460,5361270,0x51ce76,
2830,0x7ff6293e7bd0,0x677bd0,5361545,0x51cf89,
2831,0x7ff6293e8150,0x678150,5361886,0x51d0de,
2832,0x7ff6293e8920,0x678920,5362660,0x51d3e4,
2833,0x7ff628fbc060,0x24c060,5364426,0x51daca,
2834,0x7ff6293e9980,0x679980,5364720,0x51dbf0,
2835,0x7ff6293ea090,0x67a090,5364961,0x51dce1,
2836,0x7ff6293ea5c0,0x67a5c0,5365864,0x51e068,
2837,0x7ff6293eb810,0x67b810,5366160,0x51e190,
2838,0x7ff6293ebe90,0x67be90,5366304,0x51e220,
2839,0x7ff6293ec1d0,0x67c1d0,5366432,0x51e2a0,
2840,0x7ff6293ec5d0,0x67c5d0,5366541,0x51e30d,
2841,0x7ff6293ecaf0,0x67caf0,5366569,0x51e329,
2842,0x7ff6293ecc10,0x67cc10,5366707,0x51e3b3,
2843,0x7ff6293ecf50,0x67cf50,5367869,0x51e83d,
2844,0x7ff6293ee920,0x67e920,5368192,0x51e980,
2845,0x7ff6293ef110,0x67f110,5368435,0x51ea73,
2846,0x7ff6293ef700,0x67f700,5369239,0x51ed97,
2847,0x7ff6293f0830,0x680830,5369873,0x51f011,
2848,0x7ff6293f15c0,0x6815c0,5370178,0x51f142,
2849,0x7ff6293f1c50,0x681c50,5371117,0x51f4ed,
2850,0x7ff6293f2e40,0x682e40,5371376,0x51f5f0,
2851,0x7ff6293f3390,0x683390,5371529,0x51f689,
2852,0x7ff6293f36e0,0x6836e0,5371559,0x51f6a7,
2853,0x7ff6293f3980,0x683980,5371630,0x51f6ee,
2854,0x7ff6293f3b60,0x683b60,5371801,0x51f799,
2855,0x7ff6293f3f20,0x683f20,5371921,0x51f811,
2856,0x7ff6293f41d0,0x6841d0,5372358,0x51f9c6,
2857,0x7ff6293f4ca0,0x684ca0,5372977,0x51fc31,
2858,0x7ff6293f58f0,0x6858f0,5373270,0x51fd56,
2859,0x7ff6293f5f80,0x685f80,5373725,0x51ff1d,
2860,0x7ff6293f6890,0x686890,5373815,0x51ff77,
2861,0x7ff6293f6a70,0x686a70,5373969,0x520011,
2862,0x7ff6293f6d50,0x686d50,5374492,0x52021c,
2863,0x7ff6293f7a10,0x687a10,5374608,0x520290,
2864,0x7ff6293f7c80,0x687c80,5374752,0x520320,
2865,0x7ff6293f7fc0,0x687fc0,5374802,0x520352,
2866,0x7ff6293f80d0,0x6880d0,5374982,0x520406,
2867,0x7ff6293f8480,0x688480,5375814,0x520746,
2868,0x7ff6293f9790,0x689790,5376198,0x5208c6,
2869,0x7ff6293fa010,0x68a010,5376299,0x52092b,
2870,0x7ff6293fa230,0x68a230,5376995,0x520be3,
2871,0x7ff6293fb0a0,0x68b0a0,5377404,0x520d7c,
2872,0x7ff6293fb900,0x68b900,5377997,0x520fcd,
2873,0x7ff6293fc4d0,0x68c4d0,5378087,0x521027,
2874,0x7ff6293fc6b0,0x68c6b0,5378241,0x5210c1,
2875,0x7ff6293fc990,0x68c990,5378622,0x52123e,
2876,0x7ff6293fd220,0x68d220,5378736,0x5212b0,
2877,0x7ff6293fd490,0x68d490,5378880,0x521340,
2878,0x7ff6293fd7d0,0x68d7d0,5378901,0x521355,
2879,0x7ff6293fd8b0,0x68d8b0,5379025,0x5213d1,
2880,0x7ff6293fdb80,0x68db80,5380455,0x521967,
2881,0x7ff6293ff970,0x68f970,5380818,0x521ad2,
2882,0x7ff6294001a0,0x6901a0,5381196,0x521c4c,
2883,0x7ff629400900,0x690900,5381554,0x521db2,
2884,0x7ff629400fc0,0x690fc0,5382160,0x522010,
2885,0x7ff629401c00,0x691c00,5382304,0x5220a0,
2886,0x7ff629401f40,0x691f40,5382325,0x5220b5,
2887,0x7ff629402120,0x692120,5382358,0x5220d6,
2888,0x7ff629402250,0x692250,5382507,0x52216b,
2889,0x7ff6294025e0,0x6925e0,5383655,0x5225e7,
2890,0x7ff629403f50,0x693f50,5383969,0x522721,
2891,0x7ff6294046f0,0x6946f0,5384347,0x52289b,
2892,0x7ff629404e50,0x694e50,5384960,0x522b00,
2893,0x7ff629405a90,0x695a90,5385104,0x522b90,
2894,0x7ff629405dd0,0x695dd0,5385125,0x522ba5,
2895,0x7ff629405fb0,0x695fb0,5385158,0x522bc6,
2896,0x7ff6294060e0,0x6960e0,5385304,0x522c58,
2897,0x7ff629406470,0x696470,5386071,0x522f57,
2898,0x7ff629407490,0x697490,5386478,0x5230ee,
2899,0x7ff629407ce0,0x697ce0,5387117,0x52336d,
2900,0x7ff629408ac0,0x698ac0,5387489,0x5234e1,
2901,0x7ff629409320,0x699320,5388368,0x523850,
2902,0x7ff62940a470,0x69a470,5388512,0x5238e0,
2903,0x7ff62940a7b0,0x69a7b0,5388533,0x5238f5,
2904,0x7ff62940a990,0x69a990,5388566,0x523916,
2905,0x7ff62940aac0,0x69aac0,5388712,0x5239a8,
2906,0x7ff62940ae50,0x69ae50,5389701,0x523d85,
2907,0x7ff62940c250,0x69c250,5390108,0x523f1c,
2908,0x7ff62940caa0,0x69caa0,5390747,0x52419b,
2909,0x7ff62940d880,0x69d880,5391133,0x52431d,
2910,0x7ff62940e120,0x69e120,5392032,0x5246a0,
2911,0x7ff62940f2b0,0x69f2b0,5392176,0x524730,
2912,0x7ff62940f5f0,0x69f5f0,5392197,0x524745,
2913,0x7ff62940f7d0,0x69f7d0,5392230,0x524766,
2914,0x7ff62940f900,0x69f900,5392368,0x5247f0,
2915,0x7ff62940fc40,0x69fc40,5393134,0x524aee,
2916,0x7ff629410d50,0x6a0d50,5393443,0x524c23,
2917,0x7ff6294113e0,0x6a13e0,5394103,0x524eb7,
2918,0x7ff6294121f0,0x6a21f0,5394832,0x525190,
2919,0x7ff629413100,0x6a3100,5394976,0x525220,
2920,0x7ff629413440,0x6a3440,5394997,0x525235,
2921,0x7ff629413620,0x6a3620,5395030,0x525256,
2922,0x7ff629413750,0x6a3750,5395170,0x5252e2,
2923,0x7ff629413a70,0x6a3a70,5396021,0x525635,
2924,0x7ff629414dd0,0x6a4dd0,5396310,0x525756,
2925,0x7ff629415430,0x6a5430,5396941,0x5259cd,
2926,0x7ff6294160b0,0x6a60b0,5397279,0x525b1f,
2927,0x7ff629416870,0x6a6870,5397710,0x525cce,
2928,0x7ff629417140,0x6a7140,5398208,0x525ec0,
2929,0x7ff629417d20,0x6a7d20,5398352,0x525f50,
2930,0x7ff629418060,0x6a8060,5398373,0x525f65,
2931,0x7ff629418240,0x6a8240,5398406,0x525f86,
2932,0x7ff629418370,0x6a8370,5398522,0x525ffa,
2933,0x7ff629418620,0x6a8620,5399628,0x52644c,
2934,0x7ff629419d90,0x6a9d90,5399908,0x526564,
2935,0x7ff62941a3c0,0x6aa3c0,5400259,0x5266c3,
2936,0x7ff62941aaa0,0x6aaaa0,5400919,0x526957,
2937,0x7ff62941b8b0,0x6ab8b0,5401421,0x526b4d,
2938,0x7ff62941c380,0x6ac380,5401632,0x526c20,
2939,0x7ff62941c830,0x6ac830,5402016,0x526da0,
2940,0x7ff62941d030,0x6ad030,5402160,0x526e30,
2941,0x7ff62941d370,0x6ad370,5402186,0x526e4a,
2942,0x7ff62941d470,0x6ad470,5402296,0x526eb8,
2943,0x7ff62941d6f0,0x6ad6f0,5402576,0x526fd0,
2944,0x7ff62941dc90,0x6adc90,5403604,0x5273d4,
2945,0x7ff62941f1f0,0x6af1f0,5403874,0x5274e2,
2946,0x7ff62941f7d0,0x6af7d0,5404534,0x527776,
2947,0x7ff6294205e0,0x6b05e0,5404978,0x527932,
2948,0x7ff629420f80,0x6b0f80,5406100,0x527d94,
2949,0x7ff629422660,0x6b2660,5406389,0x527eb5,
2950,0x7ff629422c30,0x6b2c30,5406898,0x5280b2,
2951,0x7ff6294236e0,0x6b36e0,5407232,0x528200,
2952,0x7ff629423d60,0x6b3d60,5407376,0x528290,
2953,0x7ff6294240a0,0x6b40a0,5407438,0x5282ce,
2954,0x7ff629424230,0x6b4230,5407699,0x5283d3,
2955,0x7ff6294247c0,0x6b47c0,5407756,0x52840c,
2956,0x7ff629424940,0x6b4940,5408622,0x52876e,
2957,0x7ff629425b00,0x6b5b00,5408814,0x52882e,
2958,0x7ff629425fe0,0x6b5fe0,5409019,0x5288fb,
2959,0x7ff629426490,0x6b6490,5409319,0x528a27,
2960,0x7ff629426b00,0x6b6b00,5409892,0x528c64,
2961,0x7ff629427610,0x6b7610,5410346,0x528e2a,
2962,0x7ff629427ea0,0x6b7ea0,5410800,0x528ff0,
2963,0x7ff629428730,0x6b8730,5410944,0x529080,
2964,0x7ff629428a70,0x6b8a70,5411039,0x5290df,
2965,0x7ff629428cd0,0x6b8cd0,5411212,0x52918c,
2966,0x7ff6294290f0,0x6b90f0,5411559,0x5292e7,
2967,0x7ff629429850,0x6b9850,5412258,0x5295a2,
2968,0x7ff62942a640,0x6ba640,5412629,0x529715,
2969,0x7ff62942adf0,0x6badf0,5413147,0x52991b,
2970,0x7ff628fbc060,0x24c060,5414913,0x52a001,
2971,0x7ff62942b920,0x6bb920,5415142,0x52a0e6,
2972,0x7ff62942be50,0x6bbe50,5415353,0x52a1b9,
2973,0x7ff62942c310,0x6bc310,5416000,0x52a440,
2974,0x7ff62942cf20,0x6bcf20,5416272,0x52a550,
2975,0x7ff62942d4e0,0x6bd4e0,5416416,0x52a5e0,
2976,0x7ff62942d820,0x6bd820,5416544,0x52a660,
2977,0x7ff62942dca0,0x6bdca0,5416653,0x52a6cd,
2978,0x7ff62942e1c0,0x6be1c0,5416701,0x52a6fd,
2979,0x7ff62942e350,0x6be350,5416819,0x52a773,
2980,0x7ff62942e610,0x6be610,5417961,0x52abe9,
2981,0x7ff62942fe70,0x6bfe70,5418285,0x52ad2d,
2982,0x7ff629430670,0x6c0670,5418576,0x52ae50,
2983,0x7ff629430da0,0x6c0da0,5419165,0x52b09d,
2984,0x7ff629431ae0,0x6c1ae0,5419831,0x52b337,
2985,0x7ff629432920,0x6c2920,5420136,0x52b468,
2986,0x7ff629432fb0,0x6c2fb0,5421075,0x52b813,
2987,0x7ff629434190,0x6c4190,5421344,0x52b920,
2988,0x7ff6294346e0,0x6c46e0,5421488,0x52b9b0,
2989,0x7ff629434a20,0x6c4a20,5421509,0x52b9c5,
2990,0x7ff629434c80,0x6c4c80,5421562,0x52b9fa,
2991,0x7ff629434e30,0x6c4e30,5421680,0x52ba70,
2992,0x7ff6294350f0,0x6c50f0,5423136,0x52c020,
2993,0x7ff629436f80,0x6c6f80,5423467,0x52c16b,
2994,0x7ff629437720,0x6c7720,5423781,0x52c2a5,
2995,0x7ff629437ec0,0x6c7ec0,5425596,0x52c9bc,
2996,0x7ff629439710,0x6c9710,5425984,0x52cb40,
2997,0x7ff629439e70,0x6c9e70,5426128,0x52cbd0,
2998,0x7ff62943a1b0,0x6ca1b0,5426149,0x52cbe5,
2999,0x7ff62943a410,0x6ca410,5426202,0x52cc1a,
3000,0x7ff62943a5c0,0x6ca5c0,5426320,0x52cc90,
3001,0x7ff62943a880,0x6ca880,5426965,0x52cf15,
3002,0x7ff62943b720,0x6cb720,5427216,0x52d010,
3003,0x7ff62943bcc0,0x6cbcc0,5429031,0x52d727,
3004,0x7ff62943d510,0x6cd510,5429424,0x52d8b0,
3005,0x7ff62943dc70,0x6cdc70,5429568,0x52d940,
3006,0x7ff62943dfb0,0x6cdfb0,5429624,0x52d978,
3007,0x7ff62943e1e0,0x6ce1e0,5429713,0x52d9d1,
3008,0x7ff62943e400,0x6ce400,5430060,0x52db2c,
3009,0x7ff62943eb60,0x6ceb60,5430284,0x52dc0c,
3010,0x7ff62943f040,0x6cf040,5431334,0x52e026,
3011,0x7ff629440690,0x6d0690,5431648,0x52e160,
3012,0x7ff629440d90,0x6d0d90,5431857,0x52e231,
3013,0x7ff629441220,0x6d1220,5432578,0x52e502,
3014,0x7ff628fbc060,0x24c060,5434344,0x52ebe8,
3015,0x7ff629442120,0x6d2120,5435074,0x52eec2,
3016,0x7ff629443020,0x6d3020,5435415,0x52f017,
3017,0x7ff6294437f0,0x6d37f0,5435760,0x52f170,
3018,0x7ff629444000,0x6d4000,5435904,0x52f200,
3019,0x7ff629444340,0x6d4340,5435930,0x52f21a,
3020,0x7ff6294445a0,0x6d45a0,5435978,0x52f24a,
3021,0x7ff629444730,0x6d4730,5436096,0x52f2c0,
3022,0x7ff6294449f0,0x6d49f0,5437020,0x52f65c,
3023,0x7ff629445de0,0x6d5de0,5437221,0x52f725,
3024,0x7ff629446230,0x6d6230,5437495,0x52f837,
3025,0x7ff629446910,0x6d6910,5438992,0x52fe10,
3026,0x7ff629448870,0x6d8870,5439136,0x52fea0,
3027,0x7ff629448bb0,0x6d8bb0,5439162,0x52feba,
3028,0x7ff629448da0,0x6d8da0,5439228,0x52fefc,
3029,0x7ff629448ec0,0x6d8ec0,5439697,0x5300d1,
3030,0x7ff6294497f0,0x6d97f0,5440423,0x5303a7,
3031,0x7ff62944a8a0,0x6da8a0,5441008,0x5305f0,
3032,0x7ff62944b490,0x6db490,5441152,0x530680,
3033,0x7ff62944b7d0,0x6db7d0,5441178,0x53069a,
3034,0x7ff62944b9c0,0x6db9c0,5441244,0x5306dc,
3035,0x7ff62944bae0,0x6dbae0,5441434,0x53079a,
3036,0x7ff62944bf50,0x6dbf50,5442300,0x530afc,
3037,0x7ff62944d4b0,0x6dd4b0,5442582,0x530c16,
3038,0x7ff62944dac0,0x6ddac0,5442864,0x530d30,
3039,0x7ff62944e0d0,0x6de0d0,5443008,0x530dc0,
3040,0x7ff62944e410,0x6de410,5443101,0x530e1d,
3041,0x7ff62944e5e0,0x6de5e0,5443331,0x530f03,
3042,0x7ff62944eaf0,0x6deaf0,5444075,0x5311eb,
3043,0x7ff62944fca0,0x6dfca0,5444562,0x5313d2,
3044,0x7ff6294508c0,0x6e08c0,5444592,0x5313f0,
3045,0x7ff6294509b0,0x6e09b0,5444736,0x531480,
3046,0x7ff629450cf0,0x6e0cf0,5444772,0x5314a4,
3047,0x7ff629450df0,0x6e0df0,5444808,0x5314c8,
3048,0x7ff629450f00,0x6e0f00,5444902,0x531526,
3049,0x7ff6294510b0,0x6e10b0,5445499,0x53177b,
3050,0x7ff629451d30,0x6e1d30,5446672,0x531c10,
3051,0x7ff629453680,0x6e3680,5447125,0x531dd5,
3052,0x7ff6294541a0,0x6e41a0,5447648,0x531fe0,
3053,0x7ff629454c60,0x6e4c60,5447792,0x532070,
3054,0x7ff629454fa0,0x6e4fa0,5447818,0x53208a,
3055,0x7ff6294551d0,0x6e51d0,5447882,0x5320ca,
3056,0x7ff629455340,0x6e5340,5448072,0x532188,
3057,0x7ff6294557b0,0x6e57b0,5448573,0x53237d,
3058,0x7ff629456390,0x6e6390,5448864,0x5324a0,
3059,0x7ff6294569a0,0x6e69a0,5449008,0x532530,
3060,0x7ff629456ce0,0x6e6ce0,5449034,0x53254a,
3061,0x7ff629456de0,0x6e6de0,5449127,0x5325a7,
3062,0x7ff629456fb0,0x6e6fb0,5449357,0x53268d,
3063,0x7ff6294574c0,0x6e74c0,5450083,0x532963,
3064,0x7ff6294585e0,0x6e85e0,5450512,0x532b10,
3065,0x7ff629459040,0x6e9040,5450656,0x532ba0,
3066,0x7ff629459380,0x6e9380,5450682,0x532bba,
3067,0x7ff629459480,0x6e9480,5450838,0x532c56,
3068,0x7ff629459770,0x6e9770,5451074,0x532d42,
3069,0x7ff629459c30,0x6e9c30,5451141,0x532d85,
3070,0x7ff629459e60,0x6e9e60,5451781,0x533005,
3071,0x7ff62945ae00,0x6eae00,5452185,0x533199,
3072,0x7ff62945b690,0x6eb690,5452656,0x533370,
3073,0x7ff62945c1f0,0x6ec1f0,5453164,0x53356c,
3074,0x7ff62945cd10,0x6ecd10,5453257,0x5335c9,
3075,0x7ff62945d010,0x6ed010,5454112,0x533920,
3076,0x7ff62945e3c0,0x6ee3c0,5454256,0x5339b0,
3077,0x7ff62945e700,0x6ee700,5454277,0x5339c5,
3078,0x7ff62945e7e0,0x6ee7e0,5454418,0x533a52,
3079,0x7ff62945ead0,0x6eead0,5454750,0x533b9e,
3080,0x7ff62945f160,0x6ef160,5455722,0x533f6a,
3081,0x7ff6294605e0,0x6f05e0,5455840,0x533fe0,
3082,0x7ff629460820,0x6f0820,5455984,0x534070,
3083,0x7ff629460b60,0x6f0b60,5456023,0x534097,
3084,0x7ff629460de0,0x6f0de0,5456073,0x5340c9,
3085,0x7ff629460f90,0x6f0f90,5456157,0x53411d,
3086,0x7ff629461170,0x6f1170,5457073,0x5344b1,
3087,0x7ff629462610,0x6f2610,5457118,0x5344de,
3088,0x7ff629462720,0x6f2720,5457220,0x534544,
3089,0x7ff629462940,0x6f2940,5457254,0x534566,
3090,0x7ff629462a20,0x6f2a20,5457465,0x534639,
3091,0x7ff629462ed0,0x6f2ed0,5457680,0x534710,
3092,0x7ff629463390,0x6f3390,5457824,0x5347a0,
3093,0x7ff6294636d0,0x6f36d0,5457863,0x5347c7,
3094,0x7ff629463950,0x6f3950,5457913,0x5347f9,
3095,0x7ff629463b00,0x6f3b00,5457997,0x53484d,
3096,0x7ff629463ce0,0x6f3ce0,5458913,0x534be1,
3097,0x7ff629465250,0x6f5250,5459002,0x534c3a,
3098,0x7ff629465400,0x6f5400,5459104,0x534ca0,
3099,0x7ff629465620,0x6f5620,5459150,0x534cce,
3100,0x7ff629465740,0x6f5740,5459361,0x534da1,
3101,0x7ff629465bf0,0x6f5bf0,5459584,0x534e80,
3102,0x7ff6294660b0,0x6f60b0,5459746,0x534f22,
3103,0x7ff629466410,0x6f6410,5459767,0x534f37,
3104,0x7ff6294664f0,0x6f64f0,5459893,0x534fb5,
3105,0x7ff6294667c0,0x6f67c0,5460274,0x535132,
3106,0x7ff629466ee0,0x6f6ee0,5460436,0x5351d4,
3107,0x7ff629467270,0x6f7270,5461091,0x535463,
3108,0x7ff629467eb0,0x6f7eb0,5462240,0x5358e0,
3109,0x7ff6294693d0,0x6f93d0,5462449,0x5359b1,
3110,0x7ff629469890,0x6f9890,5462824,0x535b28,
3111,0x7ff62946a060,0x6fa060,5463088,0x535c30,
3112,0x7ff62946a590,0x6fa590,5463232,0x535cc0,
3113,0x7ff62946a8d0,0x6fa8d0,5463253,0x535cd5,
3114,0x7ff62946aab0,0x6faab0,5463286,0x535cf6,
3115,0x7ff62946abe0,0x6fabe0,5463415,0x535d77,
3116,0x7ff62946af00,0x6faf00,5464377,0x536139,
3117,0x7ff62946c3c0,0x6fc3c0,5464833,0x536301,
3118,0x7ff62946ce40,0x6fce40,5465493,0x536595,
3119,0x7ff62946dc50,0x6fdc50,5466192,0x536850,
3120,0x7ff62946eaf0,0x6feaf0,5466336,0x5368e0,
3121,0x7ff62946ee30,0x6fee30,5466357,0x5368f5,
3122,0x7ff62946f090,0x6ff090,5466410,0x53692a,
3123,0x7ff62946f230,0x6ff230,5466528,0x5369a0,
3124,0x7ff62946f4f0,0x6ff4f0,5467294,0x536c9e,
3125,0x7ff629470600,0x700600,5467604,0x536dd4,
3126,0x7ff629470c90,0x700c90,5468264,0x537068,
3127,0x7ff629471aa0,0x701aa0,5468992,0x537340,
3128,0x7ff6294729b0,0x7029b0,5469136,0x5373d0,
3129,0x7ff629472cf0,0x702cf0,5469157,0x5373e5,
3130,0x7ff629472f70,0x702f70,5469223,0x537427,
3131,0x7ff629473140,0x703140,5469354,0x5374aa,
3132,0x7ff629473410,0x703410,5469447,0x537507,
3133,0x7ff629473660,0x703660,5471171,0x537bc3,
3134,0x7ff6294759b0,0x7059b0,5471587,0x537d63,
3135,0x7ff6294762f0,0x7062f0,5471876,0x537e84,
3136,0x7ff6294768c0,0x7068c0,5472536,0x538118,
3137,0x7ff6294776d0,0x7076d0,5473045,0x538315,
3138,0x7ff629478180,0x708180,5473408,0x538480,
3139,0x7ff629478860,0x708860,5473552,0x538510,
3140,0x7ff629478ba0,0x708ba0,5473578,0x53852a,
3141,0x7ff629478ca0,0x708ca0,5473678,0x53858e,
3142,0x7ff629478ed0,0x708ed0,5473754,0x5385da,
3143,0x7ff6294790d0,0x7090d0,5473872,0x538650,
3144,0x7ff629479390,0x709390,5474834,0x538a12,
3145,0x7ff62947a790,0x70a790,5475224,0x538b98,
3146,0x7ff62947b060,0x70b060,5475439,0x538c6f,
3147,0x7ff62947b410,0x70b410,5475703,0x538d77,
3148,0x7ff62947bab0,0x70bab0,5476110,0x538f0e,
3149,0x7ff62947c3d0,0x70c3d0,5476416,0x539040,
3150,0x7ff62947c9a0,0x70c9a0,5476560,0x5390d0,
3151,0x7ff62947cce0,0x70cce0,5476581,0x5390e5,
3152,0x7ff62947cf40,0x70cf40,5476631,0x539117,
3153,0x7ff62947d0e0,0x70d0e0,5476724,0x539174,
3154,0x7ff62947d330,0x70d330,5477506,0x539482,
3155,0x7ff62947e470,0x70e470,5477776,0x539590,
3156,0x7ff62947ea50,0x70ea50,5478256,0x539770,
3157,0x7ff62947f560,0x70f560,5478400,0x539800,
3158,0x7ff62947f8a0,0x70f8a0,5478426,0x53981a,
3159,0x7ff62947fb00,0x70fb00,5478474,0x53984a,
3160,0x7ff62947fc90,0x70fc90,5478531,0x539883,
3161,0x7ff62947fe10,0x70fe10,5478937,0x539a19,
3162,0x7ff6294806c0,0x7106c0,5479184,0x539b10,
3163,0x7ff629480c50,0x710c50,5479345,0x539bb1,
3164,0x7ff629480fb0,0x710fb0,5479371,0x539bcb,
3165,0x7ff6294810b0,0x7110b0,5479528,0x539c68,
3166,0x7ff6294813d0,0x7113d0,5481496,0x53a418,
3167,0x7ff6294839d0,0x7139d0,5482140,0x53a69c,
3168,0x7ff6294845f0,0x7145f0,5482349,0x53a76d,
3169,0x7ff629484ab0,0x714ab0,5482558,0x53a83e,
3170,0x7ff629484f70,0x714f70,5482881,0x53a981,
3171,0x7ff629485610,0x715610,5483213,0x53aacd,
3172,0x7ff629485ce0,0x715ce0,5483560,0x53ac28,
3173,0x7ff6294863c0,0x7163c0,5483960,0x53adb8,
3174,0x7ff629486be0,0x716be0,5484217,0x53aeb9,
3175,0x7ff629487110,0x717110,5484877,0x53b14d,
3176,0x7ff629487f20,0x717f20,5485232,0x53b2b0,
3177,0x7ff629488600,0x718600,5485376,0x53b340,
3178,0x7ff629488940,0x718940,5485402,0x53b35a,
3179,0x7ff629488c00,0x718c00,5485459,0x53b393,
3180,0x7ff629488e00,0x718e00,5485575,0x53b407,
3181,0x7ff6294890b0,0x7190b0,5486498,0x53b7a2,
3182,0x7ff62948a440,0x71a440,5486778,0x53b8ba,
3183,0x7ff62948aa70,0x71aa70,5487438,0x53bb4e,
3184,0x7ff62948b880,0x71b880,5487940,0x53bd44,
3185,0x7ff62948c350,0x71c350,5488151,0x53be17,
3186,0x7ff62948c800,0x71c800,5488544,0x53bfa0,
3187,0x7ff62948d000,0x71d000,5488706,0x53c042,
3188,0x7ff62948d360,0x71d360,5488727,0x53c057,
3189,0x7ff62948d440,0x71d440,5488833,0x53c0c1,
3190,0x7ff62948d6a0,0x71d6a0,5489166,0x53c20e,
3191,0x7ff62948dd40,0x71dd40,5489328,0x53c2b0,
3192,0x7ff62948e0d0,0x71e0d0,5489983,0x53c53f,
3193,0x7ff62948ed10,0x71ed10,5491109,0x53c9a5,
3194,0x7ff629490270,0x720270,5491318,0x53ca76,
3195,0x7ff629490730,0x720730,5491663,0x53cbcf,
3196,0x7ff629490e90,0x720e90,5491920,0x53ccd0,
3197,0x7ff6294913c0,0x7213c0,5492064,0x53cd60,
3198,0x7ff629491700,0x721700,5492085,0x53cd75,
3199,0x7ff6294917e0,0x7217e0,5492191,0x53cddf,
3200,0x7ff629491a70,0x721a70,5492307,0x53ce53,
3201,0x7ff629491d20,0x721d20,5492585,0x53cf69,
3202,0x7ff629492290,0x722290,5493597,0x53d35d,
3203,0x7ff6294937c0,0x7237c0,5493712,0x53d3d0,
3204,0x7ff629493a00,0x723a00,5493856,0x53d460,
3205,0x7ff629493d40,0x723d40,5493877,0x53d475,
3206,0x7ff629493e20,0x723e20,5493983,0x53d4df,
3207,0x7ff6294940b0,0x7240b0,5494099,0x53d553,
3208,0x7ff629494360,0x724360,5494342,0x53d646,
3209,0x7ff629494870,0x724870,5495339,0x53da2b,
3210,0x7ff629495d50,0x725d50,5495456,0x53daa0,
3211,0x7ff629495f90,0x725f90,5495600,0x53db30,
3212,0x7ff6294962d0,0x7262d0,5495621,0x53db45,
3213,0x7ff6294963b0,0x7263b0,5495731,0x53dbb3,
3214,0x7ff629496600,0x726600,5495789,0x53dbed,
3215,0x7ff629496790,0x726790,5495905,0x53dc61,
3216,0x7ff629496a40,0x726a40,5497249,0x53e1a1,
3217,0x7ff629498600,0x728600,5497474,0x53e282,
3218,0x7ff629498b00,0x728b00,5497763,0x53e3a3,
3219,0x7ff6294990d0,0x7290d0,5498273,0x53e5a1,
3220,0x7ff629499b80,0x729b80,5498620,0x53e6fc,
3221,0x7ff62949a260,0x72a260,5499057,0x53e8b1,
3222,0x7ff62949ab60,0x72ab60,5499716,0x53eb44,
3223,0x7ff62949b980,0x72b980,5500608,0x53eec0,
3224,0x7ff62949cc10,0x72cc10,5500752,0x53ef50,
3225,0x7ff62949cf50,0x72cf50,5500805,0x53ef85,
3226,0x7ff62949d070,0x72d070,5500904,0x53efe8,
3227,0x7ff62949d300,0x72d300,5501022,0x53f05e,
3228,0x7ff62949d5c0,0x72d5c0,5501880,0x53f3b8,
3229,0x7ff62949e9b0,0x72e9b0,5502089,0x53f489,
3230,0x7ff62949ee70,0x72ee70,5502322,0x53f572,
3231,0x7ff62949f3a0,0x72f3a0,5503040,0x53f840,
3232,0x7ff6294a0340,0x730340,5503433,0x53f9c9,
3233,0x7ff6294a0be0,0x730be0,5503534,0x53fa2e,
3234,0x7ff6294a0e00,0x730e00,5504230,0x53fce6,
3235,0x7ff6294a1c70,0x731c70,5504656,0x53fe90,
3236,0x7ff6294a24e0,0x7324e0,5504800,0x53ff20,
3237,0x7ff6294a2820,0x732820,5504826,0x53ff3a,
3238,0x7ff6294a2920,0x732920,5504927,0x53ff9f,
3239,0x7ff6294a2bb0,0x732bb0,5505045,0x540015,
3240,0x7ff6294a2e40,0x732e40,5505192,0x5400a8,
3241,0x7ff6294a3160,0x733160,5506189,0x54048d,
3242,0x7ff6294a4640,0x734640,5506304,0x540500,
3243,0x7ff6294a4880,0x734880,5506448,0x540590,
3244,0x7ff6294a4bc0,0x734bc0,5506469,0x5405a5,
3245,0x7ff6294a4e20,0x734e20,5506522,0x5405da,
3246,0x7ff6294a4fd0,0x734fd0,5506638,0x54064e,
3247,0x7ff6294a5280,0x735280,5507171,0x540863,
3248,0x7ff6294a5d60,0x735d60,5507856,0x540b10,
3249,0x7ff6294a6bc0,0x736bc0,5508000,0x540ba0,
3250,0x7ff6294a6f00,0x736f00,5508026,0x540bba,
3251,0x7ff6294a7160,0x737160,5508074,0x540bea,
3252,0x7ff6294a72f0,0x7372f0,5508192,0x540c60,
3253,0x7ff6294a75b0,0x7375b0,5509555,0x5411b3,
3254,0x7ff6294a92a0,0x7392a0,5509836,0x5412cc,
3255,0x7ff6294a98d0,0x7398d0,5510166,0x541416,
3256,0x7ff6294aa0d0,0x73a0d0,5510873,0x5416d9,
3257,0x7ff6294ab010,0x73b010,5511184,0x541810,
3258,0x7ff6294ab6f0,0x73b6f0,5511328,0x5418a0,
3259,0x7ff6294aba30,0x73ba30,5511381,0x5418d5,
3260,0x7ff6294abb50,0x73bb50,5511599,0x5419af,
3261,0x7ff6294ac030,0x73c030,5512346,0x541c9a,
3262,0x7ff6294acf50,0x73cf50,5512633,0x541db9,
3263,0x7ff6294ad540,0x73d540,5514793,0x542629,
3264,0x7ff6293b3e70,0x643e70,5514881,0x542681,
3265,0x7ff6294af040,0x73f040,5514976,0x5426e0,
3266,0x7ff6294af290,0x73f290,5515120,0x542770,
3267,0x7ff6294af5d0,0x73f5d0,5515198,0x5427be,
3268,0x7ff6294af7a0,0x73f7a0,5515374,0x54286e,
3269,0x7ff6294afb40,0x73fb40,5516206,0x542bae,
3270,0x7ff6294b0e70,0x740e70,5516415,0x542c7f,
3271,0x7ff6294b1330,0x741330,5516874,0x542e4a,
3272,0x7ff6294b1d50,0x741d50,5517264,0x542fd0,
3273,0x7ff6294b2590,0x742590,5517365,0x543035,
3274,0x7ff6294b27b0,0x7427b0,5518062,0x5432ee,
3275,0x7ff6294b3650,0x743650,5518478,0x54348e,
3276,0x7ff6294b3ec0,0x743ec0,5518560,0x5434e0,
3277,0x7ff6294b4090,0x744090,5518704,0x543570,
3278,0x7ff6294b43d0,0x7443d0,5518730,0x54358a,
3279,0x7ff6294b4630,0x744630,5518775,0x5435b7,
3280,0x7ff6294b47c0,0x7447c0,5518895,0x54362f,
3281,0x7ff6294b4a70,0x744a70,5519624,0x543908,
3282,0x7ff6294b5a00,0x745a00,5519915,0x543a2b,
3283,0x7ff6294b60c0,0x7460c0,5520318,0x543bbe,
3284,0x7ff6294b6a60,0x746a60,5520704,0x543d40,
3285,0x7ff6294b71d0,0x7471d0,5520848,0x543dd0,
3286,0x7ff6294b7510,0x747510,5521095,0x543ec7,
3287,0x7ff6294b7a80,0x747a80,5521625,0x5440d9,
3288,0x7ff6294b8680,0x748680,5522547,0x544473,
3289,0x7ff6294b9930,0x749930,5522832,0x544590,
3290,0x7ff6294b9f60,0x749f60,5522976,0x544620,
3291,0x7ff6294ba2a0,0x74a2a0,5522997,0x544635,
3292,0x7ff6294ba380,0x74a380,5523165,0x5446dd,
3293,0x7ff6294ba6c0,0x74a6c0,5524514,0x544c22,
3294,0x7ff6294bc1e0,0x74c1e0,5524803,0x544d43,
3295,0x7ff6294bc840,0x74c840,5525251,0x544f03,
3296,0x7ff6294bd1d0,0x74d1d0,5525823,0x54513f,
3297,0x7ff6294bde80,0x74de80,5526240,0x5452e0,
3298,0x7ff6294be670,0x74e670,5526384,0x545370,
3299,0x7ff6294be9b0,0x74e9b0,5526405,0x545385,
3300,0x7ff6294bea90,0x74ea90,5526573,0x54542d,
3301,0x7ff6294bedd0,0x74edd0,5527919,0x54596f,
3302,0x7ff6294c0910,0x750910,5528208,0x545a90,
3303,0x7ff6294c0f70,0x750f70,5528656,0x545c50,
3304,0x7ff6294c1900,0x751900,5529228,0x545e8c,
3305,0x7ff6294c25b0,0x7525b0,5529648,0x546030,
3306,0x7ff6294c2da0,0x752da0,5529810,0x5460d2,
3307,0x7ff6294c3100,0x753100,5529831,0x5460e7,
3308,0x7ff6294c31e0,0x7531e0,5529955,0x546163,
3309,0x7ff6294c3490,0x753490,5530264,0x546298,
3310,0x7ff6294c3b50,0x753b50,5531150,0x54660e,
3311,0x7ff6294c4d20,0x754d20,5531718,0x546846,
3312,0x7ff6294c58d0,0x7558d0,5533318,0x546e86,
3313,0x7ff6294c7710,0x757710,5533648,0x546fd0,
3314,0x7ff6294c7ea0,0x757ea0,5534212,0x547204,
3315,0x7ff6294c8b50,0x758b50,5534552,0x547358,
3316,0x7ff6294c9210,0x759210,5534816,0x547460,
3317,0x7ff6294c9740,0x759740,5534960,0x5474f0,
3318,0x7ff6294c9a80,0x759a80,5535125,0x547595,
3319,0x7ff6294c9ea0,0x759ea0,5535207,0x5475e7,
3320,0x7ff6294ca060,0x75a060,5535408,0x5476b0,
3321,0x7ff6294ca500,0x75a500,5536451,0x547ac3,
3322,0x7ff6294cbb80,0x75bb80,5536660,0x547b94,
3323,0x7ff6294cc040,0x75c040,5537110,0x547d56,
3324,0x7ff6294cc910,0x75c910,5537397,0x547e75,
3325,0x7ff6294ccf70,0x75cf70,5537596,0x547f3c,
3326,0x7ff6294cd2a0,0x75d2a0,5537946,0x54809a,
3327,0x7ff6294cd9c0,0x75d9c0,5538464,0x5482a0,
3328,0x7ff6294ce440,0x75e440,5538608,0x548330,
3329,0x7ff6294ce780,0x75e780,5538670,0x54836e,
3330,0x7ff6294ce990,0x75e990,5538790,0x5483e6,
3331,0x7ff6294cec40,0x75ec40,5539554,0x5486e2,
3332,0x7ff6294cfdb0,0x75fdb0,5539881,0x548829,
3333,0x7ff6294d0470,0x760470,5540224,0x548980,
3334,0x7ff6294d0ba0,0x760ba0,5540544,0x548ac0,
3335,0x7ff6294d1310,0x761310,5540688,0x548b50,
3336,0x7ff6294d1650,0x761650,5540830,0x548bde,
3337,0x7ff6294d19e0,0x7619e0,5540958,0x548c5e,
3338,0x7ff6294d1cb0,0x761cb0,5541722,0x548f5a,
3339,0x7ff6294d2e20,0x762e20,5542097,0x5490d1,
3340,0x7ff6294d35d0,0x7635d0,5542440,0x549228,
3341,0x7ff6294d3d00,0x763d00,5542750,0x54935e,
3342,0x7ff6294d44c0,0x7644c0,5542896,0x5493f0,
3343,0x7ff6294d4850,0x764850,5543040,0x549480,
3344,0x7ff6294d4b90,0x764b90,5543061,0x549495,
3345,0x7ff6294d4df0,0x764df0,5543114,0x5494ca,
3346,0x7ff6294d4f90,0x764f90,5543234,0x549542,
3347,0x7ff6294d5240,0x765240,5544198,0x549906,
3348,0x7ff6294d6830,0x766830,5544515,0x549a43,
3349,0x7ff6294d6ef0,0x766ef0,5544912,0x549bd0,
3350,0x7ff6294d76e0,0x7676e0,5545296,0x549d50,
3351,0x7ff6294d7ef0,0x767ef0,5545440,0x549de0,
3352,0x7ff6294d8230,0x768230,5545475,0x549e03,
3353,0x7ff6294d84a0,0x7684a0,5545528,0x549e38,
3354,0x7ff6294d8640,0x768640,5545641,0x549ea9,
3355,0x7ff6294d8880,0x768880,5545761,0x549f21,
3356,0x7ff6294d8b30,0x768b30,5546594,0x54a262,
3357,0x7ff6294d9e10,0x769e10,5546803,0x54a333,
3358,0x7ff6294da2d0,0x76a2d0,5547030,0x54a416,
3359,0x7ff6294da800,0x76a800,5547341,0x54a54d,
3360,0x7ff6294daea0,0x76aea0,5548102,0x54a846,
3361,0x7ff6294dc040,0x76c040,5548399,0x54a96f,
3362,0x7ff628fbc060,0x24c060,5550165,0x54b055,
3363,0x7ff6294dc6b0,0x76c6b0,5550416,0x54b150,
3364,0x7ff6294dcbe0,0x76cbe0,5550560,0x54b1e0,
3365,0x7ff6294dcf20,0x76cf20,5550613,0x54b215,
3366,0x7ff6294dd0c0,0x76d0c0,5550731,0x54b28b,
3367,0x7ff6294dd380,0x76d380,5552611,0x54b9e3,
3368,0x7ff6294df9d0,0x76f9d0,5552898,0x54bb02,
3369,0x7ff6294dffb0,0x76ffb0,5553231,0x54bc4f,
3370,0x7ff6294e0700,0x770700,5553669,0x54be05,
3371,0x7ff6294e1030,0x771030,5553929,0x54bf09,
3372,0x7ff6294e1590,0x771590,5554591,0x54c19f,
3373,0x7ff6294e2240,0x772240,5554826,0x54c28a,
3374,0x7ff6294e2750,0x772750,5555184,0x54c3f0,
3375,0x7ff6294e2e70,0x772e70,5556021,0x54c735,
3376,0x7ff6294e3f80,0x773f80,5556448,0x54c8e0,
3377,0x7ff6294e47b0,0x7747b0,5556592,0x54c970,
3378,0x7ff6294e4af0,0x774af0,5556754,0x54ca12,
3379,0x7ff6294e4de0,0x774de0,5556872,0x54ca88,
3380,0x7ff6294e50a0,0x7750a0,5557883,0x54ce7b,
3381,0x7ff6294e6750,0x776750,5558092,0x54cf4c,
3382,0x7ff6294e6c10,0x776c10,5558493,0x54d0dd,
3383,0x7ff6294e74b0,0x7774b0,5558594,0x54d142,
3384,0x7ff6294e76d0,0x7776d0,5559228,0x54d3bc,
3385,0x7ff6294e8420,0x778420,5559601,0x54d531,
3386,0x7ff6294e8be0,0x778be0,5560048,0x54d6f0,
3387,0x7ff6294e9560,0x779560,5560192,0x54d780,
3388,0x7ff6294e98a0,0x7798a0,5560213,0x54d795,
3389,0x7ff6294e9b00,0x779b00,5560266,0x54d7ca,
3390,0x7ff6294e9cb0,0x779cb0,5560384,0x54d840,
3391,0x7ff6294e9f70,0x779f70,5560867,0x54da23,
3392,0x7ff6294ea970,0x77a970,5561078,0x54daf6,
3393,0x7ff6294eae30,0x77ae30,5561610,0x54dd0a,
3394,0x7ff6294eb9d0,0x77b9d0,5561866,0x54de0a,
3395,0x7ff6294ebf60,0x77bf60,5562218,0x54df6a,
3396,0x7ff6294ec7f0,0x77c7f0,5562469,0x54e065,
3397,0x7ff6294ecc90,0x77cc90,5563134,0x54e2fe,
3398,0x7ff6294edc50,0x77dc50,5563959,0x54e637,
3399,0x7ff6294eeeb0,0x77eeb0,5564112,0x54e6d0,
3400,0x7ff6294ef170,0x77f170,5564256,0x54e760,
3401,0x7ff6294ef4b0,0x77f4b0,5564277,0x54e775,
3402,0x7ff6294ef710,0x77f710,5564327,0x54e7a7,
3403,0x7ff6294ef8c0,0x77f8c0,5564551,0x54e887,
3404,0x7ff6294efda0,0x77fda0,5566010,0x54ee3a,
3405,0x7ff6294f1b50,0x781b50,5566333,0x54ef7d,
3406,0x7ff6294f2280,0x782280,5566710,0x54f0f6,
3407,0x7ff6294f2b80,0x782b80,5567120,0x54f290,
3408,0x7ff6294f34b0,0x7834b0,5567264,0x54f320,
3409,0x7ff6294f37f0,0x7837f0,5567324,0x54f35c,
3410,0x7ff6294f3a90,0x783a90,5567377,0x54f391,
3411,0x7ff6294f3c30,0x783c30,5567497,0x54f409,
3412,0x7ff6294f3ee0,0x783ee0,5568364,0x54f76c,
3413,0x7ff6294f52a0,0x7852a0,5568693,0x54f8b5,
3414,0x7ff6294f5960,0x785960,5569104,0x54fa50,
3415,0x7ff6294f6150,0x786150,5569125,0x54fa65,
3416,0x7ff6294f63b0,0x7863b0,5569269,0x54faf5,
3417,0x7ff6294f66f0,0x7866f0,5569322,0x54fb2a,
3418,0x7ff6294f6890,0x786890,5569440,0x54fba0,
3419,0x7ff6294f6b50,0x786b50,5570505,0x54ffc9,
3420,0x7ff6294f8270,0x788270,5570845,0x55011d,
3421,0x7ff6294f8950,0x788950,5571223,0x550297,
3422,0x7ff6294f90c0,0x7890c0,5572411,0x55073b,
3423,0x7ff6294fa960,0x78a960,5572991,0x55097f,
3424,0x7ff6294fb4d0,0x78b4d0,5573396,0x550b14,
3425,0x7ff6294fbd40,0x78bd40,5573808,0x550cb0,
3426,0x7ff6294fc5e0,0x78c5e0,5573952,0x550d40,
3427,0x7ff6294fc920,0x78c920,5573996,0x550d6c,
3428,0x7ff6294fca30,0x78ca30,5574115,0x550de3,
3429,0x7ff6294fccf0,0x78ccf0,5575265,0x551261,
3430,0x7ff6294fe580,0x78e580,5575486,0x55133e,
3431,0x7ff6294fea80,0x78ea80,5575695,0x55140f,
3432,0x7ff6294fef10,0x78ef10,5575996,0x55153c,
3433,0x7ff6294ff530,0x78f530,5576127,0x5515bf,
3434,0x7ff6294ff800,0x78f800,5576568,0x551778,
3435,0x7ff629500290,0x790290,5577244,0x551a1c,
3436,0x7ff629501140,0x791140,5577600,0x551b80,
3437,0x7ff6295017a0,0x7917a0,5577753,0x551c19,
3438,0x7ff629501af0,0x791af0,5577803,0x551c4b,
3439,0x7ff629501ca0,0x791ca0,5577932,0x551ccc,
3440,0x7ff629501fc0,0x791fc0,5578508,0x551f0c,
3441,0x7ff629502d40,0x792d40,5578717,0x551fdd,
3442,0x7ff629503200,0x793200,5579593,0x552349,
3443,0x7ff629504520,0x794520,5579982,0x5524ce,
3444,0x7ff629504e80,0x794e80,5580815,0x55280f,
3445,0x7ff6295062a0,0x7962a0,5581073,0x552911,
3446,0x7ff629506890,0x796890,5581296,0x5529f0,
3447,0x7ff629506d50,0x796d50,5581440,0x552a80,
3448,0x7ff629507090,0x797090,5581490,0x552ab2,
3449,0x7ff629507230,0x797230,5581572,0x552b04,
3450,0x7ff629507430,0x797430,5581844,0x552c14,
3451,0x7ff629507a60,0x797a60,5582064,0x552cf0,
3452,0x7ff629507f10,0x797f10,5582208,0x552d80,
3453,0x7ff629508250,0x798250,5582261,0x552db5,
3454,0x7ff629508400,0x798400,5582379,0x552e2b,
3455,0x7ff6295086c0,0x7986c0,5583319,0x5531d7,
3456,0x7ff629509bb0,0x799bb0,5583584,0x5532e0,
3457,0x7ff62950a170,0x79a170,5583802,0x5533ba,
3458,0x7ff62950a670,0x79a670,5584352,0x5535e0,
3459,0x7ff62950b230,0x79b230,5584496,0x553670,
3460,0x7ff62950b570,0x79b570,5584549,0x5536a5,
3461,0x7ff62950b720,0x79b720,5584863,0x5537df,
3462,0x7ff62950bf00,0x79bf00,5585800,0x553b88,
3463,0x7ff62950d310,0x79d310,5586369,0x553dc1,
3464,0x7ff62950dec0,0x79dec0,5586614,0x553eb6,
3465,0x7ff62950e450,0x79e450,5586888,0x553fc8,
3466,0x7ff62950eb10,0x79eb10,5586960,0x554010,
3467,0x7ff62950ecd0,0x79ecd0,5587104,0x5540a0,
3468,0x7ff62950f010,0x79f010,5587163,0x5540db,
3469,0x7ff62950f1c0,0x79f1c0,5587292,0x55415c,
3470,0x7ff62950f4e0,0x79f4e0,5587868,0x55439c,
3471,0x7ff629510260,0x7a0260,5588077,0x55446d,
3472,0x7ff629510720,0x7a0720,5588953,0x5547d9,
3473,0x7ff629511a40,0x7a1a40,5589342,0x55495e,
3474,0x7ff6295123a0,0x7a23a0,5590175,0x554c9f,
3475,0x7ff6295137c0,0x7a37c0,5590433,0x554da1,
3476,0x7ff629513db0,0x7a3db0,5590656,0x554e80,
3477,0x7ff629514270,0x7a4270,5590800,0x554f10,
3478,0x7ff6295145b0,0x7a45b0,5590821,0x554f25,
3479,0x7ff629514810,0x7a4810,5590874,0x554f5a,
3480,0x7ff6295149c0,0x7a49c0,5590992,0x554fd0,
3481,0x7ff629514c80,0x7a4c80,5591871,0x55533f,
3482,0x7ff629516060,0x7a6060,5592136,0x555448,
3483,0x7ff629516620,0x7a6620,5592363,0x55552b,
3484,0x7ff629516b50,0x7a6b50,5592928,0x555760,
3485,0x7ff629517760,0x7a7760,5593072,0x5557f0,
3486,0x7ff629517aa0,0x7a7aa0,5593108,0x555814,
3487,0x7ff629517d10,0x7a7d10,5593156,0x555844,
3488,0x7ff629517ea0,0x7a7ea0,5593274,0x5558ba,
3489,0x7ff629518160,0x7a8160,5593871,0x555b0f,
3490,0x7ff629518f50,0x7a8f50,5594080,0x555be0,
3491,0x7ff629519410,0x7a9410,5595440,0x556130,
3492,0x7ff62951b1d0,0x7ab1d0,5595584,0x5561c0,
3493,0x7ff62951b510,0x7ab510,5595610,0x5561da,
3494,0x7ff62951b770,0x7ab770,5595655,0x556207,
3495,0x7ff62951b900,0x7ab900,5595852,0x5562cc,
3496,0x7ff62951bdb0,0x7abdb0,5597333,0x556895,
3497,0x7ff62951de70,0x7ade70,5597667,0x5569e3,
3498,0x7ff62951e660,0x7ae660,5597979,0x556b1b,
3499,0x7ff62951eca0,0x7aeca0,5598773,0x556e35,
3500,0x7ff62951fc20,0x7afc20,5599050,0x556f4a,
3501,0x7ff6295201e0,0x7b01e0,5599685,0x5571c5,
3502,0x7ff629520fb0,0x7b0fb0,5600510,0x5574fe,
3503,0x7ff629521f70,0x7b1f70,5600862,0x55765e,
3504,0x7ff629522710,0x7b2710,5601419,0x55788b,
3505,0x7ff6295231f0,0x7b31f0,5601760,0x5579e0,
3506,0x7ff629523900,0x7b3900,5601904,0x557a70,
3507,0x7ff629523c40,0x7b3c40,5601930,0x557a8a,
3508,0x7ff629523d40,0x7b3d40,5602024,0x557ae8,
3509,0x7ff629478ed0,0x708ed0,5602100,0x557b34,
3510,0x7ff629523f60,0x7b3f60,5602218,0x557baa,
3511,0x7ff629524220,0x7b4220,5602904,0x557e58,
3512,0x7ff629525180,0x7b5180,5603269,0x557fc5,
3513,0x7ff629525a30,0x7b5a30,5604495,0x55848f,
3514,0x7ff6295274d0,0x7b74d0,5604797,0x5585bd,
3515,0x7ff629527bb0,0x7b7bb0,5605056,0x5586c0,
3516,0x7ff629528120,0x7b8120,5605200,0x558750,
3517,0x7ff629528460,0x7b8460,5605236,0x558774,
3518,0x7ff629528570,0x7b8570,5605334,0x5587d6,
3519,0x7ff629528800,0x7b8800,5605506,0x558882,
3520,0x7ff629528bf0,0x7b8bf0,5605730,0x558962,
3521,0x7ff629529040,0x7b9040,5606404,0x558c04,
3522,0x7ff62952a0f0,0x7ba0f0,5607475,0x559033,
3523,0x7ff62952b7d0,0x7bb7d0,5607816,0x559188,
3524,0x7ff62952bf20,0x7bbf20,5608025,0x559259,
3525,0x7ff62952c3e0,0x7bc3e0,5608339,0x559393,
3526,0x7ff62952cbd0,0x7bcbd0,5608447,0x5593ff,
3527,0x7ff62952ce10,0x7bce10,5608560,0x559470,
3528,0x7ff62952d160,0x7bd160,5608704,0x559500,
3529,0x7ff62952d4a0,0x7bd4a0,5608754,0x559532,
3530,0x7ff62952d650,0x7bd650,5608838,0x559586,
3531,0x7ff62952d830,0x7bd830,5609754,0x55991a,
3532,0x7ff62952eb30,0x7beb30,5609965,0x5599ed,
3533,0x7ff62952efe0,0x7befe0,5610176,0x559ac0,
3534,0x7ff62952f4a0,0x7bf4a0,5610320,0x559b50,
3535,0x7ff62952f7e0,0x7bf7e0,5610356,0x559b74,
3536,0x7ff62952f8f0,0x7bf8f0,5610454,0x559bd6,
3537,0x7ff62952fb80,0x7bfb80,5610626,0x559c82,
3538,0x7ff62952ff70,0x7bff70,5610908,0x559d9c,
3539,0x7ff629530500,0x7c0500,5611170,0x559ea2,
3540,0x7ff629530ab0,0x7c0ab0,5612280,0x55a2f8,
3541,0x7ff629532280,0x7c2280,5612486,0x55a3c6,
3542,0x7ff629532740,0x7c2740,5612756,0x55a4d4,
3543,0x7ff629532d20,0x7c2d20,5613100,0x55a62c,
3544,0x7ff629533610,0x7c3610,5613208,0x55a698,
3545,0x7ff62952ce10,0x7bce10,5613328,0x55a710,
3546,0x7ff629533850,0x7c3850,5613472,0x55a7a0,
3547,0x7ff628dc6040,0x56040,5613477,0x55a7a5,
3548,0x7ff629533b90,0x7c3b90,5613699,0x55a883,
3549,0x7ff629533f70,0x7c3f70,5614613,0x55ac15,
3550,0x7ff629535410,0x7c5410,5614847,0x55acff,
3551,0x7ff629535970,0x7c5970,5615237,0x55ae85,
3552,0x7ff6295361b0,0x7c61b0,5615338,0x55aeea,
3553,0x7ff6295363d0,0x7c63d0,5616035,0x55b1a3,
3554,0x7ff629537270,0x7c7270,5616464,0x55b350,
3555,0x7ff629537ae0,0x7c7ae0,5616608,0x55b3e0,
3556,0x7ff629537e20,0x7c7e20,5616638,0x55b3fe,
3557,0x7ff629537f20,0x7c7f20,5616759,0x55b477,
3558,0x7ff6295381f0,0x7c81f0,5617351,0x55b6c7,
3559,0x7ff629538eb0,0x7c8eb0,5618288,0x55ba70,
3560,0x7ff62953a3c0,0x7ca3c0,5618432,0x55bb00,
3561,0x7ff62953a700,0x7ca700,5618491,0x55bb3b,
3562,0x7ff62953a8c0,0x7ca8c0,5618622,0x55bbbe,
3563,0x7ff62953abc0,0x7cabc0,5619425,0x55bee1,
3564,0x7ff62953bef0,0x7cbef0,5619643,0x55bfbb,
3565,0x7ff62953c410,0x7cc410,5619821,0x55c06d,
3566,0x7ff62953c6e0,0x7cc6e0,5620093,0x55c17d,
3567,0x7ff62953ccb0,0x7cccb0,5620656,0x55c3b0,
3568,0x7ff62953d8d0,0x7cd8d0,5620800,0x55c440,
3569,0x7ff62953dc10,0x7cdc10,5620850,0x55c472,
3570,0x7ff62953ddc0,0x7cddc0,5621051,0x55c53b,
3571,0x7ff62953e2e0,0x7ce2e0,5621623,0x55c777,
3572,0x7ff62953efe0,0x7cefe0,5621825,0x55c841,
3573,0x7ff62953f440,0x7cf440,5622080,0x55c940,
3574,0x7ff62953fa80,0x7cfa80,5622224,0x55c9d0,
3575,0x7ff62953fdc0,0x7cfdc0,5622245,0x55c9e5,
3576,0x7ff629540020,0x7d0020,5622295,0x55ca17,
3577,0x7ff6295401c0,0x7d01c0,5622519,0x55caf7,
3578,0x7ff6295406a0,0x7d06a0,5623454,0x55ce9e,
3579,0x7ff6295419d0,0x7d19d0,5623804,0x55cffc,
3580,0x7ff6295421b0,0x7d21b0,5624029,0x55d0dd,
3581,0x7ff6295426c0,0x7d26c0,5624384,0x55d240,
3582,0x7ff629542ed0,0x7d2ed0,5624528,0x55d2d0,
3583,0x7ff629543210,0x7d3210,5624578,0x55d302,
3584,0x7ff6295433c0,0x7d33c0,5624696,0x55d378,
3585,0x7ff629543680,0x7d3680,5625568,0x55d6e0,
3586,0x7ff6295449a0,0x7d49a0,5625783,0x55d7b7,
3587,0x7ff629544ea0,0x7d4ea0,5626464,0x55da60,
3588,0x7ff629545d90,0x7d5d90,5626608,0x55daf0,
3589,0x7ff6295460d0,0x7d60d0,5626658,0x55db22,
3590,0x7ff629546280,0x7d6280,5626776,0x55db98,
3591,0x7ff629546540,0x7d6540,5627743,0x55df5f,
3592,0x7ff629547a70,0x7d7a70,5627959,0x55e037,
3593,0x7ff629547fa0,0x7d7fa0,5628640,0x55e2e0,
3594,0x7ff629548e00,0x7d8e00,5628784,0x55e370,
3595,0x7ff629549140,0x7d9140,5628878,0x55e3ce,
3596,0x7ff629549380,0x7d9380,5629075,0x55e493,
3597,0x7ff629549830,0x7d9830,5629553,0x55e671,
3598,0x7ff62954a310,0x7da310,5630474,0x55ea0a,
3599,0x7ff62954b5a0,0x7db5a0,5630688,0x55eae0,
3600,0x7ff62954ba60,0x7dba60,5630832,0x55eb70,
3601,0x7ff62954bda0,0x7dbda0,5630877,0x55eb9d,
3602,0x7ff62954beb0,0x7dbeb0,5631018,0x55ec2a,
3603,0x7ff62954c1e0,0x7dc1e0,5631136,0x55eca0,
3604,0x7ff62954c4a0,0x7dc4a0,5632113,0x55f071,
3605,0x7ff62954d750,0x7dd750,5632208,0x55f0d0,
3606,0x7ff62954d970,0x7dd970,5632644,0x55f284,
3607,0x7ff62954e3f0,0x7de3f0,5633070,0x55f42e,
3608,0x7ff62954ed20,0x7ded20,5633517,0x55f5ed,
3609,0x7ff62954f7a0,0x7df7a0,5633601,0x55f641,
3610,0x7ff62954f990,0x7df990,5634016,0x55f7e0,
3611,0x7ff6295501c0,0x7e01c0,5634160,0x55f870,
3612,0x7ff629550500,0x7e0500,5634181,0x55f885,
3613,0x7ff629550760,0x7e0760,5634234,0x55f8ba,
3614,0x7ff629550910,0x7e0910,5634354,0x55f932,
3615,0x7ff629550bc0,0x7e0bc0,5634876,0x55fb3c,
3616,0x7ff629551770,0x7e1770,5635127,0x55fc37,
3617,0x7ff629551d90,0x7e1d90,5635536,0x55fdd0,
3618,0x7ff629552730,0x7e2730,5635680,0x55fe60,
3619,0x7ff629552a70,0x7e2a70,5635710,0x55fe7e,
3620,0x7ff629552b80,0x7e2b80,5635740,0x55fe9c,
3621,0x7ff629552ca0,0x7e2ca0,5635826,0x55fef2,
3622,0x7ff629552e20,0x7e2e20,5636286,0x5600be,
3623,0x7ff629553740,0x7e3740,5636621,0x56020d,
3624,0x7ff629553fc0,0x7e3fc0,5636860,0x5602fc,
3625,0x7ff629554530,0x7e4530,5637349,0x5604e5,
3626,0x7ff629555000,0x7e5000,5637953,0x560741,
3627,0x7ff629555d90,0x7e5d90,5638619,0x5609db,
3628,0x7ff629556d90,0x7e6d90,5639218,0x560c32,
3629,0x7ff629557860,0x7e7860,5641370,0x56149a,
3630,0x7ff62955abf0,0x7eabf0,5641790,0x56163e,
3631,0x7ff62955b490,0x7eb490,5642039,0x561737,
3632,0x7ff62955bab0,0x7ebab0,5642504,0x561908,
3633,0x7ff62955c4d0,0x7ec4d0,5643039,0x561b1f,
3634,0x7ff6291514a0,0x3e14a0,5643152,0x561b90,
3635,0x7ff62955d1d0,0x7ed1d0,5643296,0x561c20,
3636,0x7ff62955d510,0x7ed510,5643324,0x561c3c,
3637,0x7ff62955d730,0x7ed730,5643399,0x561c87,
3638,0x7ff62955d870,0x7ed870,5644207,0x561faf,
3639,0x7ff62955e890,0x7ee890,5645477,0x5624a5,
3640,0x7ff6295602d0,0x7f02d0,5646004,0x5626b4,
3641,0x7ff629560e10,0x7f0e10,5646786,0x5629c2,
3642,0x7ff629561e70,0x7f1e70,5647125,0x562b15,
3643,0x7ff6295627b0,0x7f27b0,5647258,0x562b9a,
3644,0x7ff6291faa80,0x48aa80,5647456,0x562c60,
3645,0x7ff629562b80,0x7f2b80,5647922,0x562e32,
3646,0x7ff6295635d0,0x7f35d0,5650983,0x563a27,
3647,0x7ff629567620,0x7f7620,5651380,0x563bb4,
3648,0x7ff629568160,0x7f8160,5651909,0x563dc5,
3649,0x7ff629568b20,0x7f8b20,5652413,0x563fbd,
3650,0x7ff6295695b0,0x7f95b0,5652881,0x564191,
3651,0x7ff62956a0c0,0x7fa0c0,5653392,0x564390,
3652,0x7ff62956ab60,0x7fab60,5653536,0x564420,
3653,0x7ff62956aea0,0x7faea0,5653574,0x564446,
3654,0x7ff62956afb0,0x7fafb0,5653612,0x56446c,
3655,0x7ff62956b0c0,0x7fb0c0,5653650,0x564492,
3656,0x7ff62956b1d0,0x7fb1d0,5653688,0x5644b8,
3657,0x7ff62956b2e0,0x7fb2e0,5653781,0x564515,
3658,0x7ff62956b4b0,0x7fb4b0,5654287,0x56470f,
3659,0x7ff62956bec0,0x7fbec0,5654596,0x564844,
3660,0x7ff62956c6d0,0x7fc6d0,5655099,0x564a3b,
3661,0x7ff62956d240,0x7fd240,5655439,0x564b8f,
3662,0x7ff62956dac0,0x7fdac0,5655798,0x564cf6,
3663,0x7ff62956e410,0x7fe410,5656054,0x564df6,
3664,0x7ff62956e9f0,0x7fe9f0,5656119,0x564e37,
3665,0x7ff62956eb30,0x7feb30,5656755,0x5650b3,
3666,0x7ff62956f5e0,0x7ff5e0,5657732,0x565484,
3667,0x7ff6295707e0,0x8007e0,5658505,0x565789,
3668,0x7ff629571aa0,0x801aa0,5658754,0x565882,
3669,0x7ff6295720d0,0x8020d0,5659069,0x5659bd,
3670,0x7ff6295727c0,0x8027c0,5659551,0x565b9f,
3671,0x7ff6295732f0,0x8032f0,5660352,0x565ec0,
3672,0x7ff629574620,0x804620,5660496,0x565f50,
3673,0x7ff629574960,0x804960,5660534,0x565f76,
3674,0x7ff629574a70,0x804a70,5660572,0x565f9c,
3675,0x7ff629574b80,0x804b80,5660679,0x566007,
3676,0x7ff629574dd0,0x804dd0,5661088,0x5661a0,
3677,0x7ff629575510,0x805510,5661319,0x566287,
3678,0x7ff629575a90,0x805a90,5662528,0x566740,
3679,0x7ff6295771b0,0x8071b0,5662689,0x5667e1,
3680,0x7ff629577510,0x807510,5662726,0x566806,
3681,0x7ff629577870,0x807870,5662833,0x566871,
3682,0x7ff629577a40,0x807a40,5662942,0x5668de,
3683,0x7ff629577d30,0x807d30,5664353,0x566e61,
3684,0x7ff629579850,0x809850,5666104,0x567538,
3685,0x7ff62957b0e0,0x80b0e0,5666531,0x5676e3,
3686,0x7ff62957bad0,0x80bad0,5666981,0x5678a5,
3687,0x7ff62957c600,0x80c600,5667415,0x567a57,
3688,0x7ff62957cfa0,0x80cfa0,5668420,0x567e44,
3689,0x7ff62957e190,0x80e190,5668525,0x567ead,
3690,0x7ff62957e3f0,0x80e3f0,5669745,0x568371,
3691,0x7ff62957fb00,0x80fb00,5670159,0x56850f,
3692,0x7ff6295804c0,0x8104c0,5670951,0x568827,
3693,0x7ff629581610,0x811610,5672188,0x568cfc,
3694,0x7ff629583650,0x813650,5672240,0x568d30,
3695,0x7ff6295837a0,0x8137a0,5672384,0x568dc0,
3696,0x7ff629583ae0,0x813ae0,5672410,0x568dda,
3697,0x7ff629583be0,0x813be0,5672495,0x568e2f,
3698,0x7ff629583de0,0x813de0,5672653,0x568ecd,
3699,0x7ff629584150,0x814150,5673470,0x5691fe,
3700,0x7ff6295854a0,0x8154a0,5673955,0x5693e3,
3701,0x7ff629585fd0,0x815fd0,5674444,0x5695cc,
3702,0x7ff629586be0,0x816be0,5674656,0x5696a0,
3703,0x7ff6295870e0,0x8170e0,5674800,0x569730,
3704,0x7ff629587420,0x817420,5674826,0x56974a,
3705,0x7ff629587520,0x817520,5674930,0x5697b2,
3706,0x7ff629587740,0x817740,5676203,0x569cab,
3707,0x7ff629589650,0x819650,5677018,0x569fda,
3708,0x7ff62958a980,0x81a980,5677225,0x56a0a9,
3709,0x7ff62958ae30,0x81ae30,5677976,0x56a398,
3710,0x7ff62958be90,0x81be90,5678236,0x56a49c,
3711,0x7ff62958c600,0x81c600,5678564,0x56a5e4,
3712,0x7ff62958cf20,0x81cf20,5679104,0x56a800,
3713,0x7ff62958dbc0,0x81dbc0,5679248,0x56a890,
3714,0x7ff62958df00,0x81df00,5679274,0x56a8aa,
3715,0x7ff62958e000,0x81e000,5679610,0x56a9fa,
3716,0x7ff62958e580,0x81e580,5679675,0x56aa3b,
3717,0x7ff62958e700,0x81e700,5680024,0x56ab98,
3718,0x7ff62958ed30,0x81ed30,5681532,0x56b17c,
3719,0x7ff629590be0,0x820be0,5683810,0x56ba62,
3720,0x7ff6295945d0,0x8245d0,5684017,0x56bb31,
3721,0x7ff629594a80,0x824a80,5684468,0x56bcf4,
3722,0x7ff629595750,0x825750,5685292,0x56c02c,
3723,0x7ff629596a80,0x826a80,5685664,0x56c1a0,
3724,0x7ff629597280,0x827280,5685808,0x56c230,
3725,0x7ff6295975c0,0x8275c0,5685834,0x56c24a,
3726,0x7ff6295976c0,0x8276c0,5686023,0x56c307,
3727,0x7ff629597a00,0x827a00,5686286,0x56c40e,
3728,0x7ff629597ea0,0x827ea0,5687336,0x56c828,
3729,0x7ff6295993b0,0x8293b0,5689938,0x56d252,
3730,0x7ff62959d400,0x82d400,5690145,0x56d321,
3731,0x7ff62959d8b0,0x82d8b0,5690596,0x56d4e4,
3732,0x7ff62959e580,0x82e580,5691415,0x56d817,
3733,0x7ff62959f8b0,0x82f8b0,5691520,0x56d880,
3734,0x7ff62959fab0,0x82fab0,5691664,0x56d910,
3735,0x7ff62959fdf0,0x82fdf0,5691690,0x56d92a,
3736,0x7ff6295a0070,0x830070,5691774,0x56d97e,
3737,0x7ff6295a0220,0x830220,5692242,0x56db52,
3738,0x7ff6295a0bc0,0x830bc0,5692722,0x56dd32,
3739,0x7ff6295a1590,0x831590,5693070,0x56de8e,
3740,0x7ff6295a1db0,0x831db0,5693244,0x56df3c,
3741,0x7ff6295a2390,0x832390,5693674,0x56e0ea,
3742,0x7ff6295a2ef0,0x832ef0,5694166,0x56e2d6,
3743,0x7ff6295a3be0,0x833be0,5694568,0x56e468,
3744,0x7ff6295a46e0,0x8346e0,5695066,0x56e65a,
3745,0x7ff6295a5420,0x835420,5695518,0x56e81e,
3746,0x7ff6295a5e20,0x835e20,5696029,0x56ea1d,
3747,0x7ff6295a6800,0x836800,5696455,0x56ebc7,
3748,0x7ff6295a7320,0x837320,5696752,0x56ecf0,
3749,0x7ff6295a79c0,0x8379c0,5696896,0x56ed80,
3750,0x7ff6295a7d00,0x837d00,5696922,0x56ed9a,
3751,0x7ff6295a7e00,0x837e00,5697090,0x56ee42,
3752,0x7ff6295a8150,0x838150,5697321,0x56ef29,
3753,0x7ff6295a8620,0x838620,5697534,0x56effe,
3754,0x7ff6295a8af0,0x838af0,5697859,0x56f143,
3755,0x7ff6295a9260,0x839260,5698224,0x56f2b0,
3756,0x7ff6295a99c0,0x8399c0,5698368,0x56f340,
3757,0x7ff6295a9d00,0x839d00,5698394,0x56f35a,
3758,0x7ff6295a9e00,0x839e00,5698550,0x56f3f6,
3759,0x7ff6295aa0f0,0x83a0f0,5698710,0x56f496,
3760,0x7ff6295aa400,0x83a400,5699312,0x56f6f0,
3761,0x7ff6295ab0f0,0x83b0f0,5700093,0x56f9fd,
3762,0x7ff6295ac410,0x83c410,5700280,0x56fab8,
3763,0x7ff6295ac860,0x83c860,5701442,0x56ff42,
3764,0x7ff6295ae140,0x83e140,5701584,0x56ffd0,
3765,0x7ff6295ae480,0x83e480,5701728,0x570060,
3766,0x7ff6295ae7c0,0x83e7c0,5701754,0x57007a,
3767,0x7ff6295ae8c0,0x83e8c0,5701920,0x570120,
3768,0x7ff6295aebd0,0x83ebd0,5702212,0x570244,
3769,0x7ff6295af220,0x83f220,5702679,0x570417,
3770,0x7ff6295afd20,0x83fd20,5702961,0x570531,
3771,0x7ff6295b0330,0x840330,5703304,0x570688,
3772,0x7ff6295b0b40,0x840b40,5703760,0x570850,
3773,0x7ff6295b15c0,0x8415c0,5703904,0x5708e0,
3774,0x7ff6295b1900,0x841900,5703930,0x5708fa,
3775,0x7ff6295b1a00,0x841a00,5704086,0x570996,
3776,0x7ff6295b1cf0,0x841cf0,5704406,0x570ad6,
3777,0x7ff6295b23f0,0x8423f0,5704841,0x570c89,
3778,0x7ff6295b2e40,0x842e40,5705252,0x570e24,
3779,0x7ff6295b3800,0x843800,5705725,0x570ffd,
3780,0x7ff6295b4310,0x844310,5706208,0x5711e0,
3781,0x7ff6295b4e50,0x844e50,5706352,0x571270,
3782,0x7ff6295b5190,0x845190,5706378,0x57128a,
3783,0x7ff6295b53c0,0x8453c0,5706435,0x5712c3,
3784,0x7ff6295b5530,0x845530,5706856,0x571468,
3785,0x7ff6295b5ea0,0x845ea0,5707442,0x5716b2,
3786,0x7ff6295b6c90,0x846c90,5707868,0x57185c,
3787,0x7ff6295b76b0,0x8476b0,5708096,0x571940,
3788,0x7ff6295b7c20,0x847c20,5708240,0x5719d0,
3789,0x7ff6295b7f60,0x847f60,5708266,0x5719ea,
3790,0x7ff6295b81e0,0x8481e0,5708360,0x571a48,
3791,0x7ff6295b8390,0x848390,5708550,0x571b06,
3792,0x7ff6295b8800,0x848800,5709051,0x571cfb,
3793,0x7ff6295b93e0,0x8493e0,5709344,0x571e20,
3794,0x7ff6295b99f0,0x8499f0,5709488,0x571eb0,
3795,0x7ff6295b9d30,0x849d30,5709514,0x571eca,
3796,0x7ff6295b9e30,0x849e30,5709670,0x571f66,
3797,0x7ff6295ba120,0x84a120,5709866,0x57202a,
3798,0x7ff6295ba4d0,0x84a4d0,5710344,0x572208,
3799,0x7ff6295bafb0,0x84afb0,5710502,0x5722a6,
3800,0x7ff6295bb4c0,0x84b4c0,5710894,0x57242e,
3801,0x7ff6295bbf40,0x84bf40,5711348,0x5725f4,
3802,0x7ff6295bcb50,0x84cb50,5711714,0x572762,
3803,0x7ff6295bd550,0x84d550,5712146,0x572912,
3804,0x7ff6295be0e0,0x84e0e0,5712543,0x572a9f,
3805,0x7ff6295be990,0x84e990,5712784,0x572b90,
3806,0x7ff6295bef70,0x84ef70,5712928,0x572c20,
3807,0x7ff6295bf2b0,0x84f2b0,5712954,0x572c3a,
3808,0x7ff6295bf3b0,0x84f3b0,5713120,0x572ce0,
3809,0x7ff6295bf6c0,0x84f6c0,5713383,0x572de7,
3810,0x7ff6295bfc50,0x84fc50,5714577,0x573291,
3811,0x7ff6295c1b10,0x851b10,5714852,0x5733a4,
3812,0x7ff6295c2150,0x852150,5715522,0x573642,
3813,0x7ff6295c2fe0,0x852fe0,5715744,0x573720,
3814,0x7ff6295c3480,0x853480,5715888,0x5737b0,
3815,0x7ff6295c37c0,0x8537c0,5715914,0x5737ca,
3816,0x7ff6295c39f0,0x8539f0,5715978,0x57380a,
3817,0x7ff6295c3b60,0x853b60,5716168,0x5738c8,
3818,0x7ff6295c3fd0,0x853fd0,5716875,0x573b8b,
3819,0x7ff6295c4f90,0x854f90,5717376,0x573d80,
3820,0x7ff6295c59a0,0x8559a0,5717520,0x573e10,
3821,0x7ff6295c5ce0,0x855ce0,5717546,0x573e2a,
3822,0x7ff6295c5de0,0x855de0,5717639,0x573e87,
3823,0x7ff6295c5fb0,0x855fb0,5717869,0x573f6d,
3824,0x7ff6295c64c0,0x8564c0,5718555,0x57421b,
3825,0x7ff6295c7530,0x857530,5718976,0x5743c0,
3826,0x7ff6295c7f90,0x857f90,5719120,0x574450,
3827,0x7ff6295c82d0,0x8582d0,5719141,0x574465,
3828,0x7ff6295c8540,0x858540,5719230,0x5744be,
3829,0x7ff6295c86f0,0x8586f0,5719580,0x57461c,
3830,0x7ff6295c8df0,0x858df0,5720321,0x574901,
3831,0x7ff6295c9ee0,0x859ee0,5720832,0x574b00,
3832,0x7ff6295caba0,0x85aba0,5720976,0x574b90,
3833,0x7ff6295caee0,0x85aee0,5720997,0x574ba5,
3834,0x7ff6295cafc0,0x85afc0,5721097,0x574c09,
3835,0x7ff6295cb1e0,0x85b1e0,5721287,0x574cc7,
3836,0x7ff6295cb650,0x85b650,5721713,0x574e71,
3837,0x7ff6295cc080,0x85c080,5722000,0x574f90,
3838,0x7ff6295cc690,0x85c690,5722144,0x575020,
3839,0x7ff6295cc9d0,0x85c9d0,5722170,0x57503a,
3840,0x7ff6295ccad0,0x85cad0,5722265,0x575099,
3841,0x7ff6295ccce0,0x85cce0,5722472,0x575168,
3842,0x7ff6295cd1b0,0x85d1b0,5722945,0x575341,
3843,0x7ff6295cdd00,0x85dd00,5723232,0x575460,
3844,0x7ff6295ce310,0x85e310,5723376,0x5754f0,
3845,0x7ff6295ce650,0x85e650,5723402,0x57550a,
3846,0x7ff6295ce890,0x85e890,5723469,0x57554d,
3847,0x7ff6295cea00,0x85ea00,5723937,0x575721,
3848,0x7ff6295cf470,0x85f470,5724027,0x57577b,
3849,0x7ff6295cf760,0x85f760,5724595,0x5759b3,
3850,0x7ff6295d0410,0x860410,5725163,0x575beb,
3851,0x7ff6295d10c0,0x8610c0,5726135,0x575fb7,
3852,0x7ff6295d24b0,0x8624b0,5726255,0x57602f,
3853,0x7ff6295d28a0,0x8628a0,5727245,0x57640d,
3854,0x7ff6295d3f10,0x863f10,5728378,0x57687a,
3855,0x7ff6295d58c0,0x8658c0,5728900,0x576a84,
3856,0x7ff6295d6520,0x866520,5729238,0x576bd6,
3857,0x7ff6295d6cf0,0x866cf0,5730112,0x576f40,
3858,0x7ff6295d7ef0,0x867ef0,5730256,0x576fd0,
3859,0x7ff6295d8230,0x868230,5730282,0x576fea,
3860,0x7ff6295d8330,0x868330,5730446,0x57708e,
3861,0x7ff6295d8600,0x868600,5731454,0x57747e,
3862,0x7ff6295d98a0,0x8698a0,5731839,0x5775ff,
3863,0x7ff6295da1a0,0x86a1a0,5732116,0x577714,
3864,0x7ff6295da730,0x86a730,5732431,0x57784f,
3865,0x7ff6295dadf0,0x86adf0,5732797,0x5779bd,
3866,0x7ff6295db690,0x86b690,5733390,0x577c0e,
3867,0x7ff6295dc350,0x86c350,5735087,0x5782af,
3868,0x7ff6295de9f0,0x86e9f0,5735288,0x578378,
3869,0x7ff6295dee50,0x86ee50,5735712,0x578520,
3870,0x7ff6295df7f0,0x86f7f0,5735856,0x5785b0,
3871,0x7ff6295dfb30,0x86fb30,5735882,0x5785ca,
3872,0x7ff6295dfd70,0x86fd70,5735949,0x57860d,
3873,0x7ff6295dfee0,0x86fee0,5736362,0x5787aa,
3874,0x7ff6295e0840,0x870840,5736438,0x5787f6,
3875,0x7ff6295e0aa0,0x870aa0,5737239,0x578b17,
3876,0x7ff6295e1b90,0x871b90,5737669,0x578cc5,
3877,0x7ff6295e25d0,0x8725d0,5737771,0x578d2b,
3878,0x7ff6295e2900,0x872900,5739095,0x579257,
3879,0x7ff6295e4730,0x874730,5739444,0x5793b4,
3880,0x7ff6295e5070,0x875070,5739586,0x579442,
3881,0x7ff6295e53b0,0x8753b0,5739725,0x5794cd,
3882,0x7ff6295e56f0,0x8756f0,5740208,0x5796b0,
3883,0x7ff6295e61b0,0x8761b0,5740369,0x579751,
3884,0x7ff6295e6510,0x876510,5740395,0x57976b,
3885,0x7ff6295e6750,0x876750,5740465,0x5797b1,
3886,0x7ff6295e68c0,0x8768c0,5740527,0x5797ef,
3887,0x7ff6295e6a00,0x876a00,5741207,0x579a97,
3888,0x7ff6295e7640,0x877640,5741555,0x579bf3,
3889,0x7ff6295e7dd0,0x877dd0,5741899,0x579d4b,
3890,0x7ff6295e8540,0x878540,5742722,0x57a082,
3891,0x7ff6295e9560,0x879560,5743114,0x57a20a,
3892,0x7ff6295e9d80,0x879d80,5743500,0x57a38c,
3893,0x7ff6295ea780,0x87a780,5744352,0x57a6e0,
3894,0x7ff6295ebe30,0x87be30,5744496,0x57a770,
3895,0x7ff6295ec170,0x87c170,5744522,0x57a78a,
3896,0x7ff6295ec3f0,0x87c3f0,5744606,0x57a7de,
3897,0x7ff6295ec5a0,0x87c5a0,5744725,0x57a855,
3898,0x7ff6295ec800,0x87c800,5745237,0x57aa55,
3899,0x7ff6295ed370,0x87d370,5745839,0x57acaf,
3900,0x7ff6295edf90,0x87df90,5746286,0x57ae6e,
3901,0x7ff6295eea40,0x87ea40,5746733,0x57b02d,
3902,0x7ff6295ef500,0x87f500,5746996,0x57b134,
3903,0x7ff6295efbe0,0x87fbe0,5747776,0x57b440,
3904,0x7ff6295f0f30,0x880f30,5748272,0x57b630,
3905,0x7ff6295f1b60,0x881b60,5748416,0x57b6c0,
3906,0x7ff6295f1ea0,0x881ea0,5748442,0x57b6da,
3907,0x7ff6295f2080,0x882080,5748498,0x57b712,
3908,0x7ff6295f2190,0x882190,5748972,0x57b8ec,
3909,0x7ff6295f2a80,0x882a80,5749048,0x57b938,
3910,0x7ff6295f2ce0,0x882ce0,5749718,0x57bbd6,
3911,0x7ff6295f3ca0,0x883ca0,5749794,0x57bc22,
3912,0x7ff6295f3f00,0x883f00,5750477,0x57becd,
3913,0x7ff6295f4f30,0x884f30,5751261,0x57c1dd,
3914,0x7ff6295f6050,0x886050,5752030,0x57c4de,
3915,0x7ff6295f71e0,0x8871e0,5752132,0x57c544,
3916,0x7ff6295f7510,0x887510,5753362,0x57ca12,
3917,0x7ff6295f9250,0x889250,5753802,0x57cbca,
3918,0x7ff6295f9dc0,0x889dc0,5753944,0x57cc58,
3919,0x7ff6295fa100,0x88a100,5754083,0x57cce3,
3920,0x7ff6295fa440,0x88a440,5754840,0x57cfd8,
3921,0x7ff6295fb5b0,0x88b5b0,5755155,0x57d113,
3922,0x7ff6295fbd90,0x88bd90,5756106,0x57d4ca,
3923,0x7ff6295fd3c0,0x88d3c0,5756566,0x57d696,
3924,0x7ff6295fde80,0x88de80,5757083,0x57d89b,
3925,0x7ff6295feaf0,0x88eaf0,5757587,0x57da93,
3926,0x7ff6295ff560,0x88f560,5759584,0x57e260,
3927,0x7ff6296021d0,0x8921d0,5759728,0x57e2f0,
3928,0x7ff629602510,0x892510,5759754,0x57e30a,
3929,0x7ff629602790,0x892790,5759838,0x57e35e,
3930,0x7ff629602940,0x892940,5760299,0x57e52b,
3931,0x7ff6296032d0,0x8932d0,5760982,0x57e7d6,
3932,0x7ff629604100,0x894100,5761492,0x57e9d4,
3933,0x7ff629604d10,0x894d10,5762002,0x57ebd2,
3934,0x7ff629605920,0x895920,5762512,0x57edd0,
3935,0x7ff629606530,0x896530,5762983,0x57efa7,
3936,0x7ff629606e40,0x896e40,5763387,0x57f13b,
3937,0x7ff6296078b0,0x8978b0,5763600,0x57f210,
3938,0x7ff629607d60,0x897d60,5763744,0x57f2a0,
3939,0x7ff6296080a0,0x8980a0,5763770,0x57f2ba,
3940,0x7ff6296081a0,0x8981a0,5763926,0x57f356,
3941,0x7ff629608490,0x898490,5764172,0x57f44c,
3942,0x7ff629608980,0x898980,5764981,0x57f775,
3943,0x7ff629609a40,0x899a40,5765442,0x57f942,
3944,0x7ff62960a530,0x89a530,5765893,0x57fb05,
3945,0x7ff62960afd0,0x89afd0,5766344,0x57fcc8,
3946,0x7ff62960ba70,0x89ba70,5766710,0x57fe36,
3947,0x7ff62960c310,0x89c310,5767135,0x57ffdf,
3948,0x7ff62960cc50,0x89cc50,5768404,0x5804d4,
3949,0x7ff62960ea00,0x89ea00,5768605,0x58059d,
3950,0x7ff62960ee50,0x89ee50,5769040,0x580750,
3951,0x7ff62960f7f0,0x89f7f0,5769184,0x5807e0,
3952,0x7ff62960fb30,0x89fb30,5769205,0x5807f5,
3953,0x7ff62960fc10,0x89fc10,5769292,0x58084c,
3954,0x7ff62960fe10,0x89fe10,5770508,0x580d0c,
3955,0x7ff629611c30,0x8a1c30,5771070,0x580f3e,
3956,0x7ff629612990,0x8a2990,5771669,0x581195,
3957,0x7ff6296137e0,0x8a37e0,5772624,0x581550,
3958,0x7ff629614e10,0x8a4e10,5772768,0x5815e0,
3959,0x7ff629615150,0x8a5150,5772794,0x5815fa,
3960,0x7ff629615250,0x8a5250,5772876,0x58164c,
3961,0x7ff629615450,0x8a5450,5773118,0x58173e,
3962,0x7ff629615970,0x8a5970,5773776,0x5819d0,
3963,0x7ff629616890,0x8a6890,5773920,0x581a60,
3964,0x7ff629616bd0,0x8a6bd0,5773946,0x581a7a,
3965,0x7ff629616cd0,0x8a6cd0,5774028,0x581acc,
3966,0x7ff629616ed0,0x8a6ed0,5774204,0x581b7c,
3967,0x7ff6296172c0,0x8a72c0,5774672,0x581d50,
3968,0x7ff629617d70,0x8a7d70,5774833,0x581df1,
3969,0x7ff6296180d0,0x8a80d0,5774854,0x581e06,
3970,0x7ff6296181b0,0x8a81b0,5774941,0x581e5d,
3971,0x7ff6296183c0,0x8a83c0,5775426,0x582042,
3972,0x7ff629618cd0,0x8a8cd0,5775520,0x5820a0,
3973,0x7ff629618fd0,0x8a8fd0,5776184,0x582338,
3974,0x7ff629619f60,0x8a9f60,5776912,0x582610,
3975,0x7ff62961b040,0x8ab040,5776983,0x582657,
3976,0x7ff62961b280,0x8ab280,5777700,0x582924,
3977,0x7ff62961c2f0,0x8ac2f0,5778105,0x582ab9,
3978,0x7ff62961cc00,0x8acc00,5778241,0x582b41,
3979,0x7ff62961d060,0x8ad060,5779655,0x5830c7,
3980,0x7ff6290083b0,0x2983b0,5781715,0x5838d3,
3981,0x7ff628fed050,0x27d050,5781884,0x58397c,
3982,0x7ff62961f280,0x8af280,5782004,0x5839f4,
3983,0x7ff62961f670,0x8af670,5783267,0x583ee3,
3984,0x7ff629621460,0x8b1460,5783707,0x58409b,
3985,0x7ff629621fd0,0x8b1fd0,5783849,0x584129,
3986,0x7ff629622310,0x8b2310,5783988,0x5841b4,
3987,0x7ff629622650,0x8b2650,5785412,0x584744,
3988,0x7ff629624800,0x8b4800,5785739,0x58488b,
3989,0x7ff629624f70,0x8b4f70,5786206,0x584a5e,
3990,0x7ff629625920,0x8b5920,5786703,0x584c4f,
3991,0x7ff6296264c0,0x8b64c0,5787156,0x584e14,
3992,0x7ff629626f10,0x8b6f10,5788464,0x585330,
3993,0x7ff629628e50,0x8b8e50,5788608,0x5853c0,
3994,0x7ff629629190,0x8b9190,5788634,0x5853da,
3995,0x7ff629629370,0x8b9370,5788690,0x585412,
3996,0x7ff629629480,0x8b9480,5789111,0x5855b7,
3997,0x7ff629629c20,0x8b9c20,5789201,0x585611,
3998,0x7ff629629f10,0x8b9f10,5789857,0x5858a1,
3999,0x7ff62962ae20,0x8bae20,5790579,0x585b73,
4000,0x7ff62962be80,0x8bbe80,5791882,0x58608a,
4001,0x7ff62962d980,0x8bd980,5793055,0x58651f,
4002,0x7ff62962f530,0x8bf530,5793175,0x586597,
4003,0x7ff62962f920,0x8bf920,5794443,0x586a8b,
4004,0x7ff629631740,0x8c1740,5794797,0x586bed,
4005,0x7ff6296320a0,0x8c20a0,5794939,0x586c7b,
4006,0x7ff6296323e0,0x8c23e0,5795078,0x586d06,
4007,0x7ff629632720,0x8c2720,5796507,0x58729b,
4008,0x7ff629634900,0x8c4900,5796858,0x5873fa,
4009,0x7ff6296350c0,0x8c50c0,5797373,0x5875fd,
4010,0x7ff629635b70,0x8c5b70,5797935,0x58782f,
4011,0x7ff629636940,0x8c6940,5798480,0x587a50,
4012,0x7ff6296374c0,0x8c74c0,5799056,0x587c90,
4013,0x7ff629638200,0x8c8200,5799200,0x587d20,
4014,0x7ff629638540,0x8c8540,5799330,0x587da2,
4015,0x7ff629638a10,0x8c8a10,5799469,0x587e2d,
4016,0x7ff629638f80,0x8c8f80,5799550,0x587e7e,
4017,0x7ff629639130,0x8c9130,5800453,0x588205,
4018,0x7ff62963a3b0,0x8ca3b0,5802580,0x588a54,
4019,0x7ff62963cef0,0x8ccef0,5803138,0x588c82,
4020,0x7ff62963da40,0x8cda40,5803280,0x588d10,
4021,0x7ff62963deb0,0x8cdeb0,5803424,0x588da0,
4022,0x7ff62963e1f0,0x8ce1f0,5803445,0x588db5,
4023,0x7ff62963e2d0,0x8ce2d0,5803532,0x588e0c,
4024,0x7ff62963e4d0,0x8ce4d0,5804037,0x589005,
4025,0x7ff62963f060,0x8cf060,5804843,0x58932b,
4026,0x7ff629640420,0x8d0420,5805153,0x589461,
4027,0x7ff629640c90,0x8d0c90,5805392,0x589550,
4028,0x7ff629641140,0x8d1140,5805536,0x5895e0,
4029,0x7ff629641480,0x8d1480,5805817,0x5896f9,
4030,0x7ff629641770,0x8d1770,5806119,0x589827,
4031,0x7ff629641cf0,0x8d1cf0,5806317,0x5898ed,
4032,0x7ff629642140,0x8d2140,5807416,0x589d38,
4033,0x7ff629643810,0x8d3810,5808046,0x589fae,
4034,0x7ff6296440b0,0x8d40b0,5808438,0x58a136,
4035,0x7ff6296448e0,0x8d48e0,5809149,0x58a3fd,
4036,0x7ff6296456c0,0x8d56c0,5809705,0x58a629,
4037,0x7ff629646350,0x8d6350,5810626,0x58a9c2,
4038,0x7ff629647600,0x8d7600,5811289,0x58ac59,
4039,0x7ff629648310,0x8d8310,5811385,0x58acb9,
4040,0x7ff629648570,0x8d8570,5811632,0x58adb0,
4041,0x7ff629648bf0,0x8d8bf0,5811776,0x58ae40,
4042,0x7ff629648f30,0x8d8f30,5811812,0x58ae64,
4043,0x7ff629649120,0x8d9120,5811840,0x58ae80,
4044,0x7ff629649240,0x8d9240,5812061,0x58af5d,
4045,0x7ff629649680,0x8d9680,5812645,0x58b1a5,
4046,0x7ff62964a130,0x8da130,5812757,0x58b215,
4047,0x7ff62964a360,0x8da360,5812869,0x58b285,
4048,0x7ff62964a590,0x8da590,5813003,0x58b30b,
4049,0x7ff62964a860,0x8da860,5813737,0x58b5e9,
4050,0x7ff62964b9e0,0x8db9e0,5813897,0x58b689,
4051,0x7ff62964bd00,0x8dbd00,5814970,0x58baba,
4052,0x7ff62964d770,0x8dd770,5815568,0x58bd10,
4053,0x7ff62964e440,0x8de440,5815729,0x58bdb1,
4054,0x7ff62964e7a0,0x8de7a0,5815793,0x58bdf1,
4055,0x7ff62964e940,0x8de940,5815865,0x58be39,
4056,0x7ff62964eae0,0x8deae0,5815937,0x58be81,
4057,0x7ff62964ed70,0x8ded70,5816001,0x58bec1,
4058,0x7ff62964ef10,0x8def10,5816037,0x58bee5,
4059,0x7ff62964f020,0x8df020,5816098,0x58bf22,
4060,0x7ff62964f1c0,0x8df1c0,5816162,0x58bf62,
4061,0x7ff62964f360,0x8df360,5816190,0x58bf7e,
4062,0x7ff62964f470,0x8df470,5816366,0x58c02e,
4063,0x7ff62964f8b0,0x8df8b0,5816588,0x58c10c,
4064,0x7ff62964fdf0,0x8dfdf0,5816726,0x58c196,
4065,0x7ff6296500d0,0x8e00d0,5817278,0x58c3be,
4066,0x7ff629650dd0,0x8e0dd0,5817330,0x58c3f2,
4067,0x7ff629650f20,0x8e0f20,5817812,0x58c5d4,
4068,0x7ff6296519a0,0x8e19a0,5817912,0x58c638,
4069,0x7ff629651ba0,0x8e1ba0,5817940,0x58c654,
4070,0x7ff629651cb0,0x8e1cb0,5818116,0x58c704,
4071,0x7ff6296520f0,0x8e20f0,5818300,0x58c7bc,
4072,0x7ff629652540,0x8e2540,5818960,0x58ca50,
4073,0x7ff6296532d0,0x8e32d0,5819144,0x58cb08,
4074,0x7ff629653720,0x8e3720,5819984,0x58ce50,
4075,0x7ff6296547e0,0x8e47e0,5820145,0x58cef1,
4076,0x7ff629654b40,0x8e4b40,5820171,0x58cf0b,
4077,0x7ff629654d20,0x8e4d20,5820199,0x58cf27,
4078,0x7ff629654e30,0x8e4e30,5820297,0x58cf89,
4079,0x7ff629655060,0x8e5060,5820944,0x58d210,
4080,0x7ff629655ce0,0x8e5ce0,5821409,0x58d3e1,
4081,0x7ff629656760,0x8e6760,5821957,0x58d605,
4082,0x7ff6296573f0,0x8e73f0,5822383,0x58d7af,
4083,0x7ff629657bd0,0x8e7bd0,5822802,0x58d952,
4084,0x7ff629658360,0x8e8360,5822966,0x58d9f6,
4085,0x7ff6296586e0,0x8e86e0,5823348,0x58db74,
4086,0x7ff629658ec0,0x8e8ec0,5823883,0x58dd8b,
4087,0x7ff629659820,0x8e9820,5824130,0x58de82,
4088,0x7ff629659d40,0x8e9d40,5824506,0x58dffa,
4089,0x7ff62965a560,0x8ea560,5825103,0x58e24f,
4090,0x7ff62965b1a0,0x8eb1a0,5825392,0x58e370,
4091,0x7ff62965b8a0,0x8eb8a0,5825553,0x58e411,
4092,0x7ff62965bc10,0x8ebc10,5825752,0x58e4d8,
4093,0x7ff62965be80,0x8ebe80,5825997,0x58e5cd,
4094,0x7ff62965c4b0,0x8ec4b0,5826061,0x58e60d,
4095,0x7ff62965c680,0x8ec680,5829987,0x58f563,
4096,0x7ff629661b40,0x8f1b40,5830045,0x58f59d,
4097,0x7ff628f28080,0x1b8080,5830268,0x58f67c,
4098,0x7ff629661d30,0x8f1d30,5830320,0x58f6b0,
4099,0x7ff629661e80,0x8f1e80,5830371,0x58f6e3,
4100,0x7ff629661fc0,0x8f1fc0,5830542,0x58f78e,
4101,0x7ff629662350,0x8f2350,5831694,0x58fc0e,
4102,0x7ff6296638b0,0x8f38b0,5831707,0x58fc1b,
4103,0x7ff629663940,0x8f3940,5832158,0x58fdde,
4104,0x7ff629664230,0x8f4230,5832795,0x59005b,
4105,0x7ff629664f50,0x8f4f50,5834108,0x59057c,
4106,0x7ff629667020,0x8f7020,5834261,0x590615,
4107,0x7ff6296673a0,0x8f73a0,5834364,0x59067c,
4108,0x7ff629667620,0x8f7620,5834583,0x590757,
4109,0x7ff629667a20,0x8f7a20,5834769,0x590811,
4110,0x7ff629667df0,0x8f7df0,5835057,0x590931,
4111,0x7ff629668440,0x8f8440,5835348,0x590a54,
4112,0x7ff6296689b0,0x8f89b0,5835662,0x590b8e,
4113,0x7ff629669040,0x8f9040,5836170,0x590d8a,
4114,0x7ff6296699c0,0x8f99c0,5836740,0x590fc4,
4115,0x7ff62966a350,0x8fa350,5837352,0x591228,
4116,0x7ff62966b0c0,0x8fb0c0,5837460,0x591294,
4117,0x7ff62966b310,0x8fb310,5837647,0x59134f,
4118,0x7ff62966b780,0x8fb780,5838053,0x5914e5,
4119,0x7ff62966beb0,0x8fbeb0,5838805,0x5917d5,
4120,0x7ff62966ce50,0x8fce50,5839693,0x591b4d,
4121,0x7ff62966e090,0x8fe090,5840548,0x591ea4,
4122,0x7ff62966f4a0,0x8ff4a0,5840995,0x592063,
4123,0x7ff62966fd70,0x8ffd70,5841521,0x592271,
4124,0x7ff629670680,0x900680,5841908,0x5923f4,
4125,0x7ff629670e50,0x900e50,5842232,0x592538,
4126,0x7ff6296714b0,0x9014b0,5842720,0x592720,
4127,0x7ff629671e30,0x901e30,5842881,0x5927c1,
4128,0x7ff6296721a0,0x9021a0,5843198,0x5928fe,
4129,0x7ff629672770,0x902770,5843446,0x5929f6,
4130,0x7ff629672bf0,0x902bf0,5843510,0x592a36,
4131,0x7ff629672dc0,0x902dc0,5847420,0x59397c,
4132,0x7ff629678250,0x908250,5847478,0x5939b6,
4133,0x7ff628f28080,0x1b8080,5847701,0x593a95,
4134,0x7ff629678440,0x908440,5849266,0x5940b2,
4135,0x7ff62967a1b0,0x90a1b0,5850107,0x5943fb,
4136,0x7ff6290083b0,0x2983b0,5852167,0x594c07,
4137,0x7ff62967b320,0x90b320,5852546,0x594d82,
4138,0x7ff62967bad0,0x90bad0,5853330,0x595092,
4139,0x7ff62967cb20,0x90cb20,5854205,0x5953fd,
4140,0x7ff62967ddf0,0x90ddf0,5854721,0x595601,
4141,0x7ff62967ea40,0x90ea40,5855121,0x595791,
4142,0x7ff62967f290,0x90f290,5855372,0x59588c,
4143,0x7ff62967f770,0x90f770,5855749,0x595a05,
4144,0x7ff62967ff40,0x90ff40,5859074,0x596702,
4145,0x7ff629683b50,0x913b50,5859555,0x5968e3,
4146,0x7ff629684370,0x914370,5860222,0x596b7e,
4147,0x7ff629684fc0,0x914fc0,5860773,0x596da5,
4148,0x7ff629685b00,0x915b00,5861200,0x596f50,
4149,0x7ff629686400,0x916400,5861361,0x596ff1,
4150,0x7ff629686770,0x916770,5861487,0x59706f,
4151,0x7ff629686a50,0x916a50,5861830,0x5971c6,
4152,0x7ff629687060,0x917060,5861894,0x597206,
4153,0x7ff629687230,0x917230,5865671,0x5980c7,
4154,0x7ff62968c450,0x91c450,5865729,0x598101,
4155,0x7ff62968c640,0x91c640,5867507,0x5987f3,
4156,0x7ff62968e940,0x91e940,5867590,0x598846,
4157,0x7ff62968eaf0,0x91eaf0,5867740,0x5988dc,
4158,0x7ff62968ee50,0x91ee50,5867927,0x598997,
4159,0x7ff62968f290,0x91f290,5868298,0x598b0a,
4160,0x7ff62968fb00,0x91fb00,5869097,0x598e29,
4161,0x7ff629690f60,0x920f60,5869572,0x599004,
4162,0x7ff6296918c0,0x9218c0,5870641,0x599431,
4163,0x7ff6290083b0,0x2983b0,5872701,0x599c3d,
4164,0x7ff629692f30,0x922f30,5873315,0x599ea3,
4165,0x7ff629693e50,0x923e50,5873530,0x599f7a,
4166,0x7ff629694350,0x924350,5873672,0x59a008,
4167,0x7ff629694810,0x924810,5873787,0x59a07b,
4168,0x7ff629694b90,0x924b90,5874041,0x59a179,
4169,0x7ff629695180,0x925180,5874840,0x59a498,
4170,0x7ff6296965e0,0x9265e0,5875056,0x59a570,
4171,0x7ff629696ac0,0x926ac0,5875442,0x59a6f2,
4172,0x7ff6296973f0,0x9273f0,5875664,0x59a7d0,
4173,0x7ff6296977f0,0x9277f0,5876564,0x59ab54,
4174,0x7ff629698960,0x928960,5876893,0x59ac9d,
4175,0x7ff629698fc0,0x928fc0,5877119,0x59ad7f,
4176,0x7ff6296994a0,0x9294a0,5877400,0x59ae98,
4177,0x7ff629699a70,0x929a70,5877599,0x59af5f,
4178,0x7ff629699ed0,0x929ed0,5877692,0x59afbc,
4179,0x7ff62969a090,0x92a090,5877904,0x59b090,
4180,0x7ff62969a490,0x92a490,5878065,0x59b131,
4181,0x7ff62969a800,0x92a800,5878234,0x59b1da,
4182,0x7ff62969af10,0x92af10,5878387,0x59b273,
4183,0x7ff62969b2d0,0x92b2d0,5878896,0x59b470,
4184,0x7ff62969bbb0,0x92bbb0,5878960,0x59b4b0,
4185,0x7ff62969bd80,0x92bd80,5882870,0x59c3f6,
4186,0x7ff6296a1210,0x931210,5882928,0x59c430,
4187,0x7ff628f28080,0x1b8080,5883151,0x59c50f,
4188,0x7ff6296a1400,0x931400,5884502,0x59ca56,
4189,0x7ff6296a2d00,0x932d00,5884609,0x59cac1,
4190,0x7ff6296a2f00,0x932f00,5884810,0x59cb8a,
4191,0x7ff6296a33c0,0x9333c0,5885855,0x59cf9f,
4192,0x7ff6296a4950,0x934950,5887124,0x59d494,
4193,0x7ff629114bf0,0x3a4bf0,5888865,0x59db61,
4194,0x7ff6296a6450,0x936450,5890450,0x59e192,
4195,0x7ff6296a8130,0x938130,5890767,0x59e2cf,
4196,0x7ff6296a8810,0x938810,5890979,0x59e3a3,
4197,0x7ff6296a8d10,0x938d10,5892803,0x59eac3,
4198,0x7ff6296ab2b0,0x93b2b0,5894888,0x59f2e8,
4199,0x7ff6296aea10,0x93ea10,5895509,0x59f555,
4200,0x7ff6296af880,0x93f880,5895943,0x59f707,
4201,0x7ff6296b0330,0x940330,5896680,0x59f9e8,
4202,0x7ff6296b14f0,0x9414f0,5897120,0x59fba0,
4203,0x7ff6296b1ec0,0x941ec0,5897460,0x59fcf4,
4204,0x7ff6296b2610,0x942610,5898112,0x59ff80,
4205,0x7ff6296b3610,0x943610,5898656,0x5a01a0,
4206,0x7ff6296b41b0,0x9441b0,5898800,0x5a0230,
4207,0x7ff6296b44f0,0x9444f0,5898832,0x5a0250,
4208,0x7ff6296b45b0,0x9445b0,5899067,0x5a033b,
4209,0x7ff6296b49f0,0x9449f0,5899204,0x5a03c4,
4210,0x7ff6296b4cf0,0x944cf0,5899726,0x5a05ce,
4211,0x7ff6296b59f0,0x9459f0,5900345,0x5a0839,
4212,0x7ff6296b64d0,0x9464d0,5900569,0x5a0919,
4213,0x7ff6296b69f0,0x9469f0,5900992,0x5a0ac0,
4214,0x7ff6296b7320,0x947320,5901340,0x5a0c1c,
4215,0x7ff6296b7a30,0x947a30,5901427,0x5a0c73,
4216,0x7ff6296b7c20,0x947c20,5901760,0x5a0dc0,
4217,0x7ff6296b8380,0x948380,5901904,0x5a0e50,
4218,0x7ff6296b86c0,0x9486c0,5902185,0x5a0f69,
4219,0x7ff6296b8c80,0x948c80,5902573,0x5a10ed,
4220,0x7ff6296b9490,0x949490,5903136,0x5a1320,
4221,0x7ff6296ba0e0,0x94a0e0,5903280,0x5a13b0,
4222,0x7ff6296ba420,0x94a420,5903410,0x5a1432,
4223,0x7ff6296ba750,0x94a750,5903541,0x5a14b5,
4224,0x7ff6296baa60,0x94aa60,5903882,0x5a160a,
4225,0x7ff6296bb190,0x94b190,5904464,0x5a1850,
4226,0x7ff6296bbdf0,0x94bdf0,5904608,0x5a18e0,
4227,0x7ff6296bc130,0x94c130,5904634,0x5a18fa,
4228,0x7ff6296bc230,0x94c230,5904759,0x5a1977,
4229,0x7ff6296bc550,0x94c550,5904890,0x5a19fa,
4230,0x7ff6296bc860,0x94c860,5905237,0x5a1b55,
4231,0x7ff6296bcf60,0x94cf60,5905760,0x5a1d60,
4232,0x7ff6296bdaa0,0x94daa0,5905904,0x5a1df0,
4233,0x7ff6296bdde0,0x94dde0,5905962,0x5a1e2a,
4234,0x7ff6296bdfa0,0x94dfa0,5906067,0x5a1e93,
4235,0x7ff6296be220,0x94e220,5906448,0x5a2010,
4236,0x7ff6296beab0,0x94eab0,5906944,0x5a2200,
4237,0x7ff6296bf650,0x94f650,5907438,0x5a23ee,
4238,0x7ff6296c0020,0x950020,5907824,0x5a2570,
4239,0x7ff6296c0840,0x950840,5907968,0x5a2600,
4240,0x7ff6296c0b80,0x950b80,5908048,0x5a2650,
4241,0x7ff6296c0ed0,0x950ed0,5908128,0x5a26a0,
4242,0x7ff6296c11d0,0x9511d0,5908179,0x5a26d3,
4243,0x7ff6296c12e0,0x9512e0,5908771,0x5a2923,
4244,0x7ff6296c1ea0,0x951ea0,5909256,0x5a2b08,
4245,0x7ff6296c2890,0x952890,5909573,0x5a2c45,
4246,0x7ff6296c2f70,0x952f70,5909902,0x5a2d8e,
4247,0x7ff6296c35f0,0x9535f0,5910112,0x5a2e60,
4248,0x7ff6296c3a70,0x953a70,5910256,0x5a2ef0,
4249,0x7ff6296c3db0,0x953db0,5910340,0x5a2f44,
4250,0x7ff6296c4150,0x954150,5910432,0x5a2fa0,
4251,0x7ff6296c44e0,0x9544e0,5910490,0x5a2fda,
4252,0x7ff6296c4680,0x954680,5910591,0x5a303f,
4253,0x7ff6296c48f0,0x9548f0,5911084,0x5a322c,
4254,0x7ff6296c5330,0x955330,5911934,0x5a357e,
4255,0x7ff6290083b0,0x2983b0,5913994,0x5a3d8a,
4256,0x7ff6296c6580,0x956580,5914508,0x5a3f8c,
4257,0x7ff6296c70b0,0x9570b0,5914845,0x5a40dd,
4258,0x7ff6296c77e0,0x9577e0,5915168,0x5a4220,
4259,0x7ff6296c7ec0,0x957ec0,5915329,0x5a42c1,
4260,0x7ff6296c8220,0x958220,5915365,0x5a42e5,
4261,0x7ff6296c8330,0x958330,5915481,0x5a4359,
4262,0x7ff6296c85a0,0x9585a0,5915908,0x5a4504,
4263,0x7ff6296c8e70,0x958e70,5916918,0x5a48f6,
4264,0x7ff6296ca370,0x95a370,5917999,0x5a4d2f,
4265,0x7ff6296cbc10,0x95bc10,5918317,0x5a4e6d,
4266,0x7ff6296cc390,0x95c390,5918830,0x5a506e,
4267,0x7ff6296ccd60,0x95cd60,5919735,0x5a53f7,
4268,0x7ff6296ce1f0,0x95e1f0,5919944,0x5a54c8,
4269,0x7ff6296ce6b0,0x95e6b0,5920032,0x5a5520,
4270,0x7ff6296ce8b0,0x95e8b0,5920176,0x5a55b0,
4271,0x7ff6296cebf0,0x95ebf0,5920202,0x5a55ca,
4272,0x7ff6296cedd0,0x95edd0,5920230,0x5a55e6,
4273,0x7ff6296ceef0,0x95eef0,5920337,0x5a5651,
4274,0x7ff6296cf190,0x95f190,5920931,0x5a58a3,
4275,0x7ff6296cfe20,0x95fe20,5921666,0x5a5b82,
4276,0x7ff6290083b0,0x2983b0,5923726,0x5a638e,
4277,0x7ff6296d0dc0,0x960dc0,5923921,0x5a6451,
4278,0x7ff6296d1230,0x961230,5924186,0x5a655a,
4279,0x7ff6296d17e0,0x9617e0,5924512,0x5a66a0,
4280,0x7ff6296d1ec0,0x961ec0,5924656,0x5a6730,
4281,0x7ff6296d2200,0x962200,5924714,0x5a676a,
4282,0x7ff6296d23c0,0x9623c0,5924807,0x5a67c7,
4283,0x7ff6296d2600,0x962600,5925345,0x5a69e1,
4284,0x7ff6296d3170,0x963170,5925662,0x5a6b1e,
4285,0x7ff6296d3850,0x963850,5925872,0x5a6bf0,
4286,0x7ff6296d3cd0,0x963cd0,5926033,0x5a6c91,
4287,0x7ff6296d4030,0x964030,5926069,0x5a6cb5,
4288,0x7ff6296d4270,0x964270,5926118,0x5a6ce6,
4289,0x7ff6296d43e0,0x9643e0,5926199,0x5a6d37,
4290,0x7ff6296d45d0,0x9645d0,5927344,0x5a71b0,
4291,0x7ff6296d5d10,0x965d10,5928425,0x5a75e9,
4292,0x7ff6296d75b0,0x9675b0,5928743,0x5a7727,
4293,0x7ff6296d7d30,0x967d30,5929256,0x5a7928,
4294,0x7ff6296d8700,0x968700,5930161,0x5a7cb1,
4295,0x7ff6296d9b90,0x969b90,5930370,0x5a7d82,
4296,0x7ff6296ce6b0,0x95e6b0,5930448,0x5a7dd0,
4297,0x7ff6296da050,0x96a050,5930592,0x5a7e60,
4298,0x7ff6296da390,0x96a390,5930618,0x5a7e7a,
4299,0x7ff6296da490,0x96a490,5930734,0x5a7eee,
4300,0x7ff6296da6a0,0x96a6a0,5931107,0x5a8063,
4301,0x7ff6296dade0,0x96ade0,5931777,0x5a8301,
4302,0x7ff6296dbdb0,0x96bdb0,5932379,0x5a855b,
4303,0x7ff6296dcaf0,0x96caf0,5932611,0x5a8643,
4304,0x7ff6296dd0d0,0x96d0d0,5932728,0x5a86b8,
4305,0x7ff6296dd3a0,0x96d3a0,5933526,0x5a89d6,
4306,0x7ff6296de690,0x96e690,5933763,0x5a8ac3,
4307,0x7ff6296decb0,0x96ecb0,5934440,0x5a8d68,
4308,0x7ff6296dfd00,0x96fd00,5936041,0x5a93a9,
4309,0x7ff6296e2590,0x972590,5936247,0x5a9477,
4310,0x7ff6296e2960,0x972960,5936629,0x5a95f5,
4311,0x7ff6296e3270,0x973270,5936688,0x5a9630,
4312,0x7ff6296e3400,0x973400,5936832,0x5a96c0,
4313,0x7ff6296e3740,0x973740,5936919,0x5a9717,
4314,0x7ff6296e3970,0x973970,5937012,0x5a9774,
4315,0x7ff6296e3bb0,0x973bb0,5938072,0x5a9b98,
4316,0x7ff6296e5140,0x975140,5938264,0x5a9c58,
4317,0x7ff6296e5620,0x975620,5938469,0x5a9d25,
4318,0x7ff6296e5ad0,0x975ad0,5938853,0x5a9ea5,
4319,0x7ff6296e6290,0x976290,5939510,0x5aa136,
4320,0x7ff6296e7000,0x977000,5940033,0x5aa341,
4321,0x7ff6296e7aa0,0x977aa0,5940704,0x5aa5e0,
4322,0x7ff6296e88e0,0x9788e0,5940797,0x5aa63d,
4323,0x7ff6296e8af0,0x978af0,5941520,0x5aa910,
4324,0x7ff6296e9df0,0x979df0,5941664,0x5aa9a0,
4325,0x7ff6296ea130,0x97a130,5941697,0x5aa9c1,
4326,0x7ff6296ea260,0x97a260,5941754,0x5aa9fa,
4327,0x7ff6296ea3e0,0x97a3e0,5942620,0x5aad5c,
4328,0x7ff6296eb5a0,0x97b5a0,5942812,0x5aae1c,
4329,0x7ff6296eba80,0x97ba80,5943017,0x5aaee9,
4330,0x7ff6296ebf30,0x97bf30,5943320,0x5ab018,
4331,0x7ff6296ec5a0,0x97c5a0,5943893,0x5ab255,
4332,0x7ff6296ed0b0,0x97d0b0,5944352,0x5ab420,
4333,0x7ff6296ed940,0x97d940,5944496,0x5ab4b0,
4334,0x7ff6296edc80,0x97dc80,5944532,0x5ab4d4,
4335,0x7ff6296ede70,0x97de70,5944560,0x5ab4f0,
4336,0x7ff6296edf90,0x97df90,5944781,0x5ab5cd,
4337,0x7ff6296ee3d0,0x97e3d0,5945365,0x5ab815,
4338,0x7ff6296eee80,0x97ee80,5945477,0x5ab885,
4339,0x7ff6296ef0b0,0x97f0b0,5945589,0x5ab8f5,
4340,0x7ff6296ef2e0,0x97f2e0,5945723,0x5ab97b,
4341,0x7ff6296ef5b0,0x97f5b0,5946481,0x5abc71,
4342,0x7ff6296f0800,0x980800,5946641,0x5abd11,
4343,0x7ff6296f0b10,0x980b10,5947714,0x5ac142,
4344,0x7ff6296f2580,0x982580,5948320,0x5ac3a0,
4345,0x7ff6296f3250,0x983250,5948464,0x5ac430,
4346,0x7ff6296f3590,0x983590,5948490,0x5ac44a,
4347,0x7ff6296f3690,0x983690,5948743,0x5ac547,
4348,0x7ff6296f3cc0,0x983cc0,5949534,0x5ac85e,
4349,0x7ff6296f4d60,0x984d60,5950032,0x5aca50,
4350,0x7ff6296f5770,0x985770,5950416,0x5acbd0,
4351,0x7ff6296f5ff0,0x985ff0,5950839,0x5acd77,
4352,0x7ff6296f6800,0x986800,5951216,0x5acef0,
4353,0x7ff6296f7010,0x987010,5951360,0x5acf80,
4354,0x7ff6296f7350,0x987350,5951393,0x5acfa1,
4355,0x7ff6296f7480,0x987480,5951450,0x5acfda,
4356,0x7ff6296f7600,0x987600,5951834,0x5ad15a,
4357,0x7ff6296f7e00,0x987e00,5952552,0x5ad428,
4358,0x7ff6296f9140,0x989140,5952755,0x5ad4f3,
4359,0x7ff6296f95b0,0x9895b0,5952960,0x5ad5c0,
4360,0x7ff6296f99e0,0x9899e0,5953104,0x5ad650,
4361,0x7ff6296f9d20,0x989d20,5953132,0x5ad66c,
4362,0x7ff6296f9f10,0x989f10,5953160,0x5ad688,
4363,0x7ff6296fa020,0x98a020,5953217,0x5ad6c1,
4364,0x7ff6296fa1a0,0x98a1a0,5954670,0x5adc6e,
4365,0x7ff6296fbe40,0x98be40,5955192,0x5ade78,
4366,0x7ff6296fc7e0,0x98c7e0,5955604,0x5ae014,
4367,0x7ff6296fd190,0x98d190,5956363,0x5ae30b,
4368,0x7ff6296fe120,0x98e120,5956800,0x5ae4c0,
4369,0x7ff6296feb50,0x98eb50,5956944,0x5ae550,
4370,0x7ff6296fee90,0x98ee90,5956979,0x5ae573,
4371,0x7ff6296fefc0,0x98efc0,5957086,0x5ae5de,
4372,0x7ff6296ff230,0x98f230,5957829,0x5ae8c5,
4373,0x7ff629700370,0x990370,5958358,0x5aead6,
4374,0x7ff629700f30,0x990f30,5958720,0x5aec40,
4375,0x7ff6297016b0,0x9916b0,5958864,0x5aecd0,
4376,0x7ff6297019f0,0x9919f0,5958912,0x5aed00,
4377,0x7ff629701bf0,0x991bf0,5958940,0x5aed1c,
4378,0x7ff629701d00,0x991d00,5958997,0x5aed55,
4379,0x7ff629701e80,0x991e80,5959413,0x5aeef5,
4380,0x7ff629702720,0x992720,5959725,0x5af02d,
4381,0x7ff629702cf0,0x992cf0,5960300,0x5af26c,
4382,0x7ff629703790,0x993790,5960528,0x5af350,
4383,0x7ff629703ca0,0x993ca0,5960672,0x5af3e0,
4384,0x7ff629703fe0,0x993fe0,5960710,0x5af406,
4385,0x7ff6297040f0,0x9940f0,5960846,0x5af48e,
4386,0x7ff629704320,0x994320,5961413,0x5af6c5,
4387,0x7ff629704e40,0x994e40,5961898,0x5af8aa,
4388,0x7ff6297058f0,0x9958f0,5962367,0x5afa7f,
4389,0x7ff6297062d0,0x9962d0,5962557,0x5afb3d,
4390,0x7ff629706770,0x996770,5962679,0x5afbb7,
4391,0x7ff629706a00,0x996a00,5963043,0x5afd23,
4392,0x7ff629707390,0x997390,5963547,0x5aff1b,
4393,0x7ff6297080f0,0x9980f0,5963632,0x5aff70,
4394,0x7ff6297082d0,0x9982d0,5963776,0x5b0000,
4395,0x7ff629708610,0x998610,5963846,0x5b0046,
4396,0x7ff6297087e0,0x9987e0,5964050,0x5b0112,
4397,0x7ff629708c70,0x998c70,5964285,0x5b01fd,
4398,0x7ff629709250,0x999250,5964512,0x5b02e0,
4399,0x7ff629709740,0x999740,5964673,0x5b0381,
4400,0x7ff629709ab0,0x999ab0,5964837,0x5b0425,
4401,0x7ff629709fd0,0x999fd0,5964939,0x5b048b,
4402,0x7ff62970a3e0,0x99a3e0,5965147,0x5b055b,
4403,0x7ff62970a830,0x99a830,5965526,0x5b06d6,
4404,0x7ff62970ae30,0x99ae30,5965590,0x5b0716,
4405,0x7ff62970b000,0x99b000,5969500,0x5b165c,
4406,0x7ff629710490,0x9a0490,5969558,0x5b1696,
4407,0x7ff628f28080,0x1b8080,5969781,0x5b1775,
4408,0x7ff629710680,0x9a0680,5971605,0x5b1e95,
4409,0x7ff629712a90,0x9a2a90,5972768,0x5b2320,
4410,0x7ff629714260,0x9a4260,5973558,0x5b2636,
4411,0x7ff629715540,0x9a5540,5974286,0x5b290e,
4412,0x7ff6297164b0,0x9a64b0,5974445,0x5b29ad,
4413,0x7ff6297168d0,0x9a68d0,5974574,0x5b2a2e,
4414,0x7ff629716b90,0x9a6b90,5974950,0x5b2ba6,
4415,0x7ff6297173a0,0x9a73a0,5975306,0x5b2d0a,
4416,0x7ff629717970,0x9a7970,5975832,0x5b2f18,
4417,0x7ff629718570,0x9a8570,5976335,0x5b310f,
4418,0x7ff629719020,0x9a9020,5976560,0x5b31f0,
4419,0x7ff6297194e0,0x9a94e0,5976704,0x5b3280,
4420,0x7ff629719820,0x9a9820,5976772,0x5b32c4,
4421,0x7ff629719a40,0x9a9a40,5976916,0x5b3354,
4422,0x7ff629719d40,0x9a9d40,5977417,0x5b3549,
4423,0x7ff62971a790,0x9aa790,5977865,0x5b3709,
4424,0x7ff62971b0b0,0x9ab0b0,5978167,0x5b3837,
4425,0x7ff62971b740,0x9ab740,5978480,0x5b3970,
4426,0x7ff62971be80,0x9abe80,5978624,0x5b3a00,
4427,0x7ff62971c1c0,0x9ac1c0,5978650,0x5b3a1a,
4428,0x7ff62971c420,0x9ac420,5978712,0x5b3a58,
4429,0x7ff62971c5b0,0x9ac5b0,5978927,0x5b3b2f,
4430,0x7ff62971caa0,0x9acaa0,5979306,0x5b3caa,
4431,0x7ff62971d360,0x9ad360,5979712,0x5b3e40,
4432,0x7ff62971dc30,0x9adc30,5979856,0x5b3ed0,
4433,0x7ff62971df70,0x9adf70,5979882,0x5b3eea,
4434,0x7ff62971e1d0,0x9ae1d0,5979944,0x5b3f28,
4435,0x7ff62971e360,0x9ae360,5980183,0x5b4017,
4436,0x7ff62971e860,0x9ae860,5980508,0x5b415c,
4437,0x7ff62971f020,0x9af020,5980912,0x5b42f0,
4438,0x7ff62971f860,0x9af860,5981056,0x5b4380,
4439,0x7ff62971fba0,0x9afba0,5981082,0x5b439a,
4440,0x7ff62971fe30,0x9afe30,5981145,0x5b43d9,
4441,0x7ff62971fff0,0x9afff0,5981384,0x5b44c8,
4442,0x7ff6297204f0,0x9b04f0,5982266,0x5b483a,
4443,0x7ff629721a80,0x9b1a80,5982838,0x5b4a76,
4444,0x7ff629722790,0x9b2790,5983616,0x5b4d80,
4445,0x7ff629723b50,0x9b3b50,5983760,0x5b4e10,
4446,0x7ff629723e90,0x9b3e90,5983786,0x5b4e2a,
4447,0x7ff629723f90,0x9b3f90,5984020,0x5b4f14,
4448,0x7ff629724960,0x9b4960,5984466,0x5b50d2,
4449,0x7ff629725300,0x9b5300,5986080,0x5b5720,
4450,0x7ff629727280,0x9b7280,5986224,0x5b57b0,
4451,0x7ff6297275c0,0x9b75c0,5986257,0x5b57d1,
4452,0x7ff6297276f0,0x9b76f0,5986505,0x5b58c9,
4453,0x7ff629727d20,0x9b7d20,5987102,0x5b5b1e,
4454,0x7ff629728b80,0x9b8b80,5987308,0x5b5bec,
4455,0x7ff629729030,0x9b9030,5987553,0x5b5ce1,
4456,0x7ff629729630,0x9b9630,5987856,0x5b5e10,
4457,0x7ff629729c80,0x9b9c80,5988000,0x5b5ea0,
4458,0x7ff629729fc0,0x9b9fc0,5988062,0x5b5ede,
4459,0x7ff62972a180,0x9ba180,5988144,0x5b5f30,
4460,0x7ff62972a370,0x9ba370,5988766,0x5b619e,
4461,0x7ff62972b030,0x9bb030,5989211,0x5b635b,
4462,0x7ff62972bae0,0x9bbae0,5989696,0x5b6540,
4463,0x7ff62972c620,0x9bc620,5989831,0x5b65c7,
4464,0x7ff62972c940,0x9bc940,5989893,0x5b6605,
4465,0x7ff62972cb00,0x9bcb00,5989939,0x5b6633,
4466,0x7ff62972cc30,0x9bcc30,5990173,0x5b671d,
4467,0x7ff62972d110,0x9bd110,5990560,0x5b68a0,
4468,0x7ff62972d970,0x9bd970,5990704,0x5b6930,
4469,0x7ff62972dcb0,0x9bdcb0,5990730,0x5b694a,
4470,0x7ff62972ddb0,0x9bddb0,5990831,0x5b69af,
4471,0x7ff62972e000,0x9be000,5991843,0x5b6da3,
4472,0x7ff62972f4b0,0x9bf4b0,5992365,0x5b6fad,
4473,0x7ff62972feb0,0x9bfeb0,5993251,0x5b7323,
4474,0x7ff6297312b0,0x9c12b0,5993722,0x5b74fa,
4475,0x7ff629731a60,0x9c1a60,5993938,0x5b75d2,
4476,0x7ff629731f30,0x9c1f30,5994288,0x5b7730,
4477,0x7ff6297325c0,0x9c25c0,5994432,0x5b77c0,
4478,0x7ff629732900,0x9c2900,5994468,0x5b77e4,
4479,0x7ff629732b60,0x9c2b60,5994510,0x5b780e,
4480,0x7ff629732cd0,0x9c2cd0,5994603,0x5b786b,
4481,0x7ff629732f10,0x9c2f10,5995626,0x5b7c6a,
4482,0x7ff6297344f0,0x9c44f0,5996032,0x5b7e00,
4483,0x7ff629734c70,0x9c4c70,5996917,0x5b8175,
4484,0x7ff629736050,0x9c6050,5997133,0x5b824d,
4485,0x7ff629736520,0x9c6520,5997579,0x5b840b,
4486,0x7ff629736ec0,0x9c6ec0,5997936,0x5b8570,
4487,0x7ff629737550,0x9c7550,5998080,0x5b8600,
4488,0x7ff629737890,0x9c7890,5998106,0x5b861a,
4489,0x7ff629737b10,0x9c7b10,5998159,0x5b864f,
4490,0x7ff629737cc0,0x9c7cc0,5998266,0x5b86ba,
4491,0x7ff629737f30,0x9c7f30,5998876,0x5b891c,
4492,0x7ff629738cc0,0x9c8cc0,5999293,0x5b8abd,
4493,0x7ff629739660,0x9c9660,5999554,0x5b8bc2,
4494,0x7ff629739c70,0x9c9c70,5999754,0x5b8c8a,
4495,0x7ff62973a0d0,0x9ca0d0,6000176,0x5b8e30,
4496,0x7ff62973a8b0,0x9ca8b0,6000320,0x5b8ec0,
4497,0x7ff62973abf0,0x9cabf0,6000346,0x5b8eda,
4498,0x7ff62973add0,0x9cadd0,6000374,0x5b8ef6,
4499,0x7ff62973aef0,0x9caef0,6000509,0x5b8f7d,
4500,0x7ff62973b1f0,0x9cb1f0,6000961,0x5b9141,
4501,0x7ff62973bc20,0x9cbc20,6001301,0x5b9295,
4502,0x7ff62973c310,0x9cc310,6001501,0x5b935d,
4503,0x7ff62973c770,0x9cc770,6001792,0x5b9480,
4504,0x7ff62973cdc0,0x9ccdc0,6001936,0x5b9510,
4505,0x7ff62973d100,0x9cd100,6001972,0x5b9534,
4506,0x7ff62973d380,0x9cd380,6002025,0x5b9569,
4507,0x7ff62973d530,0x9cd530,6002169,0x5b95f9,
4508,0x7ff62973d870,0x9cd870,6002704,0x5b9810,
4509,0x7ff62973e2d0,0x9ce2d0,6002848,0x5b98a0,
4510,0x7ff62973e610,0x9ce610,6002910,0x5b98de,
4511,0x7ff62973e7d0,0x9ce7d0,6002990,0x5b992e,
4512,0x7ff62973e9a0,0x9ce9a0,6003238,0x5b9a26,
4513,0x7ff62973efa0,0x9cefa0,6003504,0x5b9b30,
4514,0x7ff62973f540,0x9cf540,6003854,0x5b9c8e,
4515,0x7ff62973fb10,0x9cfb10,6004418,0x5b9ec2,
4516,0x7ff629740500,0x9d0500,6005227,0x5ba1eb,
4517,0x7ff629741020,0x9d1020,6005557,0x5ba335,
4518,0x7ff629741470,0x9d1470,6005747,0x5ba3f3,
4519,0x7ff6297417a0,0x9d17a0,6006720,0x5ba7c0,
4520,0x7ff629742f20,0x9d2f20,6006931,0x5ba893,
4521,0x7ff6297432a0,0x9d32a0,6007135,0x5ba95f,
4522,0x7ff629743630,0x9d3630,6007212,0x5ba9ac,
4523,0x7ff629743890,0x9d3890,6008904,0x5bb048,
4524,0x7ff629745e60,0x9d5e60,6009722,0x5bb37a,
4525,0x7ff629747690,0x9d7690,6009872,0x5bb410,
4526,0x7ff629747970,0x9d7970,6010710,0x5bb756,
4527,0x7ff629748d10,0x9d8d10,6011337,0x5bb9c9,
4528,0x7ff629749bf0,0x9d9bf0,6011522,0x5bba82,
4529,0x7ff62974a0c0,0x9da0c0,6011804,0x5bbb9c,
4530,0x7ff62974a540,0x9da540,6011870,0x5bbbde,
4531,0x7ff62974a760,0x9da760,6012196,0x5bbd24,
4532,0x7ff62974acc0,0x9dacc0,6012466,0x5bbe32,
4533,0x7ff62974b110,0x9db110,6012721,0x5bbf31,
4534,0x7ff62974b540,0x9db540,6013005,0x5bc04d,
4535,0x7ff62974b9d0,0x9db9d0,6013471,0x5bc21f,
4536,0x7ff62974c220,0x9dc220,6013741,0x5bc32d,
4537,0x7ff62974c670,0x9dc670,6014092,0x5bc48c,
4538,0x7ff62974cc20,0x9dcc20,6014444,0x5bc5ec,
4539,0x7ff62974d1c0,0x9dd1c0,6014701,0x5bc6ed,
4540,0x7ff62974d600,0x9dd600,6014994,0x5bc812,
4541,0x7ff62974da90,0x9dda90,6015264,0x5bc920,
4542,0x7ff62974dee0,0x9ddee0,6015658,0x5bcaaa,
4543,0x7ff62974e4e0,0x9de4e0,6015928,0x5bcbb8,
4544,0x7ff62974e930,0x9de930,6016322,0x5bcd42,
4545,0x7ff62974ef30,0x9def30,6016925,0x5bcf9d,
4546,0x7ff62974f640,0x9df640,6017104,0x5bd050,
4547,0x7ff62974f920,0x9df920,6017680,0x5bd290,
4548,0x7ff6297504e0,0x9e04e0,6018102,0x5bd436,
4549,0x7ff629750e60,0x9e0e60,6018134,0x5bd456,
4550,0x7ff629750fa0,0x9e0fa0,6018163,0x5bd473,
4551,0x7ff6297510f0,0x9e10f0,6018537,0x5bd5e9,
4552,0x7ff629751840,0x9e1840,6019143,0x5bd847,
4553,0x7ff6297521f0,0x9e21f0,6019437,0x5bd96d,
4554,0x7ff629752680,0x9e2680,6019599,0x5bda0f,
4555,0x7ff629752910,0x9e2910,6019791,0x5bdacf,
4556,0x7ff629752bf0,0x9e2bf0,6020175,0x5bdc4f,
4557,0x7ff629753390,0x9e3390,6020551,0x5bddc7,
4558,0x7ff629753b30,0x9e3b30,6020824,0x5bded8,
4559,0x7ff629754160,0x9e4160,6020997,0x5bdf85,
4560,0x7ff629754560,0x9e4560,6021046,0x5bdfb6,
4561,0x7ff6297546b0,0x9e46b0,6021202,0x5be052,
4562,0x7ff629754a50,0x9e4a50,6021643,0x5be20b,
4563,0x7ff629755160,0x9e5160,6022261,0x5be475,
4564,0x7ff629755cd0,0x9e5cd0,6022279,0x5be487,
4565,0x7ff628dc6040,0x56040,6022288,0x5be490,
4566,0x7ff629755d60,0x9e5d60,6022370,0x5be4e2,
4567,0x7ff629755f70,0x9e5f70,6022569,0x5be5a9,
4568,0x7ff629756400,0x9e6400,6022934,0x5be716,
4569,0x7ff629756b70,0x9e6b70,6023008,0x5be760,
4570,0x7ff629756d80,0x9e6d80,6023236,0x5be844,
4571,0x7ff629757220,0x9e7220,6023332,0x5be8a4,
4572,0x7ff6297574e0,0x9e74e0,6023664,0x5be9f0,
4573,0x7ff629757bf0,0x9e7bf0,6023740,0x5bea3c,
4574,0x7ff629757df0,0x9e7df0,6023975,0x5beb27,
4575,0x7ff629758420,0x9e8420,6024040,0x5beb68,
4576,0x7ff6297585c0,0x9e85c0,6024272,0x5bec50,
4577,0x7ff629758b90,0x9e8b90,6024433,0x5becf1,
4578,0x7ff629758f10,0x9e8f10,6024594,0x5bed92,
4579,0x7ff629759290,0x9e9290,6024755,0x5bee33,
4580,0x7ff629759610,0x9e9610,6024902,0x5beec6,
4581,0x7ff629759900,0x9e9900,6025160,0x5befc8,
4582,0x7ff629759d30,0x9e9d30,6025247,0x5bf01f,
4583,0x7ff629759ef0,0x9e9ef0,6025479,0x5bf107,
4584,0x7ff62975a240,0x9ea240,6025666,0x5bf1c2,
4585,0x7ff62975a4e0,0x9ea4e0,6025853,0x5bf27d,
4586,0x7ff62975a780,0x9ea780,6026048,0x5bf340,
4587,0x7ff62975aa30,0x9eaa30,6026120,0x5bf388,
4588,0x7ff62975acb0,0x9eacb0,6026271,0x5bf41f,
4589,0x7ff62975b050,0x9eb050,6027254,0x5bf7f6,
4590,0x7ff62975c630,0x9ec630,6027728,0x5bf9d0,
4591,0x7ff62975d140,0x9ed140,6027738,0x5bf9da,
4592,0x7ff62975d200,0x9ed200,6027753,0x5bf9e9,
4593,0x7ff62975d270,0x9ed270,6027763,0x5bf9f3,
4594,0x7ff62975d330,0x9ed330,6027778,0x5bfa02,
4595,0x7ff62975d3a0,0x9ed3a0,6027788,0x5bfa0c,
4596,0x7ff62975d460,0x9ed460,6027803,0x5bfa1b,
4597,0x7ff62975d4d0,0x9ed4d0,6027813,0x5bfa25,
4598,0x7ff62975d590,0x9ed590,6027828,0x5bfa34,
4599,0x7ff62975d600,0x9ed600,6027838,0x5bfa3e,
4600,0x7ff62975d6c0,0x9ed6c0,6027853,0x5bfa4d,
4601,0x7ff62975d730,0x9ed730,6027863,0x5bfa57,
4602,0x7ff62975d7f0,0x9ed7f0,6027878,0x5bfa66,
4603,0x7ff62975d860,0x9ed860,6027888,0x5bfa70,
4604,0x7ff62975d920,0x9ed920,6027903,0x5bfa7f,
4605,0x7ff62975d990,0x9ed990,6027913,0x5bfa89,
4606,0x7ff62975da50,0x9eda50,6027936,0x5bfaa0,
4607,0x7ff62975dac0,0x9edac0,6027996,0x5bfadc,
4608,0x7ff62975dc10,0x9edc10,6028103,0x5bfb47,
4609,0x7ff62975de20,0x9ede20,6028177,0x5bfb91,
4610,0x7ff62975dfb0,0x9edfb0,6028348,0x5bfc3c,
4611,0x7ff62975e3e0,0x9ee3e0,6028389,0x5bfc65,
4612,0x7ff62975e540,0x9ee540,6028492,0x5bfccc,
4613,0x7ff62975e7a0,0x9ee7a0,6028606,0x5bfd3e,
4614,0x7ff62975ea50,0x9eea50,6028691,0x5bfd93,
4615,0x7ff62975ec90,0x9eec90,6028927,0x5bfe7f,
4616,0x7ff62975f2e0,0x9ef2e0,6029001,0x5bfec9,
4617,0x7ff62975f4b0,0x9ef4b0,6029236,0x5bffb4,
4618,0x7ff62975fb70,0x9efb70,6029299,0x5bfff3,
4619,0x7ff62975fce0,0x9efce0,6029509,0x5c00c5,
4620,0x7ff6297601d0,0x9f01d0,6029618,0x5c0132,
4621,0x7ff629760450,0x9f0450,6029656,0x5c0158,
4622,0x7ff629760550,0x9f0550,6029728,0x5c01a0,
4623,0x7ff629760710,0x9f0710,6029872,0x5c0230,
4624,0x7ff629760a50,0x9f0a50,6030080,0x5c0300,
4625,0x7ff629760e70,0x9f0e70,6030407,0x5c0447,
4626,0x7ff629761460,0x9f1460,6030706,0x5c0572,
4627,0x7ff629761a30,0x9f1a30,6031039,0x5c06bf,
4628,0x7ff629762050,0x9f2050,6031440,0x5c0850,
4629,0x7ff6297626d0,0x9f26d0,6031699,0x5c0953,
4630,0x7ff629762ca0,0x9f2ca0,6032127,0x5c0aff,
4631,0x7ff6297635e0,0x9f35e0,6032275,0x5c0b93,
4632,0x7ff629763940,0x9f3940,6032293,0x5c0ba5,
4633,0x7ff6297639d0,0x9f39d0,6032416,0x5c0c20,
4634,0x7ff629763ef0,0x9f3ef0,6032439,0x5c0c37,
4635,0x7ff629763fe0,0x9f3fe0,6032462,0x5c0c4e,
4636,0x7ff6297640d0,0x9f40d0,6032485,0x5c0c65,
4637,0x7ff6297641c0,0x9f41c0,6032508,0x5c0c7c,
4638,0x7ff6297642b0,0x9f42b0,6032544,0x5c0ca0,
4639,0x7ff6297643a0,0x9f43a0,6032953,0x5c0e39,
4640,0x7ff629764d30,0x9f4d30,6032971,0x5c0e4b,
4641,0x7ff629764dc0,0x9f4dc0,6034239,0x5c133f,
4642,0x7ff629766050,0x9f6050,6034564,0x5c1484,
4643,0x7ff629766670,0x9f6670,6035644,0x5c18bc,
4644,0x7ff6297675b0,0x9f75b0,6035973,0x5c1a05,
4645,0x7ff629767aa0,0x9f7aa0,6036353,0x5c1b81,
4646,0x7ff6297681a0,0x9f81a0,6036623,0x5c1c8f,
4647,0x7ff629768570,0x9f8570,6036890,0x5c1d9a,
4648,0x7ff629768980,0x9f8980,6036976,0x5c1df0,
4649,0x7ff629768bc0,0x9f8bc0,6037436,0x5c1fbc,
4650,0x7ff629769340,0x9f9340,6037529,0x5c2019,
4651,0x7ff6297695b0,0x9f95b0,6037616,0x5c2070,
4652,0x7ff6297697f0,0x9f97f0,6037710,0x5c20ce,
4653,0x7ff629769ac0,0x9f9ac0,6038185,0x5c22a9,
4654,0x7ff62976a0e0,0x9fa0e0,6038205,0x5c22bd,
4655,0x7ff62976a180,0x9fa180,6038352,0x5c2350,
4656,0x7ff62976a3a0,0x9fa3a0,6038481,0x5c23d1,
4657,0x7ff62976a5e0,0x9fa5e0,6044941,0x5c3d0d,
4658,0x7ff6297712f0,0xa012f0,6045295,0x5c3e6f,
4659,0x7ff629771a00,0xa01a00,6045653,0x5c3fd5,
4660,0x7ff629772220,0xa02220,6050552,0x5c52f8,
4661,0x7ff6297773c0,0xa073c0,6050923,0x5c546b,
4662,0x7ff629777bc0,0xa07bc0,6051060,0x5c54f4,
4663,0x7ff629777e60,0xa07e60,6051197,0x5c557d,
4664,0x7ff629778100,0xa08100,6051604,0x5c5714,
4665,0x7ff6297788b0,0xa088b0,6051994,0x5c589a,
4666,0x7ff629779010,0xa09010,6052156,0x5c593c,
4667,0x7ff629779430,0xa09430,6052323,0x5c59e3,
4668,0x7ff629779850,0xa09850,6052467,0x5c5a73,
4669,0x7ff629779c40,0xa09c40,6052616,0x5c5b08,
4670,0x7ff62977a020,0xa0a020,6052685,0x5c5b4d,
4671,0x7ff62977a1d0,0xa0a1d0,6052731,0x5c5b7b,
4672,0x7ff62977a350,0xa0a350,6052764,0x5c5b9c,
4673,0x7ff62977a470,0xa0a470,6052855,0x5c5bf7,
4674,0x7ff62977a670,0xa0a670,6053174,0x5c5d36,
4675,0x7ff62977afc0,0xa0afc0,6053726,0x5c5f5e,
4676,0x7ff62977bc90,0xa0bc90,6053817,0x5c5fb9,
4677,0x7ff62977be90,0xa0be90,6054136,0x5c60f8,
4678,0x7ff62977c7e0,0xa0c7e0,6054688,0x5c6320,
4679,0x7ff62977d460,0xa0d460,6055260,0x5c655c,
4680,0x7ff62977e0a0,0xa0e0a0,6055752,0x5c6748,
4681,0x7ff62977e9a0,0xa0e9a0,6055840,0x5c67a0,
4682,0x7ff62977ebf0,0xa0ebf0,6056005,0x5c6845,
4683,0x7ff62977f120,0xa0f120,6056119,0x5c68b7,
4684,0x7ff62977f450,0xa0f450,6056480,0x5c6a20,
4685,0x7ff62977fe30,0xa0fe30,6056800,0x5c6b60,
4686,0x7ff6297806e0,0xa106e0,6057397,0x5c6db5,
4687,0x7ff629781420,0xa11420,6057595,0x5c6e7b,
4688,0x7ff629781900,0xa11900,6057884,0x5c6f9c,
4689,0x7ff629782040,0xa12040,6058128,0x5c7090,
4690,0x7ff6297824f0,0xa124f0,6058592,0x5c7260,
4691,0x7ff6297831e0,0xa131e0,6058806,0x5c7336,
4692,0x7ff6297836e0,0xa136e0,6059316,0x5c7534,
4693,0x7ff6297840b0,0xa140b0,6059474,0x5c75d2,
4694,0x7ff629784540,0xa14540,6059730,0x5c76d2,
4695,0x7ff629784d20,0xa14d20,6059881,0x5c7769,
4696,0x7ff629785150,0xa15150,6060170,0x5c788a,
4697,0x7ff629785930,0xa15930,6060338,0x5c7932,
4698,0x7ff629785de0,0xa15de0,6060478,0x5c79be,
4699,0x7ff629786200,0xa16200,6060540,0x5c79fc,
4700,0x7ff629786370,0xa16370,6060624,0x5c7a50,
4701,0x7ff629786620,0xa16620,6060801,0x5c7b01,
4702,0x7ff629786b30,0xa16b30,6060870,0x5c7b46,
4703,0x7ff629786d00,0xa16d00,6061047,0x5c7bf7,
4704,0x7ff629787210,0xa17210,6061136,0x5c7c50,
4705,0x7ff629787430,0xa17430,6061230,0x5c7cae,
4706,0x7ff629787670,0xa17670,6061401,0x5c7d59,
4707,0x7ff629787a80,0xa17a80,6061465,0x5c7d99,
4708,0x7ff629787c80,0xa17c80,6061488,0x5c7db0,
4709,0x7ff629787d80,0xa17d80,6061511,0x5c7dc7,
4710,0x7ff629787e80,0xa17e80,6061546,0x5c7dea,
4711,0x7ff629787f80,0xa17f80,6061690,0x5c7e7a,
4712,0x7ff629788370,0xa18370,6061747,0x5c7eb3,
4713,0x7ff629788520,0xa18520,6061797,0x5c7ee5,
4714,0x7ff6297886c0,0xa186c0,6061920,0x5c7f60,
4715,0x7ff629788a00,0xa18a00,6061972,0x5c7f94,
4716,0x7ff629788b80,0xa18b80,6062080,0x5c8000,
4717,0x7ff629788e00,0xa18e00,6062145,0x5c8041,
4718,0x7ff629789070,0xa19070,6062208,0x5c8080,
4719,0x7ff6297891e0,0xa191e0,6062261,0x5c80b5,
4720,0x7ff629789360,0xa19360,6062374,0x5c8126,
4721,0x7ff629789610,0xa19610,6062464,0x5c8180,
4722,0x7ff629789930,0xa19930,6062499,0x5c81a3,
4723,0x7ff6297899f0,0xa199f0,6063341,0x5c84ed,
4724,0x7ff62978ab50,0xa1ab50,6063748,0x5c8684,
4725,0x7ff62978b390,0xa1b390,6063840,0x5c86e0,
4726,0x7ff62978b630,0xa1b630,6064327,0x5c88c7,
4727,0x7ff62978c120,0xa1c120,6064433,0x5c8931,
4728,0x7ff62978c440,0xa1c440,6064610,0x5c89e2,
4729,0x7ff62978c840,0xa1c840,6064997,0x5c8b65,
4730,0x7ff62978d060,0xa1d060,6065024,0x5c8b80,
4731,0x7ff62978d110,0xa1d110,6065057,0x5c8ba1,
4732,0x7ff62978d1d0,0xa1d1d0,6065116,0x5c8bdc,
4733,0x7ff62978d330,0xa1d330,6065138,0x5c8bf2,
4734,0x7ff62978d3e0,0xa1d3e0,6065218,0x5c8c42,
4735,0x7ff62978d550,0xa1d550,6065296,0x5c8c90,
4736,0x7ff62978d6f0,0xa1d6f0,6065341,0x5c8cbd,
4737,0x7ff62978d810,0xa1d810,6065370,0x5c8cda,
4738,0x7ff62978d900,0xa1d900,6065402,0x5c8cfa,
4739,0x7ff62978d9f0,0xa1d9f0,6065899,0x5c8eeb,
4740,0x7ff62978e4b0,0xa1e4b0,6066096,0x5c8fb0,
4741,0x7ff62978e9d0,0xa1e9d0,6066118,0x5c8fc6,
4742,0x7ff62978eaa0,0xa1eaa0,6066143,0x5c8fdf,
4743,0x7ff62978eb70,0xa1eb70,6066253,0x5c904d,
4744,0x7ff62978ede0,0xa1ede0,6066512,0x5c9150,
4745,0x7ff62978f2a0,0xa1f2a0,6066830,0x5c928e,
4746,0x7ff62978f990,0xa1f990,6066855,0x5c92a7,
4747,0x7ff62978fa60,0xa1fa60,6066954,0x5c930a,
4748,0x7ff628dc6040,0x56040,6066959,0x5c930f,
4749,0x7ff62978fc40,0xa1fc40,6067105,0x5c93a1,
4750,0x7ff62978ff80,0xa1ff80,6067303,0x5c9467,
4751,0x7ff629790390,0xa20390,6067339,0x5c948b,
4752,0x7ff629790450,0xa20450,6067361,0x5c94a1,
4753,0x7ff629790520,0xa20520,6067371,0x5c94ab,
4754,0x7ff629790590,0xa20590,6067411,0x5c94d3,
4755,0x7ff629790690,0xa20690,6069100,0x5c9b6c,
4756,0x7ff6297927f0,0xa227f0,6069348,0x5c9c64,
4757,0x7ff629792db0,0xa22db0,6069901,0x5c9e8d,
4758,0x7ff629793830,0xa23830,6070086,0x5c9f46,
4759,0x7ff629793c80,0xa23c80,6070106,0x5c9f5a,
4760,0x7ff629793d10,0xa23d10,6070188,0x5c9fac,
4761,0x7ff629793f50,0xa23f50,6070208,0x5c9fc0,
4762,0x7ff629793fe0,0xa23fe0,6070292,0x5ca014,
4763,0x7ff629794170,0xa24170,6070419,0x5ca093,
4764,0x7ff6297943e0,0xa243e0,6071397,0x5ca465,
4765,0x7ff6297959f0,0xa259f0,6071889,0x5ca651,
4766,0x7ff629796470,0xa26470,6071968,0x5ca6a0,
4767,0x7ff6297965f0,0xa265f0,6072018,0x5ca6d2,
4768,0x7ff629796760,0xa26760,6072035,0x5ca6e3,
4769,0x7ff6297967f0,0xa267f0,6072067,0x5ca703,
4770,0x7ff6297968e0,0xa268e0,6072098,0x5ca722,
4771,0x7ff6297969d0,0xa269d0,6072166,0x5ca766,
4772,0x7ff629796b60,0xa26b60,6072327,0x5ca807,
4773,0x7ff629796e50,0xa26e50,6072337,0x5ca811,
4774,0x7ff629796ec0,0xa26ec0,6072416,0x5ca860,
4775,0x7ff629797070,0xa27070,6072784,0x5ca9d0,
4776,0x7ff6297977d0,0xa277d0,6072966,0x5caa86,
4777,0x7ff629797b40,0xa27b40,6073212,0x5cab7c,
4778,0x7ff629797fb0,0xa27fb0,6073274,0x5cabba,
4779,0x7ff6297981a0,0xa281a0,6073351,0x5cac07,
4780,0x7ff629798350,0xa28350,6073429,0x5cac55,
4781,0x7ff629798540,0xa28540,6073712,0x5cad70,
4782,0x7ff629798a60,0xa28a60,6074611,0x5cb0f3,
4783,0x7ff629799bd0,0xa29bd0,6074663,0x5cb127,
4784,0x7ff629799d80,0xa29d80,6075084,0x5cb2cc,
4785,0x7ff62979a4f0,0xa2a4f0,6076630,0x5cb8d6,
4786,0x7ff62979c3b0,0xa2c3b0,6076746,0x5cb94a,
4787,0x7ff62979c740,0xa2c740,6076991,0x5cba3f,
4788,0x7ff62979cc20,0xa2cc20,6077567,0x5cbc7f,
4789,0x7ff62979d790,0xa2d790,6077813,0x5cbd75,
4790,0x7ff62979dbd0,0xa2dbd0,6077955,0x5cbe03,
4791,0x7ff62979dea0,0xa2dea0,6078082,0x5cbe82,
4792,0x7ff62979e170,0xa2e170,6078283,0x5cbf4b,
4793,0x7ff62979e5d0,0xa2e5d0,6078559,0x5cc05f,
4794,0x7ff62979ebd0,0xa2ebd0,6078676,0x5cc0d4,
4795,0x7ff62979ee10,0xa2ee10,6079144,0x5cc2a8,
4796,0x7ff62979f660,0xa2f660,6079374,0x5cc38e,
4797,0x7ff62979fae0,0xa2fae0,6079529,0x5cc429,
4798,0x7ff62979fdf0,0xa2fdf0,6079711,0x5cc4df,
4799,0x7ff6297a0230,0xa30230,6079899,0x5cc59b,
4800,0x7ff6297a0660,0xa30660,6080035,0x5cc623,
4801,0x7ff6297a0960,0xa30960,6080181,0x5cc6b5,
4802,0x7ff6297a0c90,0xa30c90,6080371,0x5cc773,
4803,0x7ff6297a10c0,0xa310c0,6080568,0x5cc838,
4804,0x7ff6297a1520,0xa31520,6080687,0x5cc8af,
4805,0x7ff6297a1810,0xa31810,6080759,0x5cc8f7,
4806,0x7ff6297a19e0,0xa319e0,6080957,0x5cc9bd,
4807,0x7ff6297a1db0,0xa31db0,6081070,0x5cca2e,
4808,0x7ff6297a2030,0xa32030,6081157,0x5cca85,
4809,0x7ff6297a2240,0xa32240,6081281,0x5ccb01,
4810,0x7ff6297a2550,0xa32550,6081463,0x5ccbb7,
4811,0x7ff6297a2990,0xa32990,6081611,0x5ccc4b,
4812,0x7ff6297a2d10,0xa32d10,6081701,0x5ccca5,
4813,0x7ff6297a2f10,0xa32f10,6081775,0x5cccef,
4814,0x7ff6297a30e0,0xa330e0,6081853,0x5ccd3d,
4815,0x7ff6297a32d0,0xa332d0,6081966,0x5ccdae,
4816,0x7ff6297a3570,0xa33570,6082050,0x5cce02,
4817,0x7ff6297a3790,0xa33790,6082171,0x5cce7b,
4818,0x7ff6297a3aa0,0xa33aa0,6082239,0x5ccebf,
4819,0x7ff6297a3c60,0xa33c60,6082307,0x5ccf03,
4820,0x7ff6297a3e20,0xa33e20,6082680,0x5cd078,
4821,0x7ff6297a4590,0xa34590,6083192,0x5cd278,
4822,0x7ff6297a54b0,0xa354b0,6083943,0x5cd567,
4823,0x7ff6297a60e0,0xa360e0,6084002,0x5cd5a2,
4824,0x7ff6297a62a0,0xa362a0,6084265,0x5cd6a9,
4825,0x7ff6297a67f0,0xa367f0,6084629,0x5cd815,
4826,0x7ff6297a6e60,0xa36e60,6084691,0x5cd853,
4827,0x7ff6297a7030,0xa37030,6084838,0x5cd8e6,
4828,0x7ff6297a7310,0xa37310,6085140,0x5cda14,
4829,0x7ff6297a76f0,0xa376f0,6085180,0x5cda3c,
4830,0x7ff6297a7810,0xa37810,6085302,0x5cdab6,
4831,0x7ff6297a7ad0,0xa37ad0,6085400,0x5cdb18,
4832,0x7ff6297a7c60,0xa37c60,6085494,0x5cdb76,
4833,0x7ff6297a7e60,0xa37e60,6085636,0x5cdc04,
4834,0x7ff6297a8180,0xa38180,6085783,0x5cdc97,
4835,0x7ff6297a8550,0xa38550,6085817,0x5cdcb9,
4836,0x7ff6297a8740,0xa38740,6085862,0x5cdce6,
4837,0x7ff6297a8840,0xa38840,6086051,0x5cdda3,
4838,0x7ff6297a8b90,0xa38b90,6086278,0x5cde86,
4839,0x7ff6297a8fe0,0xa38fe0,6086412,0x5cdf0c,
4840,0x7ff6297a9270,0xa39270,6086649,0x5cdff9,
4841,0x7ff6297a9730,0xa39730,6086711,0x5ce037,
4842,0x7ff6297a9900,0xa39900,6086995,0x5ce153,
4843,0x7ff6297a9ea0,0xa39ea0,6087365,0x5ce2c5,
4844,0x7ff6297aa5b0,0xa3a5b0,6087717,0x5ce425,
4845,0x7ff6297aac70,0xa3ac70,6087959,0x5ce517,
4846,0x7ff6297ab0e0,0xa3b0e0,6089110,0x5ce996,
4847,0x7ff6297ac540,0xa3c540,6089304,0x5cea58,
4848,0x7ff6297ac980,0xa3c980,6089413,0x5ceac5,
4849,0x7ff6297acc30,0xa3cc30,6089701,0x5cebe5,
4850,0x7ff6297ad270,0xa3d270,6089961,0x5cece9,
4851,0x7ff6297ad830,0xa3d830,6090067,0x5ced53,
4852,0x7ff6297ada60,0xa3da60,6090345,0x5cee69,
4853,0x7ff6297adee0,0xa3dee0,6090480,0x5ceef0,
4854,0x7ff6297ae1a0,0xa3e1a0,6090754,0x5cf002,
4855,0x7ff6297ae5e0,0xa3e5e0,6091004,0x5cf0fc,
4856,0x7ff6297aea80,0xa3ea80,6091194,0x5cf1ba,
4857,0x7ff6297aeed0,0xa3eed0,6091287,0x5cf217,
4858,0x7ff6297af0c0,0xa3f0c0,6091394,0x5cf282,
4859,0x7ff6297af2d0,0xa3f2d0,6092368,0x5cf650,
4860,0x7ff6297b03c0,0xa403c0,6093813,0x5cfbf5,
4861,0x7ff6297b2660,0xa42660,6094352,0x5cfe10,
4862,0x7ff6297b32b0,0xa432b0,6094439,0x5cfe67,
4863,0x7ff6297b34d0,0xa434d0,6094999,0x5d0097,
4864,0x7ff6297b4110,0xa44110,6095143,0x5d0127,
4865,0x7ff6297b4470,0xa44470,6095335,0x5d01e7,
4866,0x7ff6297b4930,0xa44930,6095435,0x5d024b,
4867,0x7ff6297b4be0,0xa44be0,6095511,0x5d0297,
4868,0x7ff6297b4d80,0xa44d80,6095971,0x5d0463,
4869,0x7ff6297b58a0,0xa458a0,6096317,0x5d05bd,
4870,0x7ff6297b6010,0xa46010,6096528,0x5d0690,
4871,0x7ff6297b65c0,0xa465c0,6097887,0x5d0bdf,
4872,0x7ff6297b8340,0xa48340,6098080,0x5d0ca0,
4873,0x7ff6297b8720,0xa48720,6099024,0x5d1050,
4874,0x7ff6297b98c0,0xa498c0,6100137,0x5d14a9,
4875,0x7ff6297ba970,0xa4a970,6100203,0x5d14eb,
4876,0x7ff6297bab40,0xa4ab40,6100256,0x5d1520,
4877,0x7ff6297bacb0,0xa4acb0,6100688,0x5d16d0,
4878,0x7ff6297bb4a0,0xa4b4a0,6100799,0x5d173f,
4879,0x7ff6297bb740,0xa4b740,6100935,0x5d17c7,
4880,0x7ff6297bba50,0xa4ba50,6101264,0x5d1910,
4881,0x7ff6297bc020,0xa4c020,6101274,0x5d191a,
4882,0x7ff6297bc090,0xa4c090,6101284,0x5d1924,
4883,0x7ff6297bc250,0xa4c250,6101313,0x5d1941,
4884,0x7ff6297bc320,0xa4c320,6101344,0x5d1960,
4885,0x7ff6297bc3d0,0xa4c3d0,6101412,0x5d19a4,
4886,0x7ff6297bc570,0xa4c570,6101552,0x5d1a30,
4887,0x7ff6297bc8a0,0xa4c8a0,6101674,0x5d1aaa,
4888,0x7ff6297bcbe0,0xa4cbe0,6101787,0x5d1b1b,
4889,0x7ff6297bcef0,0xa4cef0,6101828,0x5d1b44,
4890,0x7ff6297bcfe0,0xa4cfe0,6101860,0x5d1b64,
4891,0x7ff6297bd0b0,0xa4d0b0,6101882,0x5d1b7a,
4892,0x7ff6297bd170,0xa4d170,6101924,0x5d1ba4,
4893,0x7ff6297bd2a0,0xa4d2a0,6103035,0x5d1ffb,
4894,0x7ff6297bedd0,0xa4edd0,6104514,0x5d25c2,
4895,0x7ff6297c17d0,0xa517d0,6105648,0x5d2a30,
4896,0x7ff6297c3920,0xa53920,6105765,0x5d2aa5,
4897,0x7ff6297c3d30,0xa53d30,6105924,0x5d2b44,
4898,0x7ff6297c4150,0xa54150,6106143,0x5d2c1f,
4899,0x7ff6297c4550,0xa54550,6106395,0x5d2d1b,
4900,0x7ff6297c4bc0,0xa54bc0,6106624,0x5d2e00,
4901,0x7ff6297c51f0,0xa551f0,6106730,0x5d2e6a,
4902,0x7ff6297c54a0,0xa554a0,6106833,0x5d2ed1,
4903,0x7ff6297c54a0,0xa554a0,6106944,0x5d2f40,
4904,0x7ff6297c5780,0xa55780,6107164,0x5d301c,
4905,0x7ff6297c5db0,0xa55db0,6107308,0x5d30ac,
4906,0x7ff6297c6190,0xa56190,6107515,0x5d317b,
4907,0x7ff6297c6690,0xa56690,6107712,0x5d3240,
4908,0x7ff6297c6b10,0xa56b10,6107889,0x5d32f1,
4909,0x7ff6297c7110,0xa57110,6108301,0x5d348d,
4910,0x7ff6297c7bd0,0xa57bd0,6108492,0x5d354c,
4911,0x7ff6297c81b0,0xa581b0,6108673,0x5d3601,
4912,0x7ff6297c8790,0xa58790,6108752,0x5d3650,
4913,0x7ff6297c8910,0xa58910,6109143,0x5d37d7,
4914,0x7ff6297c9280,0xa59280,6109392,0x5d38d0,
4915,0x7ff6297c9830,0xa59830,6111808,0x5d4240,
4916,0x7ff6297cd470,0xa5d470,6112049,0x5d4331,
4917,0x7ff6297cd850,0xa5d850,6112144,0x5d4390,
4918,0x7ff6297cd9c0,0xa5d9c0,6112223,0x5d43df,
4919,0x7ff6297cdbf0,0xa5dbf0,6112303,0x5d442f,
4920,0x7ff6297cddc0,0xa5ddc0,6112714,0x5d45ca,
4921,0x7ff6297ce730,0xa5e730,6113001,0x5d46e9,
4922,0x7ff6297cee30,0xa5ee30,6113080,0x5d4738,
4923,0x7ff6297cf060,0xa5f060,6113160,0x5d4788,
4924,0x7ff6297cf230,0xa5f230,6113239,0x5d47d7,
4925,0x7ff6297cf460,0xa5f460,6113303,0x5d4817,
4926,0x7ff6297cf5e0,0xa5f5e0,6113737,0x5d49c9,
4927,0x7ff6297cffe0,0xa5ffe0,6113816,0x5d4a18,
4928,0x7ff6297d0210,0xa60210,6113880,0x5d4a58,
4929,0x7ff6297d0390,0xa60390,6114281,0x5d4be9,
4930,0x7ff6297d0c10,0xa60c10,6114360,0x5d4c38,
4931,0x7ff6297d0e40,0xa60e40,6114440,0x5d4c88,
4932,0x7ff6297d1010,0xa61010,6114519,0x5d4cd7,
4933,0x7ff6297d1240,0xa61240,6114599,0x5d4d27,
4934,0x7ff6297d1410,0xa61410,6114678,0x5d4d76,
4935,0x7ff6297d1640,0xa61640,6114758,0x5d4dc6,
4936,0x7ff6297d1810,0xa61810,6114840,0x5d4e18,
4937,0x7ff6297d1a40,0xa61a40,6114920,0x5d4e68,
4938,0x7ff6297d1c10,0xa61c10,6114976,0x5d4ea0,
4939,0x7ff6297d1dc0,0xa61dc0,6115056,0x5d4ef0,
4940,0x7ff6297d1f90,0xa61f90,6115135,0x5d4f3f,
4941,0x7ff6297d21c0,0xa621c0,6115216,0x5d4f90,
4942,0x7ff6297d2390,0xa62390,6115265,0x5d4fc1,
4943,0x7ff6297d24b0,0xa624b0,6115340,0x5d500c,
4944,0x7ff6297d26b0,0xa626b0,6115442,0x5d5072,
4945,0x7ff6297d2930,0xa62930,6115868,0x5d521c,
4946,0x7ff6297d31d0,0xa631d0,6115942,0x5d5266,
4947,0x7ff6297d33a0,0xa633a0,6116653,0x5d552d,
4948,0x7ff6297d4350,0xa64350,6117066,0x5d56ca,
4949,0x7ff6297d4d20,0xa64d20,6117152,0x5d5720,
4950,0x7ff6297d4f10,0xa64f10,6117183,0x5d573f,
4951,0x7ff6297d5100,0xa65100,6117243,0x5d577b,
4952,0x7ff6297d5220,0xa65220,6117808,0x5d59b0,
4953,0x7ff6297d5c50,0xa65c50,6119466,0x5d602a,
4954,0x7ff6297d7870,0xa67870,6121884,0x5d699c,
4955,0x7ff6297da850,0xa6a850,6122096,0x5d6a70,
4956,0x7ff6297dac00,0xa6ac00,6122117,0x5d6a85,
4957,0x7ff6297dace0,0xa6ace0,6122209,0x5d6ae1,
4958,0x7ff6297daf40,0xa6af40,6122331,0x5d6b5b,
4959,0x7ff6297db200,0xa6b200,6122678,0x5d6cb6,
4960,0x7ff6297db900,0xa6b900,6123120,0x5d6e70,
4961,0x7ff6297dc340,0xa6c340,6123141,0x5d6e85,
4962,0x7ff6297dc5a0,0xa6c5a0,6123197,0x5d6ebd,
4963,0x7ff6297dc750,0xa6c750,6123278,0x5d6f0e,
4964,0x7ff6297dc940,0xa6c940,6123615,0x5d705f,
4965,0x7ff6297dd080,0xa6d080,6123904,0x5d7180,
4966,0x7ff6297dd750,0xa6d750,6123927,0x5d7197,
4967,0x7ff6297dd950,0xa6d950,6124006,0x5d71e6,
4968,0x7ff6297ddb80,0xa6db80,6124070,0x5d7226,
4969,0x7ff6297ddd00,0xa6dd00,6124504,0x5d73d8,
4970,0x7ff6297de700,0xa6e700,6124801,0x5d7501,
4971,0x7ff6297dee20,0xa6ee20,6124866,0x5d7542,
4972,0x7ff6297def60,0xa6ef60,6125030,0x5d75e6,
4973,0x7ff6297df290,0xa6f290,6125344,0x5d7720,
4974,0x7ff6297df9b0,0xa6f9b0,6125367,0x5d7737,
4975,0x7ff6297dfbb0,0xa6fbb0,6125432,0x5d7778,
4976,0x7ff6297dfcf0,0xa6fcf0,6125870,0x5d792e,
4977,0x7ff6297e0540,0xa70540,6126372,0x5d7b24,
4978,0x7ff6297e1020,0xa71020,6126832,0x5d7cf0,
4979,0x7ff6297e1880,0xa71880,6127090,0x5d7df2,
4980,0x7ff6297e1ef0,0xa71ef0,6127196,0x5d7e5c,
4981,0x7ff6297e2180,0xa72180,6127382,0x5d7f16,
4982,0x7ff6297e2640,0xa72640,6127588,0x5d7fe4,
4983,0x7ff6297e2b10,0xa72b10,6131299,0x5d8e63,
4984,0x7ff6297e6db0,0xa76db0,6131407,0x5d8ecf,
4985,0x7ff6297e7030,0xa77030,6131655,0x5d8fc7,
4986,0x7ff6297e75b0,0xa775b0,6131865,0x5d9099,
4987,0x7ff6297e7a20,0xa77a20,6132232,0x5d9208,
4988,0x7ff6297e82b0,0xa782b0,6132459,0x5d92eb,
4989,0x7ff6297e8780,0xa78780,6132509,0x5d931d,
4990,0x7ff6297e8900,0xa78900,6132719,0x5d93ef,
4991,0x7ff6297e8ee0,0xa78ee0,6132931,0x5d94c3,
4992,0x7ff6297e93f0,0xa793f0,6133072,0x5d9550,
4993,0x7ff6297e9710,0xa79710,6133404,0x5d969c,
4994,0x7ff6297e9e40,0xa79e40,6133595,0x5d975b,
4995,0x7ff6297ea280,0xa7a280,6133657,0x5d9799,
4996,0x7ff6297ea450,0xa7a450,6133717,0x5d97d5,
4997,0x7ff6297ea5e0,0xa7a5e0,6134080,0x5d9940,
4998,0x7ff6297eadc0,0xa7adc0,6136039,0x5da0e7,
4999,0x7ff6297ecff0,0xa7cff0,6136440,0x5da278,
5000,0x7ff6297ed920,0xa7d920,6136704,0x5da380,
5001,0x7ff6297ede70,0xa7de70,6136821,0x5da3f5,
5002,0x7ff6297ee150,0xa7e150,6137186,0x5da562,
5003,0x7ff6297ee910,0xa7e910,6137306,0x5da5da,
5004,0x7ff6297eec60,0xa7ec60,6140262,0x5db166,
5005,0x7ff6297f23e0,0xa823e0,6140313,0x5db199,
5006,0x7ff6297f2580,0xa82580,6140374,0x5db1d6,
5007,0x7ff6297f2730,0xa82730,6140900,0x5db3e4,
5008,0x7ff6297f3230,0xa83230,6141331,0x5db593,
5009,0x7ff6297f39f0,0xa839f0,6141970,0x5db812,
5010,0x7ff6297f4390,0xa84390,6142166,0x5db8d6,
5011,0x7ff6297f47f0,0xa847f0,6142304,0x5db960,
5012,0x7ff6297f4a50,0xa84a50,6143197,0x5dbcdd,
5013,0x7ff6297f59b0,0xa859b0,6143296,0x5dbd40,
5014,0x7ff6297f5b00,0xa85b00,6143599,0x5dbe6f,
5015,0x7ff6297f6090,0xa86090,6144142,0x5dc08e,
5016,0x7ff6297f68d0,0xa868d0,6144234,0x5dc0ea,
5017,0x7ff6297f6a90,0xa86a90,6144297,0x5dc129,
5018,0x7ff6297f6c10,0xa86c10,6144803,0x5dc323,
5019,0x7ff6297f76a0,0xa876a0,6144912,0x5dc390,
5020,0x7ff6297f7960,0xa87960,6146176,0x5dc880,
5021,0x7ff6297f9170,0xa89170,6149888,0x5dd700,
5022,0x7ff6297fce60,0xa8ce60,6151088,0x5ddbb0,
5023,0x7ff6297fe250,0xa8e250,6151774,0x5dde5e,
5024,0x7ff6297fef10,0xa8ef10,6152078,0x5ddf8e,
5025,0x7ff6297ff4f0,0xa8f4f0,6152330,0x5de08a,
5026,0x7ff6297ff9b0,0xa8f9b0,6152400,0x5de0d0,
5027,0x7ff6297ffbd0,0xa8fbd0,6152940,0x5de2ec,
5028,0x7ff628dc6040,0x56040,6152945,0x5de2f1,
5029,0x7ff629800650,0xa90650,6153046,0x5de356,
5030,0x7ff6298008e0,0xa908e0,6153531,0x5de53b,
5031,0x7ff6298013e0,0xa913e0,6153602,0x5de582,
5032,0x7ff629801550,0xa91550,6153664,0x5de5c0,
5033,0x7ff629801710,0xa91710,6153695,0x5de5df,
5034,0x7ff6298017e0,0xa917e0,6154284,0x5de82c,
5035,0x7ff6298022c0,0xa922c0,6154484,0x5de8f4,
5036,0x7ff6298026d0,0xa926d0,6154584,0x5de958,
5037,0x7ff629802950,0xa92950,6154632,0x5de988,
5038,0x7ff629802ad0,0xa92ad0,6154680,0x5de9b8,
5039,0x7ff629802bf0,0xa92bf0,6154861,0x5dea6d,
5040,0x7ff629803000,0xa93000,6154999,0x5deaf7,
5041,0x7ff6298032e0,0xa932e0,6155137,0x5deb81,
5042,0x7ff6298035c0,0xa935c0,6155237,0x5debe5,
5043,0x7ff629803850,0xa93850,6155274,0x5dec0a,
5044,0x7ff629803970,0xa93970,6155346,0x5dec52,
5045,0x7ff629803b10,0xa93b10,6155402,0x5dec8a,
5046,0x7ff629803c20,0xa93c20,6155434,0x5decaa,
5047,0x7ff629803d00,0xa93d00,6155515,0x5decfb,
5048,0x7ff629803f50,0xa93f50,6155550,0x5ded1e,
5049,0x7ff629804040,0xa94040,6155605,0x5ded55,
5050,0x7ff628dc6040,0x56040,6155610,0x5ded5a,
5051,0x7ff628dc6040,0x56040,6155615,0x5ded5f,
5052,0x7ff628dc6040,0x56040,6155620,0x5ded64,
5053,0x7ff628dc6040,0x56040,6155625,0x5ded69,
5054,0x7ff628dc6040,0x56040,6155630,0x5ded6e,
5055,0x7ff628dc6040,0x56040,6155635,0x5ded73,
5056,0x7ff629804190,0xa94190,6156015,0x5deeef,
5057,0x7ff629804a40,0xa94a40,6156061,0x5def1d,
5058,0x7ff629804b70,0xa94b70,6156100,0x5def44,
5059,0x7ff629804c60,0xa94c60,6156168,0x5def88,
5060,0x7ff629804e70,0xa94e70,6156253,0x5defdd,
5061,0x7ff629805060,0xa95060,6156416,0x5df080,
5062,0x7ff629805420,0xa95420,6156528,0x5df0f0,
5063,0x7ff629805680,0xa95680,6157067,0x5df30b,
5064,0x7ff629806230,0xa96230,6157293,0x5df3ed,
5065,0x7ff6298067e0,0xa967e0,6157408,0x5df460,
5066,0x7ff629806a60,0xa96a60,6157783,0x5df5d7,
5067,0x7ff629807220,0xa97220,6158682,0x5df95a,
5068,0x7ff629808750,0xa98750,6159196,0x5dfb5c,
5069,0x7ff6298092d0,0xa992d0,6159342,0x5dfbee,
5070,0x7ff629809600,0xa99600,6159442,0x5dfc52,
5071,0x7ff629809840,0xa99840,6159707,0x5dfd5b,
5072,0x7ff629809e50,0xa99e50,6159808,0x5dfdc0,
5073,0x7ff62980a070,0xa9a070,6159857,0x5dfdf1,
5074,0x7ff62980a1c0,0xa9a1c0,6159867,0x5dfdfb,
5075,0x7ff62980a240,0xa9a240,6159880,0x5dfe08,
5076,0x7ff62980a2d0,0xa9a2d0,6159953,0x5dfe51,
5077,0x7ff62980a4f0,0xa9a4f0,6159983,0x5dfe6f,
5078,0x7ff62980a600,0xa9a600,6160049,0x5dfeb1,
5079,0x7ff62980a800,0xa9a800,6160059,0x5dfebb,
5080,0x7ff62980a880,0xa9a880,6160072,0x5dfec8,
5081,0x7ff62980a910,0xa9a910,6160149,0x5dff15,
5082,0x7ff62980ab60,0xa9ab60,6160183,0x5dff37,
5083,0x7ff62980aca0,0xa9aca0,6160249,0x5dff79,
5084,0x7ff62980aea0,0xa9aea0,6160259,0x5dff83,
5085,0x7ff62980af20,0xa9af20,6160272,0x5dff90,
5086,0x7ff62980afb0,0xa9afb0,6160382,0x5dfffe,
5087,0x7ff62980b1b0,0xa9b1b0,6160724,0x5e0154,
5088,0x7ff62980b900,0xa9b900,6160755,0x5e0173,
5089,0x7ff62980ba60,0xa9ba60,6160896,0x5e0200,
5090,0x7ff62980bde0,0xa9bde0,6161129,0x5e02e9,
5091,0x7ff62980c430,0xa9c430,6161264,0x5e0370,
5092,0x7ff62980c850,0xa9c850,6163772,0x5e0d3c,
5093,0x7ff62980f850,0xa9f850,6163934,0x5e0dde,
5094,0x7ff62980fdf0,0xa9fdf0,6164178,0x5e0ed2,
5095,0x7ff6298106d0,0xaa06d0,6164205,0x5e0eed,
5096,0x7ff629810800,0xaa0800,6164269,0x5e0f2d,
5097,0x7ff6298109e0,0xaa09e0,6164327,0x5e0f67,
5098,0x7ff629810b80,0xaa0b80,6164416,0x5e0fc0,
5099,0x7ff629810e40,0xaa0e40,6164665,0x5e10b9,
5100,0x7ff629811390,0xaa1390,6164821,0x5e1155,
5101,0x7ff629811790,0xaa1790,6164940,0x5e11cc,
5102,0x7ff629811b60,0xaa1b60,6165577,0x5e1449,
5103,0x7ff629812b40,0xaa2b40,6165603,0x5e1463,
5104,0x7ff629812c40,0xaa2c40,6165658,0x5e149a,
5105,0x7ff629812dc0,0xaa2dc0,6166345,0x5e1749,
5106,0x7ff6298139f0,0xaa39f0,6166526,0x5e17fe,
5107,0x7ff629813e70,0xaa3e70,6166632,0x5e1868,
5108,0x7ff6298141a0,0xaa41a0,6167014,0x5e19e6,
5109,0x7ff629814a70,0xaa4a70,6167250,0x5e1ad2,
5110,0x7ff629814c80,0xaa4c80,6167494,0x5e1bc6,
5111,0x7ff629815370,0xaa5370,6167955,0x5e1d93,
5112,0x7ff629815dc0,0xaa5dc0,6168309,0x5e1ef5,
5113,0x7ff6298163d0,0xaa63d0,6168839,0x5e2107,
5114,0x7ff629816e40,0xaa6e40,6169027,0x5e21c3,
5115,0x7ff628dc6040,0x56040,6169032,0x5e21c8,
5116,0x7ff6298172d0,0xaa72d0,6169047,0x5e21d7,
5117,0x7ff629817350,0xaa7350,6169275,0x5e22bb,
5118,0x7ff6298176f0,0xaa76f0,6169590,0x5e23f6,
5119,0x7ff629817de0,0xaa7de0,6169696,0x5e2460,
5120,0x7ff6298180e0,0xaa80e0,6170888,0x5e2908,
5121,0x7ff629819730,0xaa9730,6170909,0x5e291d,
5122,0x7ff629819810,0xaa9810,6170937,0x5e2939,
5123,0x7ff628dc6040,0x56040,6170942,0x5e293e,
5124,0x7ff629819930,0xaa9930,6171152,0x5e2a10,
5125,0x7ff629819d30,0xaa9d30,6171269,0x5e2a85,
5126,0x7ff62981a090,0xaaa090,6172416,0x5e2f00,
5127,0x7ff62981b8a0,0xaab8a0,6172489,0x5e2f49,
5128,0x7ff62981bac0,0xaabac0,6173995,0x5e352b,
5129,0x7ff62981d540,0xaad540,6174098,0x5e3592,
5130,0x7ff62981d660,0xaad660,6174123,0x5e35ab,
5131,0x7ff62981d760,0xaad760,6174782,0x5e383e,
5132,0x7ff62981e760,0xaae760,6174861,0x5e388d,
5133,0x7ff62981ea30,0xaaea30,6174976,0x5e3900,
5134,0x7ff62981ede0,0xaaede0,6177552,0x5e4310,
5135,0x7ff629821d80,0xab1d80,6177579,0x5e432b,
5136,0x7ff629821eb0,0xab1eb0,6177593,0x5e4339,
5137,0x7ff629821f30,0xab1f30,6177604,0x5e4344,
5138,0x7ff629821fb0,0xab1fb0,6177618,0x5e4352,
5139,0x7ff629822030,0xab2030,6177632,0x5e4360,
5140,0x7ff6298220b0,0xab20b0,6177648,0x5e4370,
5141,0x7ff629822130,0xab2130,6177719,0x5e43b7,
5142,0x7ff6298222c0,0xab22c0,6177741,0x5e43cd,
5143,0x7ff6298223a0,0xab23a0,6177800,0x5e4408,
5144,0x7ff629822550,0xab2550,6177848,0x5e4438,
5145,0x7ff6298226b0,0xab26b0,6177917,0x5e447d,
5146,0x7ff6298228c0,0xab28c0,6178015,0x5e44df,
5147,0x7ff629822b80,0xab2b80,6187406,0x5e698e,
5148,0x7ff629835140,0xac5140,6189032,0x5e6fe8,
5149,0x7ff629837830,0xac7830,6189641,0x5e7249,
5150,0x7ff6298380b0,0xac80b0,6189822,0x5e72fe,
5151,0x7ff629838580,0xac8580,6189849,0x5e7319,
5152,0x7ff6298106d0,0xaa06d0,6189876,0x5e7334,
5153,0x7ff6298386b0,0xac86b0,6190410,0x5e754a,
5154,0x7ff629839400,0xac9400,6190498,0x5e75a2,
5155,0x7ff629839730,0xac9730,6190720,0x5e7680,
5156,0x7ff629839d70,0xac9d70,6191995,0x5e7b7b,
5157,0x7ff629839ea0,0xac9ea0,6192192,0x5e7c40,
5158,0x7ff62983a3a0,0xaca3a0,6192356,0x5e7ce4,
5159,0x7ff62983a7e0,0xaca7e0,6192612,0x5e7de4,
5160,0x7ff62983ad80,0xacad80,6193258,0x5e806a,
5161,0x7ff62983be20,0xacbe20,6193490,0x5e8152,
5162,0x7ff62983c530,0xacc530,6193663,0x5e81ff,
5163,0x7ff62983c9c0,0xacc9c0,6193770,0x5e826a,
5164,0x7ff62983cc50,0xaccc50,6193797,0x5e8285,
5165,0x7ff62983cd80,0xaccd80,6193814,0x5e8296,
5166,0x7ff62983ce30,0xacce30,6193886,0x5e82de,
5167,0x7ff62983d090,0xacd090,6194189,0x5e840d,
5168,0x7ff62983d700,0xacd700,6194390,0x5e84d6,
5169,0x7ff62983db70,0xacdb70,6194512,0x5e8550,
5170,0x7ff62983de80,0xacde80,6195627,0x5e89ab,
5171,0x7ff62983fd40,0xacfd40,6195824,0x5e8a70,
5172,0x7ff629840160,0xad0160,6195948,0x5e8aec,
5173,0x7ff6298405f0,0xad05f0,6196190,0x5e8bde,
5174,0x7ff629840c60,0xad0c60,6196483,0x5e8d03,
5175,0x7ff6298410f0,0xad10f0,6196553,0x5e8d49,
5176,0x7ff6298412f0,0xad12f0,6196696,0x5e8dd8,
5177,0x7ff629841700,0xad1700,6196742,0x5e8e06,
5178,0x7ff628dc6040,0x56040,6196747,0x5e8e0b,
5179,0x7ff629841840,0xad1840,6196862,0x5e8e7e,
5180,0x7ff629841a00,0xad1a00,6197147,0x5e8f9b,
5181,0x7ff629842170,0xad2170,6197329,0x5e9051,
5182,0x7ff629842680,0xad2680,6197512,0x5e9108,
5183,0x7ff628dc6040,0x56040,6197517,0x5e910d,
5184,0x7ff629842b80,0xad2b80,6197584,0x5e9150,
5185,0x7ff629842d00,0xad2d00,6197599,0x5e915f,
5186,0x7ff629842e50,0xad2e50,6197624,0x5e9178,
5187,0x7ff629842ed0,0xad2ed0,6197642,0x5e918a,
5188,0x7ff629842f60,0xad2f60,6197657,0x5e9199,
5189,0x7ff629843080,0xad3080,6197667,0x5e91a3,
5190,0x7ff629843160,0xad3160,6197685,0x5e91b5,
5191,0x7ff629843200,0xad3200,6197976,0x5e92d8,
5192,0x7ff629843510,0xad3510,6198041,0x5e9319,
5193,0x7ff6298436b0,0xad36b0,6198157,0x5e938d,
5194,0x7ff629843910,0xad3910,6198326,0x5e9436,
5195,0x7ff629843d40,0xad3d40,6198501,0x5e94e5,
5196,0x7ff629844170,0xad4170,6199002,0x5e96da,
5197,0x7ff629844cb0,0xad4cb0,6199298,0x5e9802,
5198,0x7ff629845400,0xad5400,6199435,0x5e988b,
5199,0x7ff6298457c0,0xad57c0,6199520,0x5e98e0,
5200,0x7ff6298459c0,0xad59c0,6199803,0x5e99fb,
5201,0x7ff629845f50,0xad5f50,6200501,0x5e9cb5,
5202,0x7ff629846fd0,0xad6fd0,6200887,0x5e9e37,
5203,0x7ff629847750,0xad7750,6200958,0x5e9e7e,
5204,0x7ff629847930,0xad7930,6201139,0x5e9f33,
5205,0x7ff629847d10,0xad7d10,6201267,0x5e9fb3,
5206,0x7ff629847fd0,0xad7fd0,6201325,0x5e9fed,
5207,0x7ff629848160,0xad8160,6201497,0x5ea099,
5208,0x7ff629848760,0xad8760,6201748,0x5ea194,
5209,0x7ff629848eb0,0xad8eb0,6202877,0x5ea5fd,
5210,0x7ff62984aa90,0xadaa90,6203262,0x5ea77e,
5211,0x7ff62984b1c0,0xadb1c0,6203291,0x5ea79b,
5212,0x7ff62984b2b0,0xadb2b0,6203316,0x5ea7b4,
5213,0x7ff62984b360,0xadb360,6203344,0x5ea7d0,
5214,0x7ff62984b410,0xadb410,6203402,0x5ea80a,
5215,0x7ff62984b540,0xadb540,6203438,0x5ea82e,
5216,0x7ff62984b620,0xadb620,6203463,0x5ea847,
5217,0x7ff62984b6d0,0xadb6d0,6203584,0x5ea8c0,
5218,0x7ff62984ba70,0xadba70,6203763,0x5ea973,
5219,0x7ff62984bde0,0xadbde0,6204147,0x5eaaf3,
5220,0x7ff62984c590,0xadc590,6204254,0x5eab5e,
5221,0x7ff628dc6040,0x56040,6204272,0x5eab70,
5222,0x7ff62984c820,0xadc820,6204464,0x5eac30,
5223,0x7ff62984cb10,0xadcb10,6204902,0x5eade6,
5224,0x7ff62984d500,0xadd500,6205253,0x5eaf45,
5225,0x7ff62984df60,0xaddf60,6206175,0x5eb2df,
5226,0x7ff62984f4d0,0xadf4d0,6206274,0x5eb342,
5227,0x7ff62984f790,0xadf790,6206318,0x5eb36e,
5228,0x7ff62984f8b0,0xadf8b0,6206353,0x5eb391,
5229,0x7ff62984f9a0,0xadf9a0,6206727,0x5eb507,
5230,0x7ff629850200,0xae0200,6206822,0x5eb566,
5231,0x7ff6298503f0,0xae03f0,6206927,0x5eb5cf,
5232,0x7ff6298505f0,0xae05f0,6214952,0x5ed528,
5233,0x7ff629859cf0,0xae9cf0,6215084,0x5ed5ac,
5234,0x7ff62985a050,0xaea050,6215920,0x5ed8f0,
5235,0x7ff62985b190,0xaeb190,6216337,0x5eda91,
5236,0x7ff62985b9d0,0xaeb9d0,6216793,0x5edc59,
5237,0x7ff62985c160,0xaec160,6217090,0x5edd82,
5238,0x7ff62985c690,0xaec690,6217329,0x5ede71,
5239,0x7ff62985ca90,0xaeca90,6217496,0x5edf18,
5240,0x7ff62985cd70,0xaecd70,6217703,0x5edfe7,
5241,0x7ff62985d0e0,0xaed0e0,6217882,0x5ee09a,
5242,0x7ff62985d3b0,0xaed3b0,6218064,0x5ee150,
5243,0x7ff62985d6a0,0xaed6a0,6219296,0x5ee620,
5244,0x7ff62985e750,0xaee750,6219468,0x5ee6cc,
5245,0x7ff62985ec40,0xaeec40,6219568,0x5ee730,
5246,0x7ff62985ef00,0xaeef00,6219587,0x5ee743,
5247,0x7ff62985efc0,0xaeefc0,6219760,0x5ee7f0,
5248,0x7ff62985f410,0xaef410,6219983,0x5ee8cf,
5249,0x7ff62985f890,0xaef890,6220226,0x5ee9c2,
5250,0x7ff6298601c0,0xaf01c0,6220268,0x5ee9ec,
5251,0x7ff6298602c0,0xaf02c0,6220313,0x5eea19,
5252,0x7ff629860410,0xaf0410,6220368,0x5eea50,
5253,0x7ff629860560,0xaf0560,6220981,0x5eecb5,
5254,0x7ff629861070,0xaf1070,6221230,0x5eedae,
5255,0x7ff629861620,0xaf1620,6221485,0x5eeead,
5256,0x7ff629861be0,0xaf1be0,6221546,0x5eeeea,
5257,0x7ff629861d70,0xaf1d70,6221607,0x5eef27,
5258,0x7ff629861f00,0xaf1f00,6221937,0x5ef071,
5259,0x7ff629862760,0xaf2760,6222100,0x5ef114,
5260,0x7ff629862ba0,0xaf2ba0,6222272,0x5ef1c0,
5261,0x7ff629862fe0,0xaf2fe0,6222465,0x5ef281,
5262,0x7ff629863350,0xaf3350,6222622,0x5ef31e,
5263,0x7ff629863660,0xaf3660,6222783,0x5ef3bf,
5264,0x7ff629863bc0,0xaf3bc0,6222816,0x5ef3e0,
5265,0x7ff629863da0,0xaf3da0,6222860,0x5ef40c,
5266,0x7ff629863ec0,0xaf3ec0,6222895,0x5ef42f,
5267,0x7ff629863fb0,0xaf3fb0,6223006,0x5ef49e,
5268,0x7ff6298642e0,0xaf42e0,6223056,0x5ef4d0,
5269,0x7ff629864440,0xaf4440,6223656,0x5ef728,
5270,0x7ff6298653d0,0xaf53d0,6224029,0x5ef89d,
5271,0x7ff629865c00,0xaf5c00,6224218,0x5ef95a,
5272,0x7ff629866110,0xaf6110,6224330,0x5ef9ca,
5273,0x7ff629866450,0xaf6450,6224442,0x5efa3a,
5274,0x7ff629866790,0xaf6790,6224586,0x5efaca,
5275,0x7ff629866790,0xaf6790,6224730,0x5efb5a,
5276,0x7ff629866bd0,0xaf6bd0,6227074,0x5f0482,
5277,0x7ff62986a1f0,0xafa1f0,6227159,0x5f04d7,
5278,0x7ff62986a4c0,0xafa4c0,6228420,0x5f09c4,
5279,0x7ff62986c4a0,0xafc4a0,6229121,0x5f0c81,
5280,0x7ff62986d580,0xafd580,6231495,0x5f15c7,
5281,0x7ff629870f60,0xb00f60,6232120,0x5f1838,
5282,0x7ff629871da0,0xb01da0,6232689,0x5f1a71,
5283,0x7ff629872bb0,0xb02bb0,6233269,0x5f1cb5,
5284,0x7ff6298739b0,0xb039b0,6233856,0x5f1f00,
5285,0x7ff6298747d0,0xb047d0,6234393,0x5f2119,
5286,0x7ff629875520,0xb05520,6235159,0x5f2417,
5287,0x7ff629876970,0xb06970,6235705,0x5f2639,
5288,0x7ff6298776c0,0xb076c0,6235883,0x5f26eb,
5289,0x7ff629877f00,0xb07f00,6235993,0x5f2759,
5290,0x7ff629878400,0xb08400,6236095,0x5f27bf,
5291,0x7ff6298788c0,0xb088c0,6236216,0x5f2838,
5292,0x7ff629878be0,0xb08be0,6236311,0x5f2897,
5293,0x7ff629879110,0xb09110,6236452,0x5f2924,
5294,0x7ff629879490,0xb09490,6237168,0x5f2bf0,
5295,0x7ff62987a5e0,0xb0a5e0,6237412,0x5f2ce4,
5296,0x7ff62987a9d0,0xb0a9d0,6237704,0x5f2e08,
5297,0x7ff62987adb0,0xb0adb0,6237976,0x5f2f18,
5298,0x7ff62987b240,0xb0b240,6238022,0x5f2f46,
5299,0x7ff62987b570,0xb0b570,6238560,0x5f3160,
5300,0x7ff62987c630,0xb0c630,6238682,0x5f31da,
5301,0x7ff62987c8d0,0xb0c8d0,6239096,0x5f3378,
5302,0x7ff62987cff0,0xb0cff0,6239156,0x5f33b4,
5303,0x7ff62987d150,0xb0d150,6239196,0x5f33dc,
5304,0x7ff62987d250,0xb0d250,6239236,0x5f3404,
5305,0x7ff62987d350,0xb0d350,6239276,0x5f342c,
5306,0x7ff62987d450,0xb0d450,6241972,0x5f3eb4,
5307,0x7ff629881220,0xb11220,6242931,0x5f4273,
5308,0x7ff6298820e0,0xb120e0,6243147,0x5f434b,
5309,0x7ff6298827d0,0xb127d0,6243888,0x5f4630,
5310,0x7ff6298838a0,0xb138a0,6244121,0x5f4719,
5311,0x7ff629883be0,0xb13be0,6244160,0x5f4740,
5312,0x7ff629883cf0,0xb13cf0,6244209,0x5f4771,
5313,0x7ff629883e90,0xb13e90,6244277,0x5f47b5,
5314,0x7ff629884070,0xb14070,6244721,0x5f4971,
5315,0x7ff6298849e0,0xb149e0,6244800,0x5f49c0,
5316,0x7ff629884b40,0xb14b40,6244867,0x5f4a03,
5317,0x7ff628deb110,0x7b110,6244935,0x5f4a47,
5318,0x7ff629884c60,0xb14c60,6245052,0x5f4abc,
5319,0x7ff628dc6040,0x56040,6245057,0x5f4ac1,
5320,0x7ff629885060,0xb15060,6245187,0x5f4b43,
5321,0x7ff629885360,0xb15360,6245466,0x5f4c5a,
5322,0x7ff62926f770,0x4ff770,6245488,0x5f4c70,
5323,0x7ff629885840,0xb15840,6245505,0x5f4c81,
5324,0x7ff6298858f0,0xb158f0,6245515,0x5f4c8b,
5325,0x7ff629885960,0xb15960,6245532,0x5f4c9c,
5326,0x7ff629885a10,0xb15a10,6245542,0x5f4ca6,
5327,0x7ff629885a80,0xb15a80,6245876,0x5f4df4,
5328,0x7ff629886380,0xb16380,6246161,0x5f4f11,
5329,0x7ff629886950,0xb16950,6246466,0x5f5042,
5330,0x7ff629886f80,0xb16f80,6246739,0x5f5153,
5331,0x7ff629887520,0xb17520,6246803,0x5f5193,
5332,0x7ff6298876a0,0xb176a0,6246813,0x5f519d,
5333,0x7ff629887710,0xb17710,6246834,0x5f51b2,
5334,0x7ff6298877f0,0xb177f0,6247247,0x5f534f,
5335,0x7ff6298887f0,0xb187f0,6247273,0x5f5369,
5336,0x7ff6298888d0,0xb188d0,6247427,0x5f5403,
5337,0x7ff629888ce0,0xb18ce0,6247510,0x5f5456,
5338,0x7ff629888f90,0xb18f90,6247580,0x5f549c,
5339,0x7ff6298892f0,0xb192f0,6247930,0x5f55fa,
5340,0x7ff62988a310,0xb1a310,6247955,0x5f5613,
5341,0x7ff62988a430,0xb1a430,6248035,0x5f5663,
5342,0x7ff62988a6f0,0xb1a6f0,6248056,0x5f5678,
5343,0x7ff62988a7d0,0xb1a7d0,6248488,0x5f5828,
5344,0x7ff62988af80,0xb1af80,6249536,0x5f5c40,
5345,0x7ff62988c440,0xb1c440,6249622,0x5f5c96,
5346,0x7ff62988c610,0xb1c610,6249931,0x5f5dcb,
5347,0x7ff62988cc90,0xb1cc90,6250172,0x5f5ebc,
5348,0x7ff62988d1b0,0xb1d1b0,6250313,0x5f5f49,
5349,0x7ff62988d3f0,0xb1d3f0,6250380,0x5f5f8c,
5350,0x7ff62988d580,0xb1d580,6251787,0x5f650b,
5351,0x7ff62988ef00,0xb1ef00,6252359,0x5f6747,
5352,0x7ff62988f960,0xb1f960,6252954,0x5f699a,
5353,0x7ff6298902f0,0xb202f0,6253549,0x5f6bed,
5354,0x7ff629890c80,0xb20c80,6254068,0x5f6df4,
5355,0x7ff629891670,0xb21670,6254668,0x5f704c,
5356,0x7ff629892460,0xb22460,6254789,0x5f70c5,
5357,0x7ff629892740,0xb22740,6255133,0x5f721d,
5358,0x7ff629892ec0,0xb22ec0,6255317,0x5f72d5,
5359,0x7ff629893400,0xb23400,6255460,0x5f7364,
5360,0x7ff629893870,0xb23870,6255689,0x5f7449,
5361,0x7ff629893b60,0xb23b60,6256288,0x5f76a0,
5362,0x7ff629894780,0xb24780,6256462,0x5f774e,
5363,0x7ff629894a40,0xb24a40,6256470,0x5f7756,
5364,0x7ff629894ac0,0xb24ac0,6256664,0x5f7818,
5365,0x7ff629894df0,0xb24df0,6256787,0x5f7893,
5366,0x7ff629895060,0xb25060,6257017,0x5f7979,
5367,0x7ff6298953a0,0xb253a0,6257877,0x5f7cd5,
5368,0x7ff629895ca0,0xb25ca0,6257971,0x5f7d33,
5369,0x7ff629895e40,0xb25e40,6258011,0x5f7d5b,
5370,0x7ff629895f10,0xb25f10,6258075,0x5f7d9b,
5371,0x7ff629896040,0xb26040,6258192,0x5f7e10,
5372,0x7ff6298961d0,0xb261d0,6258584,0x5f7f98,
5373,0x7ff628dc6040,0x56040,6258589,0x5f7f9d,
5374,0x7ff629896a00,0xb26a00,6258929,0x5f80f1,
5375,0x7ff629897100,0xb27100,6259274,0x5f824a,
5376,0x7ff629897920,0xb27920,6260452,0x5f86e4,
5377,0x7ff629898b10,0xb28b10,6260735,0x5f87ff,
5378,0x7ff629898fe0,0xb28fe0,6260979,0x5f88f3,
5379,0x7ff6298993c0,0xb293c0,6263481,0x5f92b9,
5380,0x7ff62989be60,0xb2be60,6263534,0x5f92ee,
5381,0x7ff62989bfe0,0xb2bfe0,6263615,0x5f933f,
5382,0x7ff62989c1f0,0xb2c1f0,6266377,0x5f9e09,
5383,0x7ff6298a0f80,0xb30f80,6266710,0x5f9f56,
5384,0x7ff6298a1550,0xb31550,6267186,0x5fa132,
5385,0x7ff6298a1e70,0xb31e70,6267520,0x5fa280,
5386,0x7ff6298a23c0,0xb323c0,6267817,0x5fa3a9,
5387,0x7ff6298a2880,0xb32880,6268018,0x5fa472,
5388,0x7ff6298a2f50,0xb32f50,6268111,0x5fa4cf,
5389,0x7ff6298a33c0,0xb333c0,6268185,0x5fa519,
5390,0x7ff6298a35a0,0xb335a0,6268512,0x5fa660,
5391,0x7ff6298a3dc0,0xb33dc0,6268555,0x5fa68b,
5392,0x7ff6298a3ef0,0xb33ef0,6268604,0x5fa6bc,
5393,0x7ff6298a4040,0xb34040,6268661,0x5fa6f5,
5394,0x7ff6298a4180,0xb34180,6268769,0x5fa761,
5395,0x7ff6298a43e0,0xb343e0,6268802,0x5fa782,
5396,0x7ff6298a44e0,0xb344e0,6268893,0x5fa7dd,
5397,0x7ff6298a4840,0xb34840,6268920,0x5fa7f8,
5398,0x7ff6298a4950,0xb34950,6269039,0x5fa86f,
5399,0x7ff6298a4c90,0xb34c90,6269163,0x5fa8eb,
5400,0x7ff6298a4ff0,0xb34ff0,6269205,0x5fa915,
5401,0x7ff6298a51a0,0xb351a0,6269317,0x5fa985,
5402,0x7ff6298a54c0,0xb354c0,6269369,0x5fa9b9,
5403,0x7ff6298a5660,0xb35660,6269585,0x5faa91,
5404,0x7ff6298a5b40,0xb35b40,6269808,0x5fab70,
5405,0x7ff6298a6120,0xb36120,6269953,0x5fac01,
5406,0x7ff6298a6230,0xb36230,6270031,0x5fac4f,
5407,0x7ff6298a6450,0xb36450,6270220,0x5fad0c,
5408,0x7ff6298a6700,0xb36700,6270230,0x5fad16,
5409,0x7ff6298a6700,0xb36700,6270240,0x5fad20,
5410,0x7ff6298a6780,0xb36780,6270250,0x5fad2a,
5411,0x7ff6298a6800,0xb36800,6270260,0x5fad34,
5412,0x7ff6298a6880,0xb36880,6270270,0x5fad3e,
5413,0x7ff6298a6900,0xb36900,6270285,0x5fad4d,
5414,0x7ff6298a6990,0xb36990,6270300,0x5fad5c,
5415,0x7ff6298a6a20,0xb36a20,6270315,0x5fad6b,
5416,0x7ff6298a6ab0,0xb36ab0,6270330,0x5fad7a,
5417,0x7ff6298a6b40,0xb36b40,6270340,0x5fad84,
5418,0x7ff6298a6bc0,0xb36bc0,6270350,0x5fad8e,
5419,0x7ff6298a6c40,0xb36c40,6270360,0x5fad98,
5420,0x7ff6298a6cc0,0xb36cc0,6270370,0x5fada2,
5421,0x7ff6298a6d40,0xb36d40,6270380,0x5fadac,
5422,0x7ff6298a6dc0,0xb36dc0,6270390,0x5fadb6,
5423,0x7ff6298a6e40,0xb36e40,6270420,0x5fadd4,
5424,0x7ff6298a6f10,0xb36f10,6270907,0x5fafbb,
5425,0x7ff6298a7630,0xb37630,6270937,0x5fafd9,
5426,0x7ff6298a7700,0xb37700,6270982,0x5fb006,
5427,0x7ff6298a7880,0xb37880,6271022,0x5fb02e,
5428,0x7ff6298a79d0,0xb379d0,6271083,0x5fb06b,
5429,0x7ff6298a7b50,0xb37b50,6271186,0x5fb0d2,
5430,0x7ff6298a7e30,0xb37e30,6271291,0x5fb13b,
5431,0x7ff6298a7f10,0xb37f10,6271386,0x5fb19a,
5432,0x7ff6298a7ff0,0xb37ff0,6271498,0x5fb20a,
5433,0x7ff6298a81d0,0xb381d0,6271744,0x5fb300,
5434,0x7ff6298a8660,0xb38660,6271759,0x5fb30f,
5435,0x7ff6298a86d0,0xb386d0,6271873,0x5fb381,
5436,0x7ff6298a88b0,0xb388b0,6271929,0x5fb3b9,
5437,0x7ff6298a8a80,0xb38a80,6271998,0x5fb3fe,
5438,0x7ff6298a8ca0,0xb38ca0,6272086,0x5fb456,
5439,0x7ff6298a8f30,0xb38f30,6272182,0x5fb4b6,
5440,0x7ff6298a91d0,0xb391d0,6272220,0x5fb4dc,
5441,0x7ff6298a9330,0xb39330,6272324,0x5fb544,
5442,0x7ff6298a95f0,0xb395f0,6272367,0x5fb56f,
5443,0x7ff6298a9790,0xb39790,6272438,0x5fb5b6,
5444,0x7ff6298a9950,0xb39950,6272509,0x5fb5fd,
5445,0x7ff6298a9b10,0xb39b10,6272847,0x5fb74f,
5446,0x7ff628dc6040,0x56040,6272852,0x5fb754,
5447,0x7ff6298aa2e0,0xb3a2e0,6274271,0x5fbcdf,
5448,0x7ff6298abee0,0xb3bee0,6274351,0x5fbd2f,
5449,0x7ff6298ac0a0,0xb3c0a0,6275570,0x5fc1f2,
5450,0x7ff6298ada30,0xb3da30,6275786,0x5fc2ca,
5451,0x7ff6298adee0,0xb3dee0,6275999,0x5fc39f,
5452,0x7ff6298ae1a0,0xb3e1a0,6276022,0x5fc3b6,
5453,0x7ff6298ae220,0xb3e220,6276395,0x5fc52b,
5454,0x7ff6298ae730,0xb3e730,6276740,0x5fc684,
5455,0x7ff6298aed40,0xb3ed40,6277086,0x5fc7de,
5456,0x7ff6298af390,0xb3f390,6277487,0x5fc96f,
5457,0x7ff6298af920,0xb3f920,6277713,0x5fca51,
5458,0x7ff6298afdb0,0xb3fdb0,6277774,0x5fca8e,
5459,0x7ff6298aff00,0xb3ff00,6277862,0x5fcae6,
5460,0x7ff6298b0090,0xb40090,6278005,0x5fcb75,
5461,0x7ff6298b0340,0xb40340,6278509,0x5fcd6d,
5462,0x7ff6298b0ae0,0xb40ae0,6278739,0x5fce53,
5463,0x7ff6298b0ed0,0xb40ed0,6278790,0x5fce86,
5464,0x7ff6298b0fd0,0xb40fd0,6278805,0x5fce95,
5465,0x7ff6298b1040,0xb41040,6279092,0x5fcfb4,
5466,0x7ff6298b1440,0xb41440,6279347,0x5fd0b3,
5467,0x7ff6298b1840,0xb41840,6279442,0x5fd112,
5468,0x7ff6298b1a70,0xb41a70,6279749,0x5fd245,
5469,0x7ff6298b1ec0,0xb41ec0,6279926,0x5fd2f6,
5470,0x7ff6298b2230,0xb42230,6280096,0x5fd3a0,
5471,0x7ff6298b2600,0xb42600,6281266,0x5fd832,
5472,0x7ff6298b3d70,0xb43d70,6281381,0x5fd8a5,
5473,0x7ff6298b3f00,0xb43f00,6281415,0x5fd8c7,
5474,0x7ff6298b3f90,0xb43f90,6281453,0x5fd8ed,
5475,0x7ff6298b4030,0xb44030,6281560,0x5fd958,
5476,0x7ff6298b4210,0xb44210,6284860,0x5fe63c,
5477,0x7ff6298b7700,0xb47700,6285080,0x5fe718,
5478,0x7ff6298b7a80,0xb47a80,6285169,0x5fe771,
5479,0x7ff6298b7c40,0xb47c40,6285312,0x5fe800,
5480,0x7ff6298b7f50,0xb47f50,6285519,0x5fe8cf,
5481,0x7ff6298b81f0,0xb481f0,6285595,0x5fe91b,
5482,0x7ff6298b83b0,0xb483b0,6287200,0x5fef60,
5483,0x7ff6298ba1b0,0xb4a1b0,6288096,0x5ff2e0,
5484,0x7ff6298bb0b0,0xb4b0b0,6288185,0x5ff339,
5485,0x7ff628dc6040,0x56040,6288190,0x5ff33e,
5486,0x7ff6298bb2a0,0xb4b2a0,6288266,0x5ff38a,
5487,0x7ff6298bb480,0xb4b480,6289040,0x5ff690,
5488,0x7ff6298bc5f0,0xb4c5f0,6289148,0x5ff6fc,
5489,0x7ff6298bc8d0,0xb4c8d0,6289216,0x5ff740,
5490,0x7ff6298bcab0,0xb4cab0,6289507,0x5ff863,
5491,0x7ff6298bd150,0xb4d150,6289813,0x5ff995,
5492,0x7ff6298bd820,0xb4d820,6290096,0x5ffab0,
5493,0x7ff6298bdde0,0xb4dde0,6290390,0x5ffbd6,
5494,0x7ff6298be710,0xb4e710,6290665,0x5ffce9,
5495,0x7ff6298bee00,0xb4ee00,6291269,0x5fff45,
5496,0x7ff6298bfbe0,0xb4fbe0,6291890,0x6001b2,
5497,0x7ff6298c08e0,0xb508e0,6291990,0x600216,
5498,0x7ff6298c0b90,0xb50b90,6292039,0x600247,
5499,0x7ff6298c0d20,0xb50d20,6292620,0x60048c,
5500,0x7ff6298c19a0,0xb519a0,6292855,0x600577,
5501,0x7ff6298c1f80,0xb51f80,6293064,0x600648,
5502,0x7ff6298c2480,0xb52480,6293174,0x6006b6,
5503,0x7ff6298c2740,0xb52740,6293404,0x60079c,
5504,0x7ff6298c2bf0,0xb52bf0,6293515,0x60080b,
5505,0x7ff6298c2eb0,0xb52eb0,6293744,0x6008f0,
5506,0x7ff6298c3340,0xb53340,6294228,0x600ad4,
5507,0x7ff6298c3cd0,0xb53cd0,6294481,0x600bd1,
5508,0x7ff6298c4210,0xb54210,6294715,0x600cbb,
5509,0x7ff6298c4760,0xb54760,6294939,0x600d9b,
5510,0x7ff6298c4cd0,0xb54cd0,6295025,0x600df1,
5511,0x7ff6298c4f40,0xb54f40,6295432,0x600f88,
5512,0x7ff6298c5750,0xb55750,6295461,0x600fa5,
5513,0x7ff6298c5850,0xb55850,6295877,0x601145,
5514,0x7ff6298c5f60,0xb55f60,6296277,0x6012d5,
5515,0x7ff6298c6710,0xb56710,6296623,0x60142f,
5516,0x7ff6298c6f30,0xb56f30,6296901,0x601545,
5517,0x7ff6298c7530,0xb57530,6297233,0x601691,
5518,0x7ff6298c7d10,0xb57d10,6297281,0x6016c1,
5519,0x7ff6298c7e70,0xb57e70,6297322,0x6016ea,
5520,0x7ff6298c7fb0,0xb57fb0,6297744,0x601890,
5521,0x7ff6298c88b0,0xb588b0,6297952,0x601960,
5522,0x7ff6298c8d40,0xb58d40,6298087,0x6019e7,
5523,0x7ff6298c9070,0xb59070,6299865,0x6020d9,
5524,0x7ff6298cb4f0,0xb5b4f0,6300046,0x60218e,
5525,0x7ff6298cb8e0,0xb5b8e0,6301619,0x6027b3,
5526,0x7ff6298cd350,0xb5d350,6301634,0x6027c2,
5527,0x7ff6298cd3f0,0xb5d3f0,6301803,0x60286b,
5528,0x7ff6298cd700,0xb5d700,6302200,0x6029f8,
5529,0x7ff628dc6040,0x56040,6302205,0x6029fd,
5530,0x7ff6298cdec0,0xb5dec0,6302609,0x602b91,
5531,0x7ff6298ce890,0xb5e890,6303118,0x602d8e,
5532,0x7ff6298cf620,0xb5f620,6303613,0x602f7d,
5533,0x7ff6298d0340,0xb60340,6303977,0x6030e9,
5534,0x7ff6298d0cd0,0xb60cd0,6304304,0x603230,
5535,0x7ff6298d15e0,0xb615e0,6304717,0x6033cd,
5536,0x7ff6298d1d10,0xb61d10,6304833,0x603441,
5537,0x7ff6298d1f40,0xb61f40,6304994,0x6034e2,
5538,0x7ff6298d2360,0xb62360,6305471,0x6036bf,
5539,0x7ff6298d2cb0,0xb62cb0,6305553,0x603711,
5540,0x7ff6298d2eb0,0xb62eb0,6305675,0x60378b,
5541,0x7ff6298d30f0,0xb630f0,6307687,0x603f67,
5542,0x7ff6298d5740,0xb65740,6307764,0x603fb4,
5543,0x7ff6298d5900,0xb65900,6307849,0x604009,
5544,0x7ff6298d5af0,0xb65af0,6308278,0x6041b6,
5545,0x7ff6298d6200,0xb66200,6308360,0x604208,
5546,0x7ff6298d6430,0xb66430,6309543,0x6046a7,
5547,0x7ff6298d7870,0xb67870,6309804,0x6047ac,
5548,0x7ff6298d7ca0,0xb67ca0,6309963,0x60484b,
5549,0x7ff6298d7f90,0xb67f90,6310150,0x604906,
5550,0x7ff6298d82c0,0xb682c0,6310192,0x604930,
5551,0x7ff6298d8390,0xb68390,6310352,0x6049d0,
5552,0x7ff6298d8760,0xb68760,6310473,0x604a49,
5553,0x7ff6298d8a40,0xb68a40,6311783,0x604f67,
5554,0x7ff6298da070,0xb6a070,6312097,0x6050a1,
5555,0x7ff6298da7e0,0xb6a7e0,6312448,0x605200,
5556,0x7ff6298daf80,0xb6af80,6313849,0x605779,
5557,0x7ff6298dc7d0,0xb6c7d0,6314047,0x60583f,
5558,0x7ff6298dcc40,0xb6cc40,6314657,0x605aa1,
5559,0x7ff6298dd990,0xb6d990,6314862,0x605b6e,
5560,0x7ff6298dde40,0xb6de40,6315089,0x605c51,
5561,0x7ff6298de2e0,0xb6e2e0,6315353,0x605d59,
5562,0x7ff6298de8f0,0xb6e8f0,6315587,0x605e43,
5563,0x7ff6298ded50,0xb6ed50,6316445,0x60619d,
5564,0x7ff6298e0270,0xb70270,6316970,0x6063aa,
5565,0x7ff6298e0c30,0xb70c30,6317134,0x60644e,
5566,0x7ff6298e0f50,0xb70f50,6318142,0x60683e,
5567,0x7ff6298e2710,0xb72710,6318381,0x60692d,
5568,0x7ff6298e2c60,0xb72c60,6318672,0x606a50,
5569,0x7ff6298e32e0,0xb732e0,6318751,0x606a9f,
5570,0x7ff628dc6040,0x56040,6318756,0x606aa4,
5571,0x7ff6298e34f0,0xb734f0,6318774,0x606ab6,
5572,0x7ff6298e3590,0xb73590,6318843,0x606afb,
5573,0x7ff6298e37f0,0xb737f0,6318913,0x606b41,
5574,0x7ff6298e3a00,0xb73a00,6319420,0x606d3c,
5575,0x7ff6298e4420,0xb74420,6319723,0x606e6b,
5576,0x7ff6298e4a50,0xb74a50,6319904,0x606f20,
5577,0x7ff6298e4e80,0xb74e80,6320178,0x607032,
5578,0x7ff6298e5480,0xb75480,6320419,0x607123,
5579,0x7ff6298e59d0,0xb759d0,6321276,0x60747c,
5580,0x7ff6298e6ea0,0xb76ea0,6321431,0x607517,
5581,0x7ff6298e72a0,0xb772a0,6321520,0x607570,
5582,0x7ff6298e74d0,0xb774d0,6321790,0x60767e,
5583,0x7ff6298e7a50,0xb77a50,6321959,0x607727,
5584,0x7ff6298e7e90,0xb77e90,6322304,0x607880,
5585,0x7ff628dc6040,0x56040,6322309,0x607885,
5586,0x7ff6298e8580,0xb78580,6322949,0x607b05,
5587,0x7ff6298e9090,0xb79090,6323010,0x607b42,
5588,0x7ff6298e9230,0xb79230,6323089,0x607b91,
5589,0x7ff6298e9430,0xb79430,6323149,0x607bcd,
5590,0x7ff6298e96f0,0xb796f0,6323397,0x607cc5,
5591,0x7ff6298e9ca0,0xb79ca0,6325931,0x6086ab,
5592,0x7ff6298ee0c0,0xb7e0c0,6328737,0x6091a1,
5593,0x7ff6298f2a00,0xb82a00,6328786,0x6091d2,
5594,0x7ff6298f2b80,0xb82b80,6328828,0x6091fc,
5595,0x7ff6298f2cb0,0xb82cb0,6329026,0x6092c2,
5596,0x7ff6298f2fb0,0xb82fb0,6329235,0x609393,
5597,0x7ff6298f3330,0xb83330,6329376,0x609420,
5598,0x7ff6298f3680,0xb83680,6330184,0x609748,
5599,0x7ff6298f4450,0xb84450,6330573,0x6098cd,
5600,0x7ff6298f4b80,0xb84b80,6330841,0x6099d9,
5601,0x7ff6298f5050,0xb85050,6330872,0x6099f8,
5602,0x7ff6298f5110,0xb85110,6331785,0x609d89,
5603,0x7ff6298f6490,0xb86490,6331820,0x609dac,
5604,0x7ff6298f6550,0xb86550,6331855,0x609dcf,
5605,0x7ff6298f6610,0xb86610,6331890,0x609df2,
5606,0x7ff6298f66d0,0xb866d0,6331967,0x609e3f,
5607,0x7ff6298f6800,0xb86800,6332023,0x609e77,
5608,0x7ff6298f6940,0xb86940,6332129,0x609ee1,
5609,0x7ff6298f6b60,0xb86b60,6332163,0x609f03,
5610,0x7ff6298f6c60,0xb86c60,6332239,0x609f4f,
5611,0x7ff6298f6fd0,0xb86fd0,6332768,0x60a160,
5612,0x7ff6298f8190,0xb88190,6333520,0x60a450,
5613,0x7ff6298f95a0,0xb895a0,6333638,0x60a4c6,
5614,0x7ff6298f9860,0xb89860,6333776,0x60a550,
5615,0x7ff6298f9d00,0xb89d00,6334082,0x60a682,
5616,0x7ff6298fa330,0xb8a330,6334334,0x60a77e,
5617,0x7ff6298faa30,0xb8aa30,6334532,0x60a844,
5618,0x7ff6298faf80,0xb8af80,6334705,0x60a8f1,
5619,0x7ff6298fb3a0,0xb8b3a0,6334828,0x60a96c,
5620,0x7ff6298fb620,0xb8b620,6334890,0x60a9aa,
5621,0x7ff6298fb7f0,0xb8b7f0,6335242,0x60ab0a,
5622,0x7ff6298fbeb0,0xb8beb0,6336048,0x60ae30,
5623,0x7ff6298fd8b0,0xb8d8b0,6336157,0x60ae9d,
5624,0x7ff6298fdce0,0xb8dce0,6336266,0x60af0a,
5625,0x7ff6298fe100,0xb8e100,6336375,0x60af77,
5626,0x7ff6298fe530,0xb8e530,6336484,0x60afe4,
5627,0x7ff6298fe950,0xb8e950,6337120,0x60b260,
5628,0x7ff6298ff7c0,0xb8f7c0,6337191,0x60b2a7,
5629,0x7ff6298ff910,0xb8f910,6337222,0x60b2c6,
5630,0x7ff6298ff9d0,0xb8f9d0,6338291,0x60b6f3,
5631,0x7ff629900b80,0xb90b80,6339024,0x60b9d0,
5632,0x7ff629901830,0xb91830,6339274,0x60baca,
5633,0x7ff628dc6040,0x56040,6339279,0x60bacf,
5634,0x7ff6299022d0,0xb922d0,6339416,0x60bb58,
5635,0x7ff629902510,0xb92510,6339483,0x60bb9b,
5636,0x7ff629902660,0xb92660,6339834,0x60bcfa,
5637,0x7ff629902a20,0xb92a20,6342275,0x60c683,
5638,0x7ff629904fe0,0xb94fe0,6342603,0x60c7cb,
5639,0x7ff6299055a0,0xb955a0,6342989,0x60c94d,
5640,0x7ff629905d30,0xb95d30,6344230,0x60ce26,
5641,0x7ff6299074a0,0xb974a0,6345371,0x60d29b,
5642,0x7ff629908790,0xb98790,6345925,0x60d4c5,
5643,0x7ff6299091e0,0xb991e0,6345971,0x60d4f3,
5644,0x7ff629909300,0xb99300,6346057,0x60d549,
5645,0x7ff629909480,0xb99480,6346098,0x60d572,
5646,0x7ff629909560,0xb99560,6346768,0x60d810,
5647,0x7ff62990a440,0xb9a440,6346807,0x60d837,
5648,0x7ff62990a550,0xb9a550,6347353,0x60da59,
5649,0x7ff62990aed0,0xb9aed0,6347405,0x60da8d,
5650,0x7ff62990b070,0xb9b070,6347476,0x60dad4,
5651,0x7ff62990b250,0xb9b250,6348013,0x60dced,
5652,0x7ff62990bb00,0xb9bb00,6348409,0x60de79,
5653,0x7ff62990c240,0xb9c240,6348614,0x60df46,
5654,0x7ff62990c700,0xb9c700,6348694,0x60df96,
5655,0x7ff62990c8f0,0xb9c8f0,6348911,0x60e06f,
5656,0x7ff62990d170,0xb9d170,6348989,0x60e0bd,
5657,0x7ff62990d480,0xb9d480,6348992,0x60e0c0,
5658,0x7ff62990e960,0xb9e960,6349917,0x60e45d,
5659,0x7ff62990e990,0xb9e990,6350045,0x60e4dd,
5660,0x7ff628deb110,0x7b110,6350113,0x60e521,
5661,0x7ff62990ebb0,0xb9ebb0,6350220,0x60e58c,
5662,0x7ff62990eda0,0xb9eda0,6350248,0x60e5a8,
5663,0x7ff62990ee80,0xb9ee80,6350263,0x60e5b7,
5664,0x7ff62990eef0,0xb9eef0,6351212,0x60e96c,
5665,0x7ff629910510,0xba0510,6352177,0x60ed31,
5666,0x7ff628df2100,0x82100,6352249,0x60ed79,
5667,0x7ff629911c00,0xba1c00,6352266,0x60ed8a,
5668,0x7ff629911c80,0xba1c80,6352545,0x60eea1,
5669,0x7ff629912220,0xba2220,6352562,0x60eeb2,
5670,0x7ff629912300,0xba2300,6354522,0x60f65a,
5671,0x7ff629913ff0,0xba3ff0,6354768,0x60f750,
5672,0x7ff629914520,0xba4520,6355581,0x60fa7d,
5673,0x7ff629915270,0xba5270,6356332,0x60fd6c,
5674,0x7ff629915f30,0xba5f30,6357790,0x61031e,
5675,0x7ff629917500,0xba7500,6359009,0x6107e1,
5676,0x7ff629918910,0xba8910,6359019,0x6107eb,
5677,0x7ff629918980,0xba8980,6359064,0x610818,
5678,0x7ff629918a70,0xba8a70,6359411,0x610973,
5679,0x7ff629918f90,0xba8f90,6359478,0x6109b6,
5680,0x7ff629919120,0xba9120,6359545,0x6109f9,
5681,0x7ff629918f90,0xba8f90,6359612,0x610a3c,
5682,0x7ff6299192b0,0xba92b0,6359693,0x610a8d,
5683,0x7ff6299194a0,0xba94a0,6359806,0x610afe,
5684,0x7ff629919720,0xba9720,6360163,0x610c63,
5685,0x7ff629919e40,0xba9e40,6360520,0x610dc8,
5686,0x7ff62991a570,0xbaa570,6361240,0x611098,
5687,0x7ff62991b330,0xbab330,6361346,0x611102,
5688,0x7ff62991b580,0xbab580,6361454,0x61116e,
5689,0x7ff62991b7c0,0xbab7c0,6361560,0x6111d8,
5690,0x7ff62991ba10,0xbaba10,6362320,0x6114d0,
5691,0x7ff62991c600,0xbac600,6362541,0x6115ad,
5692,0x7ff62991ca80,0xbaca80,6362695,0x611647,
5693,0x7ff62991cd30,0xbacd30,6362790,0x6116a6,
5694,0x7ff62991cef0,0xbacef0,6362911,0x61171f,
5695,0x7ff62991d120,0xbad120,6363083,0x6117cb,
5696,0x7ff62991d410,0xbad410,6363785,0x611a89,
5697,0x7ff62991e010,0xbae010,6363906,0x611b02,
5698,0x7ff62991e240,0xbae240,6364078,0x611bae,
5699,0x7ff62991e530,0xbae530,6364699,0x611e1b,
5700,0x7ff62991f180,0xbaf180,6364820,0x611e94,
5701,0x7ff62991f3b0,0xbaf3b0,6364992,0x611f40,
5702,0x7ff62991f6a0,0xbaf6a0,6365709,0x61220d,
5703,0x7ff629920350,0xbb0350,6365789,0x61225d,
5704,0x7ff629920500,0xbb0500,6365872,0x6122b0,
5705,0x7ff6299206b0,0xbb06b0,6365955,0x612303,
5706,0x7ff629920860,0xbb0860,6366178,0x6123e2,
5707,0x7ff629920c30,0xbb0c30,6366314,0x61246a,
5708,0x7ff629920f30,0xbb0f30,6366450,0x6124f2,
5709,0x7ff629921230,0xbb1230,6366586,0x61257a,
5710,0x7ff629921530,0xbb1530,6366770,0x612632,
5711,0x7ff6299218e0,0xbb18e0,6366954,0x6126ea,
5712,0x7ff629921c90,0xbb1c90,6367138,0x6127a2,
5713,0x7ff629922040,0xbb2040,6368572,0x612d3c,
5714,0x7ff629923600,0xbb3600,6368839,0x612e47,
5715,0x7ff629923a50,0xbb3a50,6369328,0x613030,
5716,0x7ff6299242f0,0xbb42f0,6369402,0x61307a,
5717,0x7ff629924460,0xbb4460,6369526,0x6130f6,
5718,0x7ff6299246d0,0xbb46d0,6369601,0x613141,
5719,0x7ff629924880,0xbb4880,6369732,0x6131c4,
5720,0x7ff629924b00,0xbb4b00,6370309,0x613405,
5721,0x7ff629925490,0xbb5490,6370435,0x613483,
5722,0x7ff6299256b0,0xbb56b0,6370496,0x6134c0,
5723,0x7ff6299257e0,0xbb57e0,6371082,0x61370a,
5724,0x7ff6299261a0,0xbb61a0,6371261,0x6137bd,
5725,0x7ff6299264a0,0xbb64a0,6371321,0x6137f9,
5726,0x7ff629926620,0xbb6620,6371604,0x613914,
5727,0x7ff629926c70,0xbb6c70,6371885,0x613a2d,
5728,0x7ff6299272c0,0xbb72c0,6372040,0x613ac8,
5729,0x7ff629927650,0xbb7650,6372065,0x613ae1,
5730,0x7ff6299276f0,0xbb76f0,6372090,0x613afa,
5731,0x7ff629927790,0xbb7790,6372115,0x613b13,
5732,0x7ff629927830,0xbb7830,6372259,0x613ba3,
5733,0x7ff629927b20,0xbb7b20,6372571,0x613cdb,
5734,0x7ff6299280f0,0xbb80f0,6372734,0x613d7e,
5735,0x7ff6299284b0,0xbb84b0,6372895,0x613e1f,
5736,0x7ff6299287d0,0xbb87d0,6373071,0x613ecf,
5737,0x7ff629928b30,0xbb8b30,6373337,0x613fd9,
5738,0x7ff6299290a0,0xbb90a0,6373411,0x614023,
5739,0x7ff629929210,0xbb9210,6373489,0x614071,
5740,0x7ff6299293a0,0xbb93a0,6373567,0x6140bf,
5741,0x7ff629929530,0xbb9530,6373717,0x614155,
5742,0x7ff6299297e0,0xbb97e0,6373836,0x6141cc,
5743,0x7ff629929a20,0xbb9a20,6373914,0x61421a,
5744,0x7ff629929bb0,0xbb9bb0,6373992,0x614268,
5745,0x7ff629929d40,0xbb9d40,6374070,0x6142b6,
5746,0x7ff629929ed0,0xbb9ed0,6374101,0x6142d5,
5747,0x7ff629929f90,0xbb9f90,6374227,0x614353,
5748,0x7ff62992a1d0,0xbba1d0,6374436,0x614424,
5749,0x7ff62992a510,0xbba510,6374693,0x614525,
5750,0x7ff62992a970,0xbba970,6374909,0x6145fd,
5751,0x7ff62992ad40,0xbbad40,6375498,0x61484a,
5752,0x7ff62992b7c0,0xbbb7c0,6375845,0x6149a5,
5753,0x7ff62992bc40,0xbbbc40,6376158,0x614ade,
5754,0x7ff62992c0b0,0xbbc0b0,6377022,0x614e3e,
5755,0x7ff62992cf20,0xbbcf20,6377885,0x61519d,
5756,0x7ff62992dd50,0xbbdd50,6378097,0x615271,
5757,0x7ff62992e0a0,0xbbe0a0,6378252,0x61530c,
5758,0x7ff62992e330,0xbbe330,6379496,0x6157e8,
5759,0x7ff62992f560,0xbbf560,6380020,0x6159f4,
5760,0x7ff62992fcc0,0xbbfcc0,6380580,0x615c24,
5761,0x7ff629930490,0xbc0490,6380707,0x615ca3,
5762,0x7ff629930700,0xbc0700,6381254,0x615ec6,
5763,0x7ff629930f50,0xbc0f50,6382560,0x6163e0,
5764,0x7ff6299322f0,0xbc22f0,6382660,0x616444,
5765,0x7ff6299324f0,0xbc24f0,6382710,0x616476,
5766,0x7ff629932640,0xbc2640,6384010,0x61698a,
5767,0x7ff629933980,0xbc3980,6384062,0x6169be,
5768,0x7ff629933ad0,0xbc3ad0,6384164,0x616a24,
5769,0x7ff629933cd0,0xbc3cd0,6384667,0x616c1b,
5770,0x7ff6299345c0,0xbc45c0,6384719,0x616c4f,
5771,0x7ff629934710,0xbc4710,6384821,0x616cb5,
5772,0x7ff629934910,0xbc4910,6386408,0x6172e8,
5773,0x7ff6299362f0,0xbc62f0,6387187,0x6175f3,
5774,0x7ff629936f80,0xbc6f80,6387457,0x617701,
5775,0x7ff629937370,0xbc7370,6387765,0x617835,
5776,0x7ff629937710,0xbc7710,6388495,0x617b0f,
5777,0x7ff629938240,0xbc8240,6389858,0x618062,
5778,0x7ff6299397b0,0xbc97b0,6390077,0x61813d,
5779,0x7ff629939b20,0xbc9b20,6390217,0x6181c9,
5780,0x7ff629939d80,0xbc9d80,6390355,0x618253,
5781,0x7ff629939fe0,0xbc9fe0,6390495,0x6182df,
5782,0x7ff62993a240,0xbca240,6390633,0x618369,
5783,0x7ff62993a4a0,0xbca4a0,6390771,0x6183f3,
5784,0x7ff62993a700,0xbca700,6390938,0x61849a,
5785,0x7ff62993a9d0,0xbca9d0,6391083,0x61852b,
5786,0x7ff62993ac90,0xbcac90,6391316,0x618614,
5787,0x7ff62993b0a0,0xbcb0a0,6391462,0x6186a6,
5788,0x7ff62993b370,0xbcb370,6391659,0x61876b,
5789,0x7ff62993b720,0xbcb720,6391954,0x618892,
5790,0x7ff62993bca0,0xbcbca0,6392321,0x618a01,
5791,0x7ff62993c320,0xbcc320,6392448,0x618a80,
5792,0x7ff62993c590,0xbcc590,6392575,0x618aff,
5793,0x7ff62993c800,0xbcc800,6392840,0x618c08,
5794,0x7ff62993cc80,0xbccc80,6393061,0x618ce5,
5795,0x7ff62993d040,0xbcd040,6393277,0x618dbd,
5796,0x7ff62993d3f0,0xbcd3f0,6393395,0x618e33,
5797,0x7ff62993d650,0xbcd650,6393475,0x618e83,
5798,0x7ff62993d7e0,0xbcd7e0,6393734,0x618f86,
5799,0x7ff62993dd40,0xbcdd40,6393866,0x61900a,
5800,0x7ff62993dfd0,0xbcdfd0,6393990,0x619086,
5801,0x7ff62993e260,0xbce260,6394411,0x61922b,
5802,0x7ff62993ea40,0xbcea40,6394548,0x6192b4,
5803,0x7ff62993ed70,0xbced70,6394805,0x6193b5,
5804,0x7ff62993f240,0xbcf240,6394897,0x619411,
5805,0x7ff62993f420,0xbcf420,6395000,0x619478,
5806,0x7ff62993f620,0xbcf620,6395170,0x619522,
5807,0x7ff62993fa70,0xbcfa70,6395266,0x619582,
5808,0x7ff62993fca0,0xbcfca0,6395355,0x6195db,
5809,0x7ff62993fed0,0xbcfed0,6395451,0x61963b,
5810,0x7ff629940100,0xbd0100,6395540,0x619694,
5811,0x7ff629940330,0xbd0330,6395636,0x6196f4,
5812,0x7ff629940560,0xbd0560,6395725,0x61974d,
5813,0x7ff629940790,0xbd0790,6395821,0x6197ad,
5814,0x7ff6299409c0,0xbd09c0,6395945,0x619829,
5815,0x7ff629940cb0,0xbd0cb0,6396034,0x619882,
5816,0x7ff629940ee0,0xbd0ee0,6396150,0x6198f6,
5817,0x7ff6299411d0,0xbd11d0,6396246,0x619956,
5818,0x7ff629941400,0xbd1400,6396367,0x6199cf,
5819,0x7ff6299416c0,0xbd16c0,6396456,0x619a28,
5820,0x7ff6299418f0,0xbd18f0,6396572,0x619a9c,
5821,0x7ff629941bd0,0xbd1bd0,6396669,0x619afd,
5822,0x7ff629941e00,0xbd1e00,6396759,0x619b57,
5823,0x7ff629942030,0xbd2030,6396862,0x619bbe,
5824,0x7ff6299422b0,0xbd22b0,6396955,0x619c1b,
5825,0x7ff629942530,0xbd2530,6397058,0x619c82,
5826,0x7ff6299427b0,0xbd27b0,6397151,0x619cdf,
5827,0x7ff629942a30,0xbd2a30,6397226,0x619d2a,
5828,0x7ff629942bc0,0xbd2bc0,6397329,0x619d91,
5829,0x7ff629942e30,0xbd2e30,6397402,0x619dda,
5830,0x7ff629942fc0,0xbd2fc0,6397502,0x619e3e,
5831,0x7ff629943220,0xbd3220,6397577,0x619e89,
5832,0x7ff6299433b0,0xbd33b0,6397677,0x619eed,
5833,0x7ff6299435e0,0xbd35e0,6397750,0x619f36,
5834,0x7ff629943770,0xbd3770,6397850,0x619f9a,
5835,0x7ff6299439c0,0xbd39c0,6397935,0x619fef,
5836,0x7ff629943b80,0xbd3b80,6398005,0x61a035,
5837,0x7ff629943cd0,0xbd3cd0,6398124,0x61a0ac,
5838,0x7ff629943f20,0xbd3f20,6398246,0x61a126,
5839,0x7ff629944190,0xbd4190,6398320,0x61a170,
5840,0x7ff629944300,0xbd4300,6398410,0x61a1ca,
5841,0x7ff6299444f0,0xbd44f0,6398500,0x61a224,
5842,0x7ff6299446e0,0xbd46e0,6398753,0x61a321,
5843,0x7ff629944a70,0xbd4a70,6399032,0x61a438,
5844,0x7ff629944d90,0xbd4d90,6399188,0x61a4d4,
5845,0x7ff629945060,0xbd5060,6399266,0x61a522,
5846,0x7ff6299451f0,0xbd51f0,6399370,0x61a58a,
5847,0x7ff629945410,0xbd5410,6399495,0x61a607,
5848,0x7ff629945690,0xbd5690,6399677,0x61a6bd,
5849,0x7ff629945a10,0xbd5a10,6399913,0x61a7a9,
5850,0x7ff629945e30,0xbd5e30,6399993,0x61a7f9,
5851,0x7ff629945fc0,0xbd5fc0,6400120,0x61a878,
5852,0x7ff629946250,0xbd6250,6400247,0x61a8f7,
5853,0x7ff6299464e0,0xbd64e0,6400413,0x61a99d,
5854,0x7ff6299467c0,0xbd67c0,6400584,0x61aa48,
5855,0x7ff629946aa0,0xbd6aa0,6400823,0x61ab37,
5856,0x7ff629946ed0,0xbd6ed0,6400994,0x61abe2,
5857,0x7ff6299471b0,0xbd71b0,6401233,0x61acd1,
5858,0x7ff6299475e0,0xbd75e0,6401277,0x61acfd,
5859,0x7ff6299476e0,0xbd76e0,6401474,0x61adc2,
5860,0x7ff629947b10,0xbd7b10,6401747,0x61aed3,
5861,0x7ff6299480b0,0xbd80b0,6402092,0x61b02c,
5862,0x7ff629948810,0xbd8810,6402492,0x61b1bc,
5863,0x7ff629949090,0xbd9090,6403193,0x61b479,
5864,0x7ff629949e60,0xbd9e60,6403947,0x61b76b,
5865,0x7ff62994ad20,0xbdad20,6404558,0x61b9ce,
5866,0x7ff62994b8b0,0xbdb8b0,6405223,0x61bc67,
5867,0x7ff62994c540,0xbdc540,6405335,0x61bcd7,
5868,0x7ff62994c760,0xbdc760,6405781,0x61be95,
5869,0x7ff62994ce20,0xbdce20,6406213,0x61c045,
5870,0x7ff62994d4c0,0xbdd4c0,6406419,0x61c113,
5871,0x7ff62994d790,0xbdd790,6406544,0x61c190,
5872,0x7ff62994da20,0xbdda20,6406658,0x61c202,
5873,0x7ff62994dca0,0xbddca0,6406762,0x61c26a,
5874,0x7ff62994df00,0xbddf00,6407137,0x61c3e1,
5875,0x7ff62994e7a0,0xbde7a0,6407466,0x61c52a,
5876,0x7ff62994eff0,0xbdeff0,6407543,0x61c577,
5877,0x7ff62994f190,0xbdf190,6407613,0x61c5bd,
5878,0x7ff62994f320,0xbdf320,6407708,0x61c61c,
5879,0x7ff62994f5d0,0xbdf5d0,6407830,0x61c696,
5880,0x7ff62994f8e0,0xbdf8e0,6408030,0x61c75e,
5881,0x7ff62994fc70,0xbdfc70,6408210,0x61c812,
5882,0x7ff62994ffb0,0xbdffb0,6408455,0x61c907,
5883,0x7ff629950440,0xbe0440,6408559,0x61c96f,
5884,0x7ff629950640,0xbe0640,6408669,0x61c9dd,
5885,0x7ff629950840,0xbe0840,6408796,0x61ca5c,
5886,0x7ff629950ab0,0xbe0ab0,6409106,0x61cb92,
5887,0x7ff629951010,0xbe1010,6409740,0x61ce0c,
5888,0x7ff629951a70,0xbe1a70,6410452,0x61d0d4,
5889,0x7ff629952700,0xbe2700,6411145,0x61d389,
5890,0x7ff629953450,0xbe3450,6411449,0x61d4b9,
5891,0x7ff629953ad0,0xbe3ad0,6412922,0x61da7a,
5892,0x7ff629955540,0xbe5540,6413100,0x61db2c,
5893,0x7ff629955880,0xbe5880,6413582,0x61dd0e,
5894,0x7ff6299561c0,0xbe61c0,6413748,0x61ddb4,
5895,0x7ff629956490,0xbe6490,6414489,0x61e099,
5896,0x7ff6299571d0,0xbe71d0,6414684,0x61e15c,
5897,0x7ff629957580,0xbe7580,6415007,0x61e29f,
5898,0x7ff6299579a0,0xbe79a0,6415302,0x61e3c6,
5899,0x7ff629957eb0,0xbe7eb0,6415449,0x61e459,
5900,0x7ff629958230,0xbe8230,6415592,0x61e4e8,
5901,0x7ff629958550,0xbe8550,6415657,0x61e529,
5902,0x7ff6299586d0,0xbe86d0,6415929,0x61e639,
5903,0x7ff629958b70,0xbe8b70,6416034,0x61e6a2,
5904,0x7ff629958db0,0xbe8db0,6416139,0x61e70b,
5905,0x7ff629958ff0,0xbe8ff0,6416268,0x61e78c,
5906,0x7ff6299592a0,0xbe92a0,6417580,0x61ecac,
5907,0x7ff62995a460,0xbea460,6417771,0x61ed6b,
5908,0x7ff62995a800,0xbea800,6417912,0x61edf8,
5909,0x7ff62995aab0,0xbeaab0,6418100,0x61eeb4,
5910,0x7ff62995ae50,0xbeae50,6418292,0x61ef74,
5911,0x7ff62995b230,0xbeb230,6418506,0x61f04a,
5912,0x7ff62995b680,0xbeb680,6418922,0x61f1ea,
5913,0x7ff62995bd80,0xbebd80,6419000,0x61f238,
5914,0x7ff62995bf10,0xbebf10,6419120,0x61f2b0,
5915,0x7ff62995c1c0,0xbec1c0,6419319,0x61f377,
5916,0x7ff62995c570,0xbec570,6419596,0x61f48c,
5917,0x7ff62995cb30,0xbecb30,6419734,0x61f516,
5918,0x7ff62995ce50,0xbece50,6419872,0x61f5a0,
5919,0x7ff62995d170,0xbed170,6420144,0x61f6b0,
5920,0x7ff62995d730,0xbed730,6420281,0x61f739,
5921,0x7ff62995da50,0xbeda50,6420371,0x61f793,
5922,0x7ff62995dc70,0xbedc70,6420481,0x61f801,
5923,0x7ff62995ded0,0xbeded0,6420668,0x61f8bc,
5924,0x7ff62995e2a0,0xbee2a0,6420855,0x61f977,
5925,0x7ff62995e670,0xbee670,6421042,0x61fa32,
5926,0x7ff62995ea40,0xbeea40,6421229,0x61faed,
5927,0x7ff62995ee10,0xbeee10,6421334,0x61fb56,
5928,0x7ff62995f050,0xbef050,6421439,0x61fbbf,
5929,0x7ff62995f290,0xbef290,6421539,0x61fc23,
5930,0x7ff62995f4d0,0xbef4d0,6421631,0x61fc7f,
5931,0x7ff62995f6f0,0xbef6f0,6421720,0x61fcd8,
5932,0x7ff62995f8d0,0xbef8d0,6421852,0x61fd5c,
5933,0x7ff62995fb80,0xbefb80,6422054,0x61fe26,
5934,0x7ff62995ff30,0xbeff30,6422231,0x61fed7,
5935,0x7ff6299602b0,0xbf02b0,6422349,0x61ff4d,
5936,0x7ff6299604e0,0xbf04e0,6422572,0x62002c,
5937,0x7ff6299608d0,0xbf08d0,6422633,0x620069,
5938,0x7ff629960a40,0xbf0a40,6422711,0x6200b7,
5939,0x7ff629960bd0,0xbf0bd0,6422838,0x620136,
5940,0x7ff629960e40,0xbf0e40,6423643,0x62045b,
5941,0x7ff629961b10,0xbf1b10,6423824,0x620510,
5942,0x7ff629961d60,0xbf1d60,6423854,0x62052e,
5943,0x7ff629961ea0,0xbf1ea0,6423888,0x620550,
5944,0x7ff629961fd0,0xbf1fd0,6423918,0x62056e,
5945,0x7ff629962100,0xbf2100,6423935,0x62057f,
5946,0x7ff6299621b0,0xbf21b0,6424012,0x6205cc,
5947,0x7ff629962410,0xbf2410,6424066,0x620602,
5948,0x7ff6299625c0,0xbf25c0,6424120,0x620638,
5949,0x7ff629962770,0xbf2770,6424174,0x62066e,
5950,0x7ff629962920,0xbf2920,6424243,0x6206b3,
5951,0x7ff629962b20,0xbf2b20,6424301,0x6206ed,
5952,0x7ff629962d10,0xbf2d10,6424355,0x620723,
5953,0x7ff629962eb0,0xbf2eb0,6424409,0x620759,
5954,0x7ff629963050,0xbf3050,6424464,0x620790,
5955,0x7ff6299631f0,0xbf31f0,6424683,0x62086b,
5956,0x7ff629963580,0xbf3580,6424859,0x62091b,
5957,0x7ff6299638b0,0xbf38b0,6425094,0x620a06,
5958,0x7ff629963d70,0xbf3d70,6425327,0x620aef,
5959,0x7ff6299641e0,0xbf41e0,6425376,0x620b20,
5960,0x7ff629964370,0xbf4370,6425555,0x620bd3,
5961,0x7ff6299646a0,0xbf46a0,6425565,0x620bdd,candidate_state_accessor_553KB
5962,0x7ff629964710,0xbf4710,6425611,0x620c0b,
5963,0x7ff629964a40,0xbf4a40,6426038,0x620db6,
5964,0x7ff6299655c0,0xbf55c0,6426404,0x620f24,
5965,0x7ff629965d50,0xbf5d50,6426452,0x620f54,
5966,0x7ff629965e70,0xbf5e70,6426533,0x620fa5,
5967,0x7ff629966050,0xbf6050,6426558,0x620fbe,
5968,0x7ff629966100,0xbf6100,6426755,0x621083,
5969,0x7ff629966520,0xbf6520,6427010,0x621182,
5970,0x7ff629966ae0,0xbf6ae0,6427045,0x6211a5,
5971,0x7ff629966bc0,0xbf6bc0,6427075,0x6211c3,
5972,0x7ff629966c70,0xbf6c70,6427110,0x6211e6,
5973,0x7ff629966d50,0xbf6d50,6427135,0x6211ff,
5974,0x7ff629966e00,0xbf6e00,6427150,0x62120e,
5975,0x7ff629967070,0xbf7070,6428725,0x621835,
5976,0x7ff62996b400,0xbfb400,6430078,0x621d7e,
5977,0x7ff62996ee20,0xbfee20,6430222,0x621e0e,
5978,0x7ff62996f0f0,0xbff0f0,6432523,0x62270b,
5979,0x7ff629972170,0xc02170,6433386,0x622a6a,
5980,0x7ff6299732d0,0xc032d0,6433917,0x622c7d,
5981,0x7ff629973d90,0xc03d90,6434573,0x622f0d,
5982,0x7ff6299749f0,0xc049f0,6435238,0x6231a6,
5983,0x7ff629975650,0xc05650,6435869,0x62341d,
5984,0x7ff629976210,0xc06210,6436051,0x6234d3,
5985,0x7ff629976680,0xc06680,6437562,0x623aba,
5986,0x7ff629978620,0xc08620,6437738,0x623b6a,
5987,0x7ff629978ae0,0xc08ae0,6437903,0x623c0f,
5988,0x7ff629978e40,0xc08e40,6438184,0x623d28,
5989,0x7ff629979a10,0xc09a10,6463600,0x62a070,
5990,0x7ff629a00ad0,0xc90ad0,6463719,0x62a0e7,
5991,0x7ff629a00d60,0xc90d60,6469089,0x62b5e1,
5992,0x7ff629a089d0,0xc989d0,6469111,0x62b5f7,
5993,0x7ff629a08b50,0xc98b50,6469144,0x62b618,
5994,0x7ff629a08c40,0xc98c40,6469166,0x62b62e,
5995,0x7ff629a08db0,0xc98db0,6469197,0x62b64d,
5996,0x7ff629a08e90,0xc98e90,6469219,0x62b663,
5997,0x7ff629a09010,0xc99010,6469250,0x62b682,
5998,0x7ff629a09100,0xc99100,6469276,0x62b69c,
5999,0x7ff629a091f0,0xc991f0,6469326,0x62b6ce,
6000,0x7ff629a094d0,0xc994d0,6469343,0x62b6df,
6001,0x7ff629a09610,0xc99610,6469361,0x62b6f1,
6002,0x7ff629a096d0,0xc996d0,6476352,0x62d240,
6003,0x7ff629a11360,0xca1360,6476718,0x62d3ae,
6004,0x7ff629a11c40,0xca1c40,6476732,0x62d3bc,
6005,0x7ff629a11cb0,0xca1cb0,6477664,0x62d760,
6006,0x7ff629a12f60,0xca2f60,6478088,0x62d908,
6007,0x7ff629a13900,0xca3900,6479074,0x62dce2,
6008,0x7ff629a14c90,0xca4c90,6479718,0x62df66,
6009,0x7ff629a159f0,0xca59f0,6480214,0x62e156,
6010,0x7ff629a164b0,0xca64b0,6480573,0x62e2bd,
6011,0x7ff629a16de0,0xca6de0,6480932,0x62e424,
6012,0x7ff629a17710,0xca7710,6481919,0x62e7ff,
6013,0x7ff629a18f20,0xca8f20,6483000,0x62ec38,
6014,0x7ff629a1a920,0xcaa920,6484901,0x62f3a5,
6015,0x7ff629a1d160,0xcad160,6486050,0x62f822,
6016,0x7ff629a1e9c0,0xcae9c0,6486482,0x62f9d2,
6017,0x7ff629a1f920,0xcaf920,6486686,0x62fa9e,
6018,0x7ff629a1fd80,0xcafd80,6486755,0x62fae3,
6019,0x7ff629a1ff10,0xcaff10,6487268,0x62fce4,
6020,0x7ff629a20910,0xcb0910,6487801,0x62fef9,
6021,0x7ff629a21350,0xcb1350,6487896,0x62ff58,
6022,0x7ff629a21520,0xcb1520,6487931,0x62ff7b,
6023,0x7ff629a215e0,0xcb15e0,6487966,0x62ff9e,
6024,0x7ff629a21700,0xcb1700,6488114,0x630032,
6025,0x7ff629a21a40,0xcb1a40,6488347,0x63011b,
6026,0x7ff629a21fd0,0xcb1fd0,6488602,0x63021a,
6027,0x7ff629a22470,0xcb2470,6488992,0x6303a0,
6028,0x7ff629a22c40,0xcb2c40,6489056,0x6303e0,
6029,0x7ff629a22e30,0xcb2e30,6489162,0x63044a,
6030,0x7ff629a23180,0xcb3180,6489536,0x6305c0,
6031,0x7ff628e592f0,0xe92f0,6489908,0x630734,
6032,0x7ff629a23970,0xcb3970,6490314,0x6308ca,
6033,0x7ff629a24170,0xcb4170,6490352,0x6308f0,
6034,0x7ff629a24270,0xcb4270,6490400,0x630920,
6035,0x7ff628dc6040,0x56040,6490405,0x630925,
6036,0x7ff628dc6040,0x56040,6490410,0x63092a,
6037,0x7ff628dc6040,0x56040,6490415,0x63092f,
6038,0x7ff628dc6040,0x56040,6490432,0x630940,
6039,0x7ff629a24390,0xcb4390,6490538,0x6309aa,
6040,0x7ff629a245d0,0xcb45d0,6490596,0x6309e4,
6041,0x7ff629a24700,0xcb4700,6490941,0x630b3d,
6042,0x7ff629a24ca0,0xcb4ca0,6491075,0x630bc3,
6043,0x7ff629a24ea0,0xcb4ea0,6491114,0x630bea,
6044,0x7ff629a24fc0,0xcb4fc0,6491208,0x630c48,
6045,0x7ff629a251b0,0xcb51b0,6491380,0x630cf4,
6046,0x7ff629a25600,0xcb5600,6491449,0x630d39,
6047,0x7ff629a257b0,0xcb57b0,6491472,0x630d50,
6048,0x7ff629a25870,0xcb5870,6492321,0x6310a1,
6049,0x7ff629a264d0,0xcb64d0,6493479,0x631527,
6050,0x7ff629a27720,0xcb7720,6493574,0x631586,
6051,0x7ff629a27980,0xcb7980,6494121,0x6317a9,
6052,0x7ff629a282c0,0xcb82c0,6494533,0x631945,
6053,0x7ff629a28b20,0xcb8b20,6499498,0x632caa,
6054,0x7ff629a2d670,0xcbd670,6499600,0x632d10,
6055,0x7ff629a2d860,0xcbd860,6499871,0x632e1f,
6056,0x7ff629a2ddd0,0xcbddd0,6500024,0x632eb8,
6057,0x7ff629a2e050,0xcbe050,6500347,0x632ffb,
6058,0x7ff629a2e660,0xcbe660,6501427,0x633433,
6059,0x7ff629a2f390,0xcbf390,6501616,0x6334f0,
6060,0x7ff629a2f8b0,0xcbf8b0,6501843,0x6335d3,
6061,0x7ff629a2fe70,0xcbfe70,6502033,0x633691,
6062,0x7ff629a30340,0xcc0340,6502665,0x633909,
6063,0x7ff629a30e10,0xcc0e10,6502848,0x6339c0,
6064,0x7ff629a31230,0xcc1230,6502953,0x633a29,
6065,0x7ff629a31460,0xcc1460,6503120,0x633ad0,
6066,0x7ff629a31790,0xcc1790,6503471,0x633c2f,
6067,0x7ff629a31cd0,0xcc1cd0,6504498,0x634032,
6068,0x7ff629a32ce0,0xcc2ce0,6504516,0x634044,
6069,0x7ff628dc6040,0x56040,6504521,0x634049,
6070,0x7ff629a32db0,0xcc2db0,6504617,0x6340a9,
6071,0x7ff629a32f50,0xcc2f50,6505158,0x6342c6,
6072,0x7ff629a33820,0xcc3820,6513203,0x636233,
6073,0x7ff629a3a320,0xcca320,6513284,0x636284,
6074,0x7ff629a3a4f0,0xcca4f0,6513899,0x6364eb,
6075,0x7ff629a3b170,0xccb170,6513920,0x636500,
6076,0x7ff629a3b210,0xccb210,6513941,0x636515,
6077,0x7ff629a3b2b0,0xccb2b0,6514337,0x6366a1,
6078,0x7ff629a3bca0,0xccbca0,6514615,0x6367b7,
6079,0x7ff629a3c480,0xccc480,6515777,0x636c41,
6080,0x7ff629a3ddb0,0xccddb0,6518564,0x637724,
6081,0x7ff629a41170,0xcd1170,6518905,0x637879,
6082,0x7ff629a41930,0xcd1930,6519483,0x637abb,
6083,0x7ff629a42c00,0xcd2c00,6520117,0x637d35,
6084,0x7ff629a43d40,0xcd3d40,6520456,0x637e88,
6085,0x7ff629a444e0,0xcd44e0,6520506,0x637eba,
6086,0x7ff629a44650,0xcd4650,6520948,0x638074,
6087,0x7ff629a452e0,0xcd52e0,6521207,0x638177,
6088,0x7ff629a457a0,0xcd57a0,6521888,0x638420,
6089,0x7ff629a467c0,0xcd67c0,6522032,0x6384b0,
6090,0x7ff629885840,0xb15840,6522049,0x6384c1,
6091,0x7ff6298858f0,0xb158f0,6522059,0x6384cb,
6092,0x7ff629885960,0xb15960,6522076,0x6384dc,
6093,0x7ff629885a10,0xb15a10,6522086,0x6384e6,
6094,0x7ff629a46ab0,0xcd6ab0,6522453,0x638655,
6095,0x7ff629a47420,0xcd7420,6522881,0x638801,
6096,0x7ff629a47fa0,0xcd7fa0,6522930,0x638832,
6097,0x7ff629a480a0,0xcd80a0,6523118,0x6388ee,
6098,0x7ff629a48480,0xcd8480,6523355,0x6389db,
6099,0x7ff629887520,0xb17520,6523419,0x638a1b,
6100,0x7ff6298876a0,0xb176a0,6523429,0x638a25,
6101,0x7ff629a48950,0xcd8950,6523450,0x638a3a,
6102,0x7ff629a48a30,0xcd8a30,6523583,0x638abf,
6103,0x7ff629a48fb0,0xcd8fb0,6523609,0x638ad9,
6104,0x7ff629a490a0,0xcd90a0,6523679,0x638b1f,
6105,0x7ff629a49400,0xcd9400,6523704,0x638b38,
6106,0x7ff629a494f0,0xcd94f0,6523751,0x638b67,
6107,0x7ff6298887f0,0xb187f0,6523777,0x638b81,
6108,0x7ff629a49680,0xcd9680,6523819,0x638bab,
6109,0x7ff629a497f0,0xcd97f0,6523907,0x638c03,
6110,0x7ff629a49a80,0xcd9a80,6523989,0x638c55,
6111,0x7ff6298888d0,0xb188d0,6524143,0x638cef,
6112,0x7ff629a49c50,0xcd9c50,6524263,0x638d67,
6113,0x7ff629a49fe0,0xcd9fe0,6524333,0x638dad,
6114,0x7ff629a4a250,0xcda250,6524719,0x638f2f,
6115,0x7ff629a4b310,0xcdb310,6524744,0x638f48,
6116,0x7ff629a4b430,0xcdb430,6524824,0x638f98,
6117,0x7ff629a4b6f0,0xcdb6f0,6525072,0x639090,
6118,0x7ff62988a6f0,0xb1a6f0,6525093,0x6390a5,
6119,0x7ff629a4bf10,0xcdbf10,6525141,0x6390d5,
6120,0x7ff629a4c0b0,0xcdc0b0,6525198,0x63910e,
6121,0x7ff629a4c200,0xcdc200,6525271,0x639157,
6122,0x7ff629a4c3e0,0xcdc3e0,6525387,0x6391cb,
6123,0x7ff629a4c600,0xcdc600,6525421,0x6391ed,
6124,0x7ff629a4c710,0xcdc710,6525484,0x63922c,
6125,0x7ff629a4c8f0,0xcdc8f0,6525522,0x639252,
6126,0x7ff629a4ca70,0xcdca70,6525627,0x6392bb,
6127,0x7ff629a4cd50,0xcdcd50,6527877,0x639b85,
6128,0x7ff629a4f3f0,0xcdf3f0,6528171,0x639cab,
6129,0x7ff629a4f830,0xcdf830,6528980,0x639fd4,
6130,0x7ff629a51130,0xce1130,6529393,0x63a171,
6131,0x7ff629a51ee0,0xce1ee0,6529866,0x63a34a,
6132,0x7ff629a52c00,0xce2c00,6530248,0x63a4c8,
6133,0x7ff629a53560,0xce3560,6530526,0x63a5de,
6134,0x7ff629a53b80,0xce3b80,6530571,0x63a60b,
6135,0x7ff629a53d10,0xce3d10,6531632,0x63aa30,
6136,0x7ff629a557c0,0xce57c0,6532040,0x63abc8,
6137,0x7ff629a55e80,0xce5e80,6532088,0x63abf8,
6138,0x7ff629a55fa0,0xce5fa0,6532128,0x63ac20,
6139,0x7ff629a56100,0xce6100,6532159,0x63ac3f,
6140,0x7ff629a561e0,0xce61e0,6532198,0x63ac66,
6141,0x7ff629a562f0,0xce62f0,6532423,0x63ad47,
6142,0x7ff629a56900,0xce6900,6532503,0x63ad97,
6143,0x7ff629a56af0,0xce6af0,6532565,0x63add5,
6144,0x7ff629a56c60,0xce6c60,6532710,0x63ae66,
6145,0x7ff629a56fa0,0xce6fa0,6533727,0x63b25f,
6146,0x7ff629a58150,0xce8150,6534244,0x63b464,
6147,0x7ff629a58b40,0xce8b40,6534316,0x63b4ac,
6148,0x7ff629a58cb0,0xce8cb0,6534371,0x63b4e3,
6149,0x7ff629a58de0,0xce8de0,6534426,0x63b51a,
6150,0x7ff629a59000,0xce9000,6534802,0x63b692,
6151,0x7ff629a59790,0xce9790,6535243,0x63b84b,
6152,0x7ff629a5a000,0xcea000,6536336,0x63bc90,
6153,0x7ff629a5aac0,0xceaac0,6536349,0x63bc9d,
6154,0x7ff629a5ab50,0xceab50,6536359,0x63bca7,
6155,0x7ff629a5abd0,0xceabd0,6536377,0x63bcb9,
6156,0x7ff629a5ac60,0xceac60,6536400,0x63bcd0,
6157,0x7ff629a5ace0,0xceace0,6536417,0x63bce1,
6158,0x7ff629a5ad80,0xcead80,6536616,0x63bda8,
6159,0x7ff629a5b1c0,0xceb1c0,6537599,0x63c17f,
6160,0x7ff629a5c010,0xcec010,6540365,0x63cc4d,
6161,0x7ff629a5e8a0,0xcee8a0,6540608,0x63cd40,
6162,0x7ff629a5ed80,0xceed80,6541170,0x63cf72,
6163,0x7ff629a5f5f0,0xcef5f0,6541218,0x63cfa2,
6164,0x7ff629a5f710,0xcef710,6541264,0x63cfd0,
6165,0x7ff629a5fa40,0xcefa40,6542114,0x63d322,
6166,0x7ff629a61470,0xcf1470,6543526,0x63d8a6,
6167,0x7ff629a62e10,0xcf2e10,6543548,0x63d8bc,
6168,0x7ff629a62f90,0xcf2f90,6543581,0x63d8dd,
6169,0x7ff629a63080,0xcf3080,6543603,0x63d8f3,
6170,0x7ff629a631f0,0xcf31f0,6543634,0x63d912,
6171,0x7ff629a632d0,0xcf32d0,6543656,0x63d928,
6172,0x7ff629a63450,0xcf3450,6543687,0x63d947,
6173,0x7ff629a63540,0xcf3540,6543713,0x63d961,
6174,0x7ff629a63630,0xcf3630,6543763,0x63d993,
6175,0x7ff629a63910,0xcf3910,6544977,0x63de51,
6176,0x7ff629a64f50,0xcf4f50,6545880,0x63e1d8,
6177,0x7ff629a664b0,0xcf64b0,6546667,0x63e4eb,
6178,0x7ff629a67210,0xcf7210,6549722,0x63f0da,
6179,0x7ff629a6ac20,0xcfac20,6550352,0x63f350,
6180,0x7ff629a6b6b0,0xcfb6b0,6550405,0x63f385,
6181,0x7ff629a6b7c0,0xcfb7c0,6550676,0x63f494,
6182,0x7ff629a6bee0,0xcfbee0,6551093,0x63f635,
6183,0x7ff629a6c630,0xcfc630,6551303,0x63f707,
6184,0x7ff629a6ca20,0xcfca20,6551749,0x63f8c5,
6185,0x7ff629a6d200,0xcfd200,6552235,0x63faab,
6186,0x7ff629a6dbb0,0xcfdbb0,6552483,0x63fba3,
6187,0x7ff629a6e0c0,0xcfe0c0,6553952,0x640160,
6188,0x7ff629a6fc40,0xcffc40,6554131,0x640213,
6189,0x7ff629a700b0,0xd000b0,6554258,0x640292,
6190,0x7ff629a703d0,0xd003d0,6555149,0x64060d,
6191,0x7ff629a70480,0xd00480,6555740,0x64085c,
6192,0x7ff629a71020,0xd01020,6556745,0x640c49,
6193,0x7ff629a725a0,0xd025a0,6557357,0x640ead,
6194,0x7ff629918910,0xba8910,6557367,0x640eb7,
6195,0x7ff629a73310,0xd03310,6557474,0x640f22,
6196,0x7ff629a73540,0xd03540,6557589,0x640f95,
6197,0x7ff629a73840,0xd03840,6558552,0x641358,
6198,0x7ff629a74de0,0xd04de0,6559584,0x641760,
6199,0x7ff629918910,0xba8910,6559594,0x64176a,
6200,0x7ff629a76520,0xd06520,6559647,0x64179f,
6201,0x7ff629a76660,0xd06660,6559702,0x6417d6,
6202,0x7ff629894a40,0xb24a40,6559710,0x6417de,
6203,0x7ff629a767c0,0xd067c0,6559739,0x6417fb,
6204,0x7ff629a76910,0xd06910,6560081,0x641951,
6205,0x7ff629918910,0xba8910,6560091,0x64195b,
6206,0x7ff629a773e0,0xd073e0,6560199,0x6419c7,
6207,0x7ff6298a43e0,0xb343e0,6560232,0x6419e8,
6208,0x7ff6298a44e0,0xb344e0,6560323,0x641a43,
6209,0x7ff6298a4840,0xb34840,6560350,0x641a5e,
6210,0x7ff629a77640,0xd07640,6561691,0x641f9b,
6211,0x7ff629a79080,0xd09080,6563030,0x6424d6,
6212,0x7ff629a7aae0,0xd0aae0,6563249,0x6425b1,
6213,0x7ff629a7b0a0,0xd0b0a0,6563339,0x64260b,
6214,0x7ff629a7b390,0xd0b390,6563369,0x642629,
6215,0x7ff6298a4950,0xb34950,6563488,0x6426a0,
6216,0x7ff6298a4c90,0xb34c90,6563612,0x64271c,
6217,0x7ff6298a4ff0,0xb34ff0,6563654,0x642746,
6218,0x7ff629a7b4c0,0xd0b4c0,6563766,0x6427b6,
6219,0x7ff629a7b7e0,0xd0b7e0,6563818,0x6427ea,
6220,0x7ff629a7b980,0xd0b980,6564023,0x6428b7,
6221,0x7ff629a7bf30,0xd0bf30,6564176,0x642950,
6222,0x7ff629a7c3b0,0xd0c3b0,6564557,0x642acd,
6223,0x7ff629a7c810,0xd0c810,6564828,0x642bdc,
6224,0x7ff629a7cc60,0xd0cc60,6565328,0x642dd0,
6225,0x7ff629a7d3c0,0xd0d3c0,6565828,0x642fc4,
6226,0x7ff629a7db20,0xd0db20,6565981,0x64305d,
6227,0x7ff629a7ded0,0xd0ded0,6566044,0x64309c,
6228,0x7ff629894a40,0xb24a40,6566052,0x6430a4,
6229,0x7ff629a7e0b0,0xd0e0b0,6566130,0x6430f2,
6230,0x7ff629a7e400,0xd0e400,6566223,0x64314f,
6231,0x7ff629a7e650,0xd0e650,6566331,0x6431bb,
6232,0x7ff629a7e8e0,0xd0e8e0,6566940,0x64341c,
6233,0x7ff629a7f540,0xd0f540,6567464,0x643628,
6234,0x7ff629a7fa40,0xd0fa40,6568182,0x6438f6,
6235,0x7ff629a80bd0,0xd10bd0,6568367,0x6439af,
6236,0x7ff629a810c0,0xd110c0,6568408,0x6439d8,
6237,0x7ff629a81160,0xd11160,6569094,0x643c86,
6238,0x7ff629a81fa0,0xd11fa0,6569250,0x643d22,
6239,0x7ff629a822a0,0xd122a0,6570101,0x644075,
6240,0x7ff629a82f40,0xd12f40,6572672,0x644a80,
6241,0x7ff629a85b50,0xd15b50,6572867,0x644b43,
6242,0x7ff629a85f30,0xd15f30,6572905,0x644b69,
6243,0x7ff629a86010,0xd16010,6573292,0x644cec,
6244,0x7ff629a86b60,0xd16b60,6573712,0x644e90,
6245,0x7ff629a87360,0xd17360,6573746,0x644eb2,
6246,0x7ff629a87460,0xd17460,6573799,0x644ee7,
6247,0x7ff629a87590,0xd17590,6574416,0x645150,
6248,0x7ff629a87fb0,0xd17fb0,6578960,0x646310,
6249,0x7ff629a8e8f0,0xd1e8f0,6578975,0x64631f,
6250,0x7ff629a8e960,0xd1e960,6578990,0x64632e,
6251,0x7ff628dc6040,0x56040,6578995,0x646333,
6252,0x7ff628dc6040,0x56040,6579000,0x646338,
6253,0x7ff629a8e9d0,0xd1e9d0,6579067,0x64637b,
6254,0x7ff629a8ebd0,0xd1ebd0,6579184,0x6463f0,
6255,0x7ff629a8ee80,0xd1ee80,6579273,0x646449,
6256,0x7ff629a8f060,0xd1f060,6579321,0x646479,
6257,0x7ff629a8f180,0xd1f180,6579386,0x6464ba,
6258,0x7ff629a8f310,0xd1f310,6579707,0x6465fb,
6259,0x7ff629a8fa10,0xd1fa10,6582496,0x6470e0,
6260,0x7ff629a93650,0xd23650,6582866,0x647252,
6261,0x7ff629a93ba0,0xd23ba0,6583141,0x647365,
6262,0x7ff629a93fd0,0xd23fd0,6583360,0x647440,
6263,0x7ff629a94470,0xd24470,6583552,0x647500,
6264,0x7ff629a94810,0xd24810,6583600,0x647530,
6265,0x7ff629a94930,0xd24930,6586713,0x648159,
6266,0x7ff629a97f10,0xd27f10,6588456,0x648828,
6267,0x7ff629a99e80,0xd29e80,6589458,0x648c12,
6268,0x7ff629a9af50,0xd2af50,6589495,0x648c37,
6269,0x7ff629a9b080,0xd2b080,6589631,0x648cbf,
6270,0x7ff629a9b300,0xd2b300,6589787,0x648d5b,
6271,0x7ff629a9b5f0,0xd2b5f0,6589980,0x648e1c,
6272,0x7ff629a9b950,0xd2b950,6590238,0x648f1e,
6273,0x7ff629a9bec0,0xd2bec0,6590381,0x648fad,
6274,0x7ff629a9c1c0,0xd2c1c0,6590737,0x649111,
6275,0x7ff629a9cb50,0xd2cb50,6591301,0x649345,
6276,0x7ff629a9d850,0xd2d850,6591991,0x6495f7,
6277,0x7ff629a9e4a0,0xd2e4a0,6592151,0x649697,
6278,0x7ff629a9e7d0,0xd2e7d0,6592187,0x6496bb,
6279,0x7ff629a9e880,0xd2e880,6592202,0x6496ca,
6280,0x7ff629a9e8f0,0xd2e8f0,6592224,0x6496e0,
6281,0x7ff629a9e970,0xd2e970,6592368,0x649770,
6282,0x7ff629a9edd0,0xd2edd0,6592513,0x649801,
6283,0x7ff6298a6e40,0xb36e40,6592543,0x64981f,
6284,0x7ff6298a7630,0xb37630,6592573,0x64983d,
6285,0x7ff629a9eee0,0xd2eee0,6592630,0x649876,
6286,0x7ff629a9f090,0xd2f090,6593015,0x6499f7,
6287,0x7ff629a9f640,0xd2f640,6593328,0x649b30,
6288,0x7ff629a9fb40,0xd2fb40,6593360,0x649b50,
6289,0x7ff629a9fc90,0xd2fc90,6594016,0x649de0,
6290,0x7ff629918910,0xba8910,6594026,0x649dea,
6291,0x7ff629918910,0xba8910,6594036,0x649df4,
6292,0x7ff628e35ce0,0xc5ce0,6594043,0x649dfb,
6293,0x7ff629aa0ae0,0xd30ae0,6594079,0x649e1f,
6294,0x7ff629aa0c50,0xd30c50,6594181,0x649e85,
6295,0x7ff629aa1050,0xd31050,6594202,0x649e9a,
6296,0x7ff629aa1130,0xd31130,6594314,0x649f0a,
6297,0x7ff629aa1360,0xd31360,6594341,0x649f25,
6298,0x7ff629aa1430,0xd31430,6594374,0x649f46,
6299,0x7ff629aa1510,0xd31510,6594442,0x649f8a,
6300,0x7ff629aa1760,0xd31760,6594672,0x64a070,
6301,0x7ff629aa1f30,0xd31f30,6598800,0x64b090,
6302,0x7ff629aa64c0,0xd364c0,6598894,0x64b0ee,
6303,0x7ff629aa67d0,0xd367d0,6598990,0x64b14e,
6304,0x7ff629aa69e0,0xd369e0,6599004,0x64b15c,
6305,0x7ff629aa6a70,0xd36a70,6599018,0x64b16a,
6306,0x7ff629aa6af0,0xd36af0,6600035,0x64b563,
6307,0x7ff629aa8970,0xd38970,6600065,0x64b581,
6308,0x7ff629aa8aa0,0xd38aa0,6600238,0x64b62e,
6309,0x7ff629aa8fb0,0xd38fb0,6600417,0x64b6e1,
6310,0x7ff629aa94c0,0xd394c0,6600473,0x64b719,
6311,0x7ff629aa9740,0xd39740,6600657,0x64b7d1,
6312,0x7ff629aa9cd0,0xd39cd0,6600851,0x64b893,
6313,0x7ff629aaa270,0xd3a270,6601052,0x64b95c,
6314,0x7ff629aaa7d0,0xd3a7d0,6601218,0x64ba02,
6315,0x7ff629aaacb0,0xd3acb0,6601401,0x64bab9,
6316,0x7ff629aab1c0,0xd3b1c0,6603620,0x64c364,
6317,0x7ff629aaec40,0xd3ec40,6603650,0x64c382,
6318,0x7ff629aaed70,0xd3ed70,6605383,0x64ca47,
6319,0x7ff629ab1980,0xd41980,6605413,0x64ca65,
6320,0x7ff629ab1ab0,0xd41ab0,6607590,0x64d2e6,
6321,0x7ff629ab4b00,0xd44b00,6608118,0x64d4f6,
6322,0x7ff629ab5680,0xd45680,6608307,0x64d5b3,
6323,0x7ff629ab5a90,0xd45a90,6608496,0x64d670,
6324,0x7ff629ab5f20,0xd45f20,6608506,0x64d67a,
6325,0x7ff629ab5f90,0xd45f90,6609467,0x64da3b,
6326,0x7ff629ab6590,0xd46590,6611136,0x64e0c0,
6327,0x7ff629ab8570,0xd48570,6611376,0x64e1b0,
6328,0x7ff629ab8a30,0xd48a30,6613312,0x64e940,
6329,0x7ff629abb3e0,0xd4b3e0,6613840,0x64eb50,
6330,0x7ff629abbe80,0xd4be80,6614112,0x64ec60,
6331,0x7ff629abc5b0,0xd4c5b0,6614752,0x64eee0,
6332,0x7ff629abd170,0xd4d170,6614976,0x64efc0,
6333,0x7ff629abd6f0,0xd4d6f0,6616096,0x64f420,
6334,0x7ff629abefa0,0xd4efa0,6617184,0x64f860,
6335,0x7ff629ac0a10,0xd50a10,6617373,0x64f91d,
6336,0x7ff629ac0fb0,0xd50fb0,6617632,0x64fa20,
6337,0x7ff629ac16d0,0xd516d0,6617888,0x64fb20,
6338,0x7ff629ac1ca0,0xd51ca0,6618100,0x64fbf4,
6339,0x7ff629ac22b0,0xd522b0,6618480,0x64fd70,
6340,0x7ff629ac2b80,0xd52b80,6619550,0x65019e,
6341,0x7ff629ac4490,0xd54490,6619920,0x650310,
6342,0x7ff629ac4d90,0xd54d90,6619968,0x650340,
6343,0x7ff629ac4ec0,0xd54ec0,6620029,0x65037d,
6344,0x7ff629ac5040,0xd55040,6620108,0x6503cc,
6345,0x7ff6298410f0,0xad10f0,6620178,0x650412,
6346,0x7ff629ac51a0,0xd551a0,6620327,0x6504a7,
6347,0x7ff628dc6040,0x56040,6620332,0x6504ac,
6348,0x7ff628dc6040,0x56040,6620352,0x6504c0,
6349,0x7ff629ac5450,0xd55450,6620367,0x6504cf,
6350,0x7ff629ac55a0,0xd555a0,6620392,0x6504e8,
6351,0x7ff629ac5620,0xd55620,6620410,0x6504fa,
6352,0x7ff629ac56b0,0xd556b0,6620425,0x650509,
6353,0x7ff629ac5730,0xd55730,6621037,0x65076d,
6354,0x7ff629ac5ed0,0xd55ed0,6621909,0x650ad5,
6355,0x7ff629ac6e70,0xd56e70,6622856,0x650e88,
6356,0x7ff629ac8090,0xd58090,6623030,0x650f36,
6357,0x7ff629ac8580,0xd58580,6623345,0x651071,
6358,0x7ff629ac8fb0,0xd58fb0,6623502,0x65110e,
6359,0x7ff629ac92d0,0xd592d0,6623518,0x65111e,
6360,0x7ff629ac9360,0xd59360,6623534,0x65112e,
6361,0x7ff629ac93f0,0xd593f0,6623550,0x65113e,
6362,0x7ff629ac9480,0xd59480,6623566,0x65114e,
6363,0x7ff629ac9610,0xd59610,6625348,0x651844,
6364,0x7ff629acb3e0,0xd5b3e0,6625747,0x6519d3,
6365,0x7ff629acbba0,0xd5bba0,6625835,0x651a2b,
6366,0x7ff629acc0c0,0xd5c0c0,6625885,0x651a5d,
6367,0x7ff629acc380,0xd5c380,6625901,0x651a6d,
6368,0x7ff629acc440,0xd5c440,6626126,0x651b4e,
6369,0x7ff629acce60,0xd5ce60,6626216,0x651ba8,
6370,0x7ff629acd0b0,0xd5d0b0,6626300,0x651bfc,
6371,0x7ff629acd300,0xd5d300,6626801,0x651df1,
6372,0x7ff629acdec0,0xd5dec0,6626925,0x651e6d,
6373,0x7ff629ace1e0,0xd5e1e0,6627062,0x651ef6,
6374,0x7ff629ace4f0,0xd5e4f0,6627199,0x651f7f,
6375,0x7ff629ace800,0xd5e800,6627346,0x652012,
6376,0x7ff629acebb0,0xd5ebb0,6627443,0x652073,
6377,0x7ff629acee60,0xd5ee60,6627520,0x6520c0,
6378,0x7ff629acefe0,0xd5efe0,6627575,0x6520f7,
6379,0x7ff629acf080,0xd5f080,6627860,0x652214,
6380,0x7ff629acf420,0xd5f420,6628272,0x6523b0,
6381,0x7ff629acf960,0xd5f960,6628483,0x652483,
6382,0x7ff629acfec0,0xd5fec0,6628713,0x652569,
6383,0x7ff629ad0500,0xd60500,6628869,0x652605,
6384,0x7ff629ad08f0,0xd608f0,6628976,0x652670,
6385,0x7ff629ad0b90,0xd60b90,6629098,0x6526ea,
6386,0x7ff629ad0e10,0xd60e10,6629430,0x652836,
6387,0x7ff629ad1840,0xd61840,6629525,0x652895,
6388,0x7ff629ad1af0,0xd61af0,6629569,0x6528c1,
6389,0x7ff629ad1c10,0xd61c10,6629604,0x6528e4,
6390,0x7ff629ad1d00,0xd61d00,6630596,0x652cc4,
6391,0x7ff629ad3350,0xd63350,6630720,0x652d40,
6392,0x7ff629ad3590,0xd63590,6630730,0x652d4a,
6393,0x7ff628dc6040,0x56040,6630735,0x652d4f,
6394,0x7ff629ad3610,0xd63610,6630874,0x652dda,
6395,0x7ff629ad3800,0xd63800,6630936,0x652e18,
6396,0x7ff629ad3930,0xd63930,6631122,0x652ed2,
6397,0x7ff629ad3c20,0xd63c20,6631527,0x653067,
6398,0x7ff629ad44b0,0xd644b0,6631542,0x653076,
6399,0x7ff629ad4530,0xd64530,6633258,0x65372a,
6400,0x7ff629ad69c0,0xd669c0,6633805,0x65394d,
6401,0x7ff629ad7530,0xd67530,6633906,0x6539b2,
6402,0x7ff629ad7720,0xd67720,6634336,0x653b60,
6403,0x7ff629ad81f0,0xd681f0,6634494,0x653bfe,
6404,0x7ff629ad8570,0xd68570,6634959,0x653dcf,
6405,0x7ff629ad8fb0,0xd68fb0,6635094,0x653e56,
6406,0x7ff629ad9300,0xd69300,6635213,0x653ecd,
6407,0x7ff629ad9550,0xd69550,6638034,0x6549d2,
6408,0x7ff629add500,0xd6d500,6638118,0x654a26,
6409,0x7ff629add7a0,0xd6d7a0,6638237,0x654a9d,
6410,0x7ff629add9f0,0xd6d9f0,6641255,0x655667,
6411,0x7ff629ae1c20,0xd71c20,6641374,0x6556de,
6412,0x7ff629ae1e70,0xd71e70,6642590,0x655b9e,
6413,0x7ff629ae3700,0xd73700,6642709,0x655c15,
6414,0x7ff629ae3950,0xd73950,6643043,0x655d63,
6415,0x7ff629ae40f0,0xd740f0,6643111,0x655da7,
6416,0x7ff629ae4310,0xd74310,6643241,0x655e29,
6417,0x7ff629ae47e0,0xd747e0,6643518,0x655f3e,
6418,0x7ff629ae4f60,0xd74f60,6644577,0x656361,
6419,0x7ff629ae6c40,0xd76c40,6645280,0x656620,
6420,0x7ff629ae7b70,0xd77b70,6645680,0x6567b0,
6421,0x7ff629ae82d0,0xd782d0,6645888,0x656880,
6422,0x7ff629ae87d0,0xd787d0,6647472,0x656eb0,
6423,0x7ff629aea700,0xd7a700,6647677,0x656f7d,
6424,0x7ff629aeab30,0xd7ab30,6647857,0x657031,
6425,0x7ff629aeb160,0xd7b160,6648227,0x6571a3,
6426,0x7ff629aebb70,0xd7bb70,6648706,0x657382,
6427,0x7ff629aec5f0,0xd7c5f0,6648896,0x657440,
6428,0x7ff629aeca50,0xd7ca50,6649523,0x6576b3,
6429,0x7ff629aed6c0,0xd7d6c0,6650946,0x657c42,
6430,0x7ff629aeff10,0xd7ff10,6650976,0x657c60,
6431,0x7ff629af0030,0xd80030,6651009,0x657c81,
6432,0x7ff629af0180,0xd80180,6651106,0x657ce2,
6433,0x7ff629af0400,0xd80400,6651550,0x657e9e,
6434,0x7ff629af1060,0xd81060,6651883,0x657feb,
6435,0x7ff629af18f0,0xd818f0,6652601,0x6582b9,
6436,0x7ff629af2bc0,0xd82bc0,6653202,0x658512,
6437,0x7ff629af3b50,0xd83b50,6653696,0x658700,
6438,0x7ff629af47a0,0xd847a0,6653838,0x65878e,
6439,0x7ff629af4bb0,0xd84bb0,6654174,0x6588de,
6440,0x7ff629af5280,0xd85280,6654270,0x65893e,
6441,0x7ff629af54c0,0xd854c0,6654970,0x658bfa,
6442,0x7ff629af64c0,0xd864c0,6655231,0x658cff,
6443,0x7ff629af6bf0,0xd86bf0,6656115,0x659073,
6444,0x7ff629af8850,0xd88850,6656578,0x659242,
6445,0x7ff629af9710,0xd89710,6656889,0x659379,
6446,0x7ff629afa0a0,0xd8a0a0,6657292,0x65950c,
6447,0x7ff629afaf50,0xd8af50,6657330,0x659532,
6448,0x7ff629afb060,0xd8b060,6657504,0x6595e0,
6449,0x7ff629afb4c0,0xd8b4c0,6657576,0x659628,
6450,0x7ff629afb6c0,0xd8b6c0,6657751,0x6596d7,
6451,0x7ff629afbc10,0xd8bc10,6657904,0x659770,
6452,0x7ff629afc0c0,0xd8c0c0,6657981,0x6597bd,
6453,0x7ff629afc2c0,0xd8c2c0,6658045,0x6597fd,
6454,0x7ff629afc500,0xd8c500,6658114,0x659842,
6455,0x7ff629afc710,0xd8c710,6658155,0x65986b,
6456,0x7ff629afc8a0,0xd8c8a0,6658193,0x659891,
6457,0x7ff629afc9f0,0xd8c9f0,6658250,0x6598ca,
6458,0x7ff629afcbc0,0xd8cbc0,6658296,0x6598f8,
6459,0x7ff629afcd40,0xd8cd40,6658579,0x659a13,
6460,0x7ff629afd600,0xd8d600,6658975,0x659b9f,
6461,0x7ff629afdf40,0xd8df40,6659056,0x659bf0,
6462,0x7ff629afe030,0xd8e030,6659245,0x659cad,
6463,0x7ff629afe5e0,0xd8e5e0,6659468,0x659d8c,
6464,0x7ff629afeac0,0xd8eac0,6659530,0x659dca,
6465,0x7ff629afec70,0xd8ec70,6659582,0x659dfe,
6466,0x7ff629afee00,0xd8ee00,6659731,0x659e93,
6467,0x7ff629aff220,0xd8f220,6659827,0x659ef3,
6468,0x7ff629aff510,0xd8f510,6659920,0x659f50,
6469,0x7ff629aff7d0,0xd8f7d0,6660087,0x659ff7,
6470,0x7ff629affbb0,0xd8fbb0,6660258,0x65a0a2,
6471,0x7ff629b00080,0xd90080,6660964,0x65a364,
6472,0x7ff629b00e60,0xd90e60,6661024,0x65a3a0,
6473,0x7ff629b01030,0xd91030,6661475,0x65a563,
6474,0x7ff629b01ae0,0xd91ae0,6661882,0x65a6fa,
6475,0x7ff629b02250,0xd92250,6661949,0x65a73d,
6476,0x7ff629b02440,0xd92440,6662001,0x65a771,
6477,0x7ff629b025f0,0xd925f0,6662104,0x65a7d8,
6478,0x7ff629b028c0,0xd928c0,6662428,0x65a91c,
6479,0x7ff629b03120,0xd93120,6666520,0x65b918,
6480,0x7ff629b07fb0,0xd97fb0,6666553,0x65b939,
6481,0x7ff628db6c70,0x46c70,6666589,0x65b95d,
6482,0x7ff629b08100,0xd98100,6666678,0x65b9b6,
6483,0x7ff629b08390,0xd98390,6666886,0x65ba86,
6484,0x7ff629b088d0,0xd988d0,6667246,0x65bbee,
6485,0x7ff629b09350,0xd99350,6667312,0x65bc30,
6486,0x7ff629b094d0,0xd994d0,6667378,0x65bc72,
6487,0x7ff629b09650,0xd99650,6667488,0x65bce0,
6488,0x7ff629b098a0,0xd998a0,6667631,0x65bd6f,
6489,0x7ff629b09ca0,0xd99ca0,6667726,0x65bdce,
6490,0x7ff629b09f90,0xd99f90,6667994,0x65beda,
6491,0x7ff629b0a8d0,0xd9a8d0,6668523,0x65c0eb,
6492,0x7ff629b0b970,0xd9b970,6668649,0x65c169,
6493,0x7ff629b0bd70,0xd9bd70,6668828,0x65c21c,
6494,0x7ff629b0c1e0,0xd9c1e0,6668880,0x65c250,
6495,0x7ff629b0c3b0,0xd9c3b0,6669235,0x65c3b3,
6496,0x7ff629b0cd10,0xd9cd10,6669435,0x65c47b,
6497,0x7ff629b0d3b0,0xd9d3b0,6669700,0x65c584,
6498,0x7ff629b0da50,0xd9da50,6669783,0x65c5d7,
6499,0x7ff629b0dca0,0xd9dca0,6670496,0x65c8a0,
6500,0x7ff629b0eef0,0xd9eef0,6670608,0x65c910,
6501,0x7ff629b0f1f0,0xd9f1f0,6671096,0x65caf8,
6502,0x7ff629b0fd70,0xd9fd70,6672862,0x65d1de,
6503,0x7ff629b120d0,0xda20d0,6674445,0x65d80d,
6504,0x7ff629b14e10,0xda4e10,6674683,0x65d8fb,
6505,0x7ff629b15480,0xda5480,6674765,0x65d94d,
6506,0x7ff629b15820,0xda5820,6674857,0x65d9a9,
6507,0x7ff629b15c70,0xda5c70,6674882,0x65d9c2,
6508,0x7ff629b15d90,0xda5d90,6675020,0x65da4c,
6509,0x7ff629b166a0,0xda66a0,6675078,0x65da86,
6510,0x7ff629b16a80,0xda6a80,6675276,0x65db4c,
6511,0x7ff629b17060,0xda7060,6675488,0x65dc20,
6512,0x7ff629b17620,0xda7620,6676940,0x65e1cc,
6513,0x7ff629b19580,0xda9580,6677027,0x65e223,
6514,0x7ff629b197c0,0xda97c0,6677792,0x65e520,
6515,0x7ff629b1a870,0xdaa870,6677856,0x65e560,
6516,0x7ff629b1aa70,0xdaaa70,6678293,0x65e715,
6517,0x7ff629b1b700,0xdab700,6678414,0x65e78e,
6518,0x7ff629b1ba90,0xdaba90,6678929,0x65e991,
6519,0x7ff629b1cca0,0xdacca0,6679584,0x65ec20,
6520,0x7ff629b1e250,0xdae250,6679610,0x65ec3a,
6521,0x7ff629b1e350,0xdae350,6679648,0x65ec60,
6522,0x7ff628dc6040,0x56040,6679653,0x65ec65,
6523,0x7ff629b1e430,0xdae430,6679760,0x65ecd0,
6524,0x7ff629b1e660,0xdae660,6679832,0x65ed18,
6525,0x7ff629b1e880,0xdae880,6679847,0x65ed27,
6526,0x7ff629b1e910,0xdae910,6679888,0x65ed50,
6527,0x7ff629b1ea00,0xdaea00,6680076,0x65ee0c,
6528,0x7ff629b1ee50,0xdaee50,6680282,0x65eeda,
6529,0x7ff629b1f410,0xdaf410,6680470,0x65ef96,
6530,0x7ff629b1f860,0xdaf860,6680715,0x65f08b,
6531,0x7ff629b1ff00,0xdaff00,6681074,0x65f1f2,
6532,0x7ff629b20850,0xdb0850,6681175,0x65f257,
6533,0x7ff629b20c50,0xdb0c50,6681419,0x65f34b,
6534,0x7ff629b216d0,0xdb16d0,6681525,0x65f3b5,
6535,0x7ff629b21a30,0xdb1a30,6681657,0x65f439,
6536,0x7ff629b21e60,0xdb1e60,6681692,0x65f45c,
6537,0x7ff629b21fd0,0xdb1fd0,6681735,0x65f487,
6538,0x7ff629b22180,0xdb2180,6681824,0x65f4e0,
6539,0x7ff629b22550,0xdb2550,6681965,0x65f56d,
6540,0x7ff629b229b0,0xdb29b0,6682106,0x65f5fa,
6541,0x7ff629b22e10,0xdb2e10,6682247,0x65f687,
6542,0x7ff629b23270,0xdb3270,6682364,0x65f6fc,
6543,0x7ff629b235a0,0xdb35a0,6682479,0x65f76f,
6544,0x7ff629b238d0,0xdb38d0,6682597,0x65f7e5,
6545,0x7ff629b23b40,0xdb3b40,6682715,0x65f85b,
6546,0x7ff629b23ea0,0xdb3ea0,6683015,0x65f987,
6547,0x7ff629b24c30,0xdb4c30,6683328,0x65fac0,
6548,0x7ff629b25980,0xdb5980,6683366,0x65fae6,
6549,0x7ff629b25ab0,0xdb5ab0,6683414,0x65fb16,
6550,0x7ff629b25c30,0xdb5c30,6683433,0x65fb29,
6551,0x7ff629b25d10,0xdb5d10,6683456,0x65fb40,
6552,0x7ff629b25df0,0xdb5df0,6684065,0x65fda1,
6553,0x7ff629b26a40,0xdb6a40,6684441,0x65ff19,
6554,0x7ff629b273f0,0xdb73f0,6684505,0x65ff59,
6555,0x7ff629b275c0,0xdb75c0,6684914,0x6600f2,
6556,0x7ff629b28020,0xdb8020,6684943,0x66010f,
6557,0x7ff629b28210,0xdb8210,6685075,0x660193,
6558,0x7ff629b284f0,0xdb84f0,6685222,0x660226,
6559,0x7ff629b288d0,0xdb88d0,6685328,0x660290,
6560,0x7ff629b28b60,0xdb8b60,6685377,0x6602c1,
6561,0x7ff629b28d30,0xdb8d30,6685401,0x6602d9,
6562,0x7ff629b28e10,0xdb8e10,6685420,0x6602ec,
6563,0x7ff629b28ec0,0xdb8ec0,6685439,0x6602ff,
6564,0x7ff629b28f70,0xdb8f70,6685508,0x660344,
6565,0x7ff629b29300,0xdb9300,6685540,0x660364,
6566,0x7ff628e35ce0,0xc5ce0,6685552,0x660370,
6567,0x7ff628db6cc0,0x46cc0,6685573,0x660385,
6568,0x7ff628db6d10,0x46d10,6685600,0x6603a0,
6569,0x7ff628db6d80,0x46d80,6685635,0x6603c3,
6570,0x7ff628db6e10,0x46e10,6685741,0x66042d,
6571,0x7ff628db6ea0,0x46ea0,6685783,0x660457,
6572,0x7ff628db6f00,0x46f00,6685833,0x660489,
6573,0x7ff629b294e0,0xdb94e0,6686016,0x660540,
6574,0x7ff629b29980,0xdb9980,6686062,0x66056e,
6575,0x7ff629b29ae0,0xdb9ae0,6686108,0x66059c,
6576,0x7ff629b29c40,0xdb9c40,6686156,0x6605cc,
6577,0x7ff629b29de0,0xdb9de0,6686246,0x660626,
6578,0x7ff629b2a130,0xdba130,6686282,0x66064a,
6579,0x7ff629b2a280,0xdba280,6686330,0x66067a,
6580,0x7ff629b2a470,0xdba470,6686556,0x66075c,
6581,0x7ff629b2abe0,0xdbabe0,6686627,0x6607a3,
6582,0x7ff629b2ae60,0xdbae60,6687715,0x660be3,
6583,0x7ff629b2cba0,0xdbcba0,6687763,0x660c13,
6584,0x7ff629b2cd90,0xdbcd90,6687802,0x660c3a,
6585,0x7ff629b2cef0,0xdbcef0,6687846,0x660c66,
6586,0x7ff629b2d0b0,0xdbd0b0,6687898,0x660c9a,
6587,0x7ff629b2d270,0xdbd270,6687950,0x660cce,
6588,0x7ff629b2d430,0xdbd430,6687990,0x660cf6,
6589,0x7ff629b2d5c0,0xdbd5c0,6688030,0x660d1e,
6590,0x7ff629b2d750,0xdbd750,6688070,0x660d46,
6591,0x7ff629b2d8e0,0xdbd8e0,6688110,0x660d6e,
6592,0x7ff629b2da70,0xdbda70,6688150,0x660d96,
6593,0x7ff629b2dc00,0xdbdc00,6688362,0x660e6a,
6594,0x7ff629b2e200,0xdbe200,6688405,0x660e95,
6595,0x7ff629b2e390,0xdbe390,6688448,0x660ec0,
6596,0x7ff629b2e520,0xdbe520,6688491,0x660eeb,
6597,0x7ff629b2e6b0,0xdbe6b0,6688530,0x660f12,
6598,0x7ff629b2e810,0xdbe810,6688596,0x660f54,
6599,0x7ff629b2ea70,0xdbea70,6688703,0x660fbf,
6600,0x7ff629b2edd0,0xdbedd0,6688768,0x661000,
6601,0x7ff629b2ef60,0xdbef60,6688781,0x66100d,
6602,0x7ff629b2efe0,0xdbefe0,6688794,0x66101a,
6603,0x7ff629b2f060,0xdbf060,6688807,0x661027,
6604,0x7ff629b2f100,0xdbf100,6688820,0x661034,
6605,0x7ff629b2f1b0,0xdbf1b0,6688833,0x661041,
6606,0x7ff629b2f260,0xdbf260,6688851,0x661053,
6607,0x7ff629b2f360,0xdbf360,6688920,0x661098,
6608,0x7ff629b2f5e0,0xdbf5e0,6688985,0x6610d9,
6609,0x7ff628db6f80,0x46f80,6688993,0x6610e1,
6610,0x7ff629b2f8d0,0xdbf8d0,6689059,0x661123,
6611,0x7ff629b2fb30,0xdbfb30,6689116,0x66115c,
6612,0x7ff629b2fe10,0xdbfe10,6689188,0x6611a4,
6613,0x7ff629b30070,0xdc0070,6689242,0x6611da,
6614,0x7ff628db6f80,0x46f80,6689256,0x6611e8,
6615,0x7ff629b30270,0xdc0270,6689275,0x6611fb,
6616,0x7ff628db7020,0x47020,6689611,0x66134b,
6617,0x7ff629b30330,0xdc0330,6689893,0x661465,
6618,0x7ff628db7180,0x47180,6690229,0x6615b5,
6619,0x7ff629b30b10,0xdc0b10,6690511,0x6616cf,
6620,0x7ff629b312f0,0xdc12f0,6690793,0x6617e9,
6621,0x7ff629b31ad0,0xdc1ad0,6691129,0x661939,
6622,0x7ff629b326e0,0xdc26e0,6691174,0x661966,
6623,0x7ff629b32820,0xdc2820,6691190,0x661976,
6624,0x7ff629b328e0,0xdc28e0,6691242,0x6619aa,
6625,0x7ff629b32af0,0xdc2af0,6691264,0x6619c0,
6626,0x7ff629b32bd0,0xdc2bd0,6691310,0x6619ee,
6627,0x7ff629b32db0,0xdc2db0,6691356,0x661a1c,
6628,0x7ff629b32f70,0xdc2f70,6691569,0x661af1,
6629,0x7ff629b33740,0xdc3740,6691602,0x661b12,
6630,0x7ff629b33860,0xdc3860,6691619,0x661b23,
6631,0x7ff629b33920,0xdc3920,6691688,0x661b68,
6632,0x7ff629b33bb0,0xdc3bb0,6691814,0x661be6,
6633,0x7ff629b34020,0xdc4020,6691847,0x661c07,
6634,0x7ff629b34140,0xdc4140,6692003,0x661ca3,
6635,0x7ff629b34590,0xdc4590,6692159,0x661d3f,
6636,0x7ff629b349e0,0xdc49e0,6692318,0x661dde,
6637,0x7ff629b34e40,0xdc4e40,6692485,0x661e85,
6638,0x7ff629b35290,0xdc5290,6692662,0x661f36,
6639,0x7ff629b356f0,0xdc56f0,6692917,0x662035,
6640,0x7ff629b35ee0,0xdc5ee0,6693172,0x662134,
6641,0x7ff629b366d0,0xdc66d0,6693427,0x662233,
6642,0x7ff629b36ec0,0xdc6ec0,6693693,0x66233d,
6643,0x7ff629b376b0,0xdc76b0,6693959,0x662447,
6644,0x7ff629b37ea0,0xdc7ea0,6694041,0x662499,
6645,0x7ff629b381c0,0xdc81c0,6694141,0x6624fd,
6646,0x7ff629b38560,0xdc8560,6694183,0x662527,
6647,0x7ff629b386c0,0xdc86c0,6694200,0x662538,
6648,0x7ff629b388b0,0xdc88b0,6694242,0x662562,
6649,0x7ff629b38a10,0xdc8a10,6694259,0x662573,
6650,0x7ff629b38c00,0xdc8c00,6694315,0x6625ab,
6651,0x7ff629b38e10,0xdc8e10,6694588,0x6626bc,
6652,0x7ff629b396e0,0xdc96e0,6694861,0x6627cd,
6653,0x7ff629b39fb0,0xdc9fb0,6695134,0x6628de,
6654,0x7ff629b3a880,0xdca880,6695640,0x662ad8,
6655,0x7ff629b3b6d0,0xdcb6d0,6696146,0x662cd2,
6656,0x7ff629b3c520,0xdcc520,6696652,0x662ecc,
6657,0x7ff629b3d370,0xdcd370,6696867,0x662fa3,
6658,0x7ff629b3d8d0,0xdcd8d0,6697085,0x66307d,
6659,0x7ff629b3de40,0xdcde40,6697327,0x66316f,
6660,0x7ff629b3e6a0,0xdce6a0,6697598,0x66327e,
6661,0x7ff629b3eec0,0xdceec0,6697774,0x66332e,
6662,0x7ff629b3f310,0xdcf310,6697823,0x66335f,
6663,0x7ff629b3f470,0xdcf470,6697872,0x663390,
6664,0x7ff629b3f5d0,0xdcf5d0,6698163,0x6634b3,
6665,0x7ff629b40280,0xdd0280,6698454,0x6635d6,
6666,0x7ff629b40f30,0xdd0f30,6698611,0x663673,
6667,0x7ff629b41320,0xdd1320,6698759,0x663707,
6668,0x7ff629b41710,0xdd1710,6698806,0x663736,
6669,0x7ff628db6c70,0x46c70,6698824,0x663748,
6670,0x7ff628db72e0,0x472e0,6698854,0x663766,
6671,0x7ff629b21fd0,0xdb1fd0,6698897,0x663791,
6672,0x7ff629b418a0,0xdd18a0,6699027,0x663813,
6673,0x7ff629b41d80,0xdd1d80,6699184,0x6638b0,
6674,0x7ff629b42340,0xdd2340,6699379,0x663973,
6675,0x7ff629b42400,0xdd2400,6699592,0x663a48,
6676,0x7ff629b42d00,0xdd2d00,6699826,0x663b32,
6677,0x7ff629b43690,0xdd3690,6699935,0x663b9f,
6678,0x7ff629b43b40,0xdd3b40,6700044,0x663c0c,
6679,0x7ff629b43ff0,0xdd3ff0,6700052,0x663c14,
6680,0x7ff628e35ce0,0xc5ce0,6700059,0x663c1b,
6681,0x7ff628dc6040,0x56040,6700064,0x663c20,
6682,0x7ff628dc6040,0x56040,6700069,0x663c25,
6683,0x7ff628dc6040,0x56040,6700074,0x663c2a,
6684,0x7ff628dc6040,0x56040,6700079,0x663c2f,
6685,0x7ff629b44070,0xdd4070,6700218,0x663cba,
6686,0x7ff629b444f0,0xdd44f0,6700473,0x663db9,
6687,0x7ff629b44b10,0xdd4b10,6700515,0x663de3,
6688,0x7ff629b44c70,0xdd4c70,6701209,0x664099,
6689,0x7ff629b45b10,0xdd5b10,6701257,0x6640c9,
6690,0x7ff629b45cc0,0xdd5cc0,6701306,0x6640fa,
6691,0x7ff629b45b10,0xdd5b10,6701354,0x66412a,
6692,0x7ff629b45cc0,0xdd5cc0,6701408,0x664160,
6693,0x7ff629b45e70,0xdd5e70,6704137,0x664c09,
6694,0x7ff629b48380,0xdd8380,6704267,0x664c8b,
6695,0x7ff629b48680,0xdd8680,6704335,0x664ccf,
6696,0x7ff629b48880,0xdd8880,6704512,0x664d80,
6697,0x7ff629b48ce0,0xdd8ce0,6704531,0x664d93,
6698,0x7ff629b48db0,0xdd8db0,6704688,0x664e30,
6699,0x7ff629b49200,0xdd9200,6704784,0x664e90,
6700,0x7ff629b49450,0xdd9450,6704868,0x664ee4,
6701,0x7ff629b498f0,0xdd98f0,6705176,0x665018,
6702,0x7ff629b4a220,0xdda220,6705631,0x6651df,
6703,0x7ff629b4af40,0xddaf40,6705909,0x6652f5,
6704,0x7ff629b4b740,0xddb740,6706218,0x66542a,
6705,0x7ff629b4c070,0xddc070,6706364,0x6654bc,
6706,0x7ff629b4c3d0,0xddc3d0,6706427,0x6654fb,
6707,0x7ff629b4c590,0xddc590,6706627,0x6655c3,
6708,0x7ff629b4cb40,0xddcb40,6706681,0x6655f9,
6709,0x7ff629b4ccf0,0xddccf0,6706731,0x66562b,
6710,0x7ff629b4ce70,0xddce70,6706852,0x6656a4,
6711,0x7ff629b4d1e0,0xddd1e0,6706897,0x6656d1,
6712,0x7ff629b4d350,0xddd350,6706942,0x6656fe,
6713,0x7ff629b4d4c0,0xddd4c0,6707091,0x665793,
6714,0x7ff629b4db30,0xdddb30,6708634,0x665d9a,
6715,0x7ff629b50550,0xde0550,6711644,0x66695c,
6716,0x7ff629b558f0,0xde58f0,6711984,0x666ab0,
6717,0x7ff629b56180,0xde6180,6712021,0x666ad5,
6718,0x7ff629b562c0,0xde62c0,6712197,0x666b85,
6719,0x7ff629b567f0,0xde67f0,6712214,0x666b96,
6720,0x7ff629b568b0,0xde68b0,6712237,0x666bad,
6721,0x7ff629b569a0,0xde69a0,6712254,0x666bbe,
6722,0x7ff629b56a60,0xde6a60,6712268,0x666bcc,
6723,0x7ff629b56b00,0xde6b00,6712304,0x666bf0,
6724,0x7ff629b56c30,0xde6c30,6712339,0x666c13,
6725,0x7ff629b56d70,0xde6d70,6712440,0x666c78,
6726,0x7ff629b57020,0xde7020,6712562,0x666cf2,
6727,0x7ff629b57350,0xde7350,6712647,0x666d47,
6728,0x7ff629b57640,0xde7640,6712739,0x666da3,
6729,0x7ff629b57900,0xde7900,6712768,0x666dc0,
6730,0x7ff629b579f0,0xde79f0,6712797,0x666ddd,
6731,0x7ff629b57ae0,0xde7ae0,6712820,0x666df4,
6732,0x7ff629b57bb0,0xde7bb0,6712847,0x666e0f,
6733,0x7ff629b57cb0,0xde7cb0,6712899,0x666e43,
6734,0x7ff629b57e50,0xde7e50,6712917,0x666e55,
6735,0x7ff629b57ee0,0xde7ee0,6712934,0x666e66,
6736,0x7ff629b57fa0,0xde7fa0,6713009,0x666eb1,
6737,0x7ff629b58240,0xde8240,6713047,0x666ed7,
6738,0x7ff629b58340,0xde8340,6713097,0x666f09,
6739,0x7ff629b584c0,0xde84c0,6713184,0x666f60,
6740,0x7ff629b587d0,0xde87d0,6713197,0x666f6d,
6741,0x7ff629b58860,0xde8860,6713210,0x666f7a,
6742,0x7ff629b588f0,0xde88f0,6713223,0x666f87,
6743,0x7ff629b58980,0xde8980,6713255,0x666fa7,
6744,0x7ff629b58a50,0xde8a50,6713349,0x667005,
6745,0x7ff629b58c30,0xde8c30,6713434,0x66705a,
6746,0x7ff629b58df0,0xde8df0,6713675,0x66714b,
6747,0x7ff629b591f0,0xde91f0,6713916,0x66723c,
6748,0x7ff629b59620,0xde9620,6713929,0x667249,
6749,0x7ff629b596a0,0xde96a0,6713968,0x667270,
6750,0x7ff629b59790,0xde9790,6713981,0x66727d,
6751,0x7ff629b59820,0xde9820,6713994,0x66728a,
6752,0x7ff629b598b0,0xde98b0,6714007,0x667297,
6753,0x7ff629b59940,0xde9940,6714017,0x6672a1,
6754,0x7ff629b599b0,0xde99b0,6714041,0x6672b9,
6755,0x7ff629b59a60,0xde9a60,6714064,0x6672d0,
6756,0x7ff629b59b10,0xde9b10,6714106,0x6672fa,
6757,0x7ff629b59c00,0xde9c00,6714340,0x6673e4,
6758,0x7ff629b5a0f0,0xdea0f0,6714498,0x667482,
6759,0x7ff629b5a4a0,0xdea4a0,6714717,0x66755d,
6760,0x7ff629b5aa20,0xdeaa20,6714850,0x6675e2,
6761,0x7ff629b5ade0,0xdeade0,6714983,0x667667,
6762,0x7ff629b5b1a0,0xdeb1a0,6715116,0x6676ec,
6763,0x7ff629b5b560,0xdeb560,6715471,0x66784f,
6764,0x7ff629b5bf20,0xdebf20,6715934,0x667a1e,
6765,0x7ff629b5cbc0,0xdecbc0,6715947,0x667a2b,
6766,0x7ff629b5cc50,0xdecc50,6715978,0x667a4a,
6767,0x7ff629b5cd30,0xdecd30,6715997,0x667a5d,
6768,0x7ff629b5cde0,0xdecde0,6716030,0x667a7e,
6769,0x7ff629b5cef0,0xdecef0,6716043,0x667a8b,
6770,0x7ff629b5cf80,0xdecf80,6716062,0x667a9e,
6771,0x7ff629b5d030,0xded030,6716076,0x667aac,
6772,0x7ff629b5d0b0,0xded0b0,6716094,0x667abe,
6773,0x7ff629b5d0b0,0xded0b0,6716112,0x667ad0,
6774,0x7ff629b5d170,0xded170,6716126,0x667ade,
6775,0x7ff629b5d200,0xded200,6716139,0x667aeb,
6776,0x7ff629b5d290,0xded290,6716178,0x667b12,
6777,0x7ff629b5d3a0,0xded3a0,6716217,0x667b39,
6778,0x7ff629b5d4d0,0xded4d0,6716246,0x667b56,
6779,0x7ff629b5d5b0,0xded5b0,6716270,0x667b6e,
6780,0x7ff629b5d680,0xded680,6716309,0x667b95,
6781,0x7ff629b5d7c0,0xded7c0,6716347,0x667bbb,
6782,0x7ff629b5d8f0,0xded8f0,6716385,0x667be1,
6783,0x7ff629b5da20,0xdeda20,6716431,0x667c0f,
6784,0x7ff629b5dbc0,0xdedbc0,6716481,0x667c41,
6785,0x7ff629b5dd90,0xdedd90,6716549,0x667c85,
6786,0x7ff629b5e0d0,0xdee0d0,6716745,0x667d49,
6787,0x7ff629b5e5b0,0xdee5b0,6716995,0x667e43,
6788,0x7ff629b5da20,0xdeda20,6717041,0x667e71,
6789,0x7ff629b5e0d0,0xdee0d0,6717237,0x667f35,
6790,0x7ff629b5dbc0,0xdedbc0,6717287,0x667f67,
6791,0x7ff629b5e5b0,0xdee5b0,6717537,0x668061,
6792,0x7ff629b5ebd0,0xdeebd0,6717788,0x66815c,
6793,0x7ff629b5f740,0xdef740,6717925,0x6681e5,
6794,0x7ff629b5fbb0,0xdefbb0,6718176,0x6682e0,
6795,0x7ff629b60720,0xdf0720,6718313,0x668369,
6796,0x7ff629b60b90,0xdf0b90,6718763,0x66852b,
6797,0x7ff629b61fd0,0xdf1fd0,6719016,0x668628,
6798,0x7ff629b627c0,0xdf27c0,6719378,0x668792,
6799,0x7ff629b63860,0xdf3860,6719851,0x66896b,
6800,0x7ff629b64e30,0xdf4e30,6720048,0x668a30,
6801,0x7ff629b65460,0xdf5460,6720301,0x668b2d,
6802,0x7ff629b65c50,0xdf5c50,6720663,0x668c97,
6803,0x7ff629b66cf0,0xdf6cf0,6721136,0x668e70,
6804,0x7ff629b682c0,0xdf82c0,6721333,0x668f35,
6805,0x7ff629b688f0,0xdf88f0,6721586,0x669032,
6806,0x7ff629b690e0,0xdf90e0,6721839,0x66912f,
6807,0x7ff629b698d0,0xdf98d0,6722122,0x66924a,
6808,0x7ff629b6a330,0xdfa330,6722343,0x669327,
6809,0x7ff629b6aae0,0xdfaae0,6722638,0x66944e,
6810,0x7ff629b6b540,0xdfb540,6723110,0x669626,
6811,0x7ff629b6caf0,0xdfcaf0,6723231,0x66969f,
6812,0x7ff629b6cfe0,0xdfcfe0,6723844,0x669904,
6813,0x7ff629b6ec40,0xdfec40,6724151,0x669a37,
6814,0x7ff629b6f7a0,0xdff7a0,6724544,0x669bc0,
6815,0x7ff629b70640,0xe00640,6725016,0x669d98,
6816,0x7ff629b71bf0,0xe01bf0,6725629,0x669ffd,
6817,0x7ff629b73850,0xe03850,6725936,0x66a130,
6818,0x7ff629b743b0,0xe043b0,6726329,0x66a2b9,
6819,0x7ff629b75250,0xe05250,6726782,0x66a47e,
6820,0x7ff629b76300,0xe06300,6733131,0x66bd4b,
6821,0x7ff629b81550,0xe11550,6733253,0x66bdc5,
6822,0x7ff629b81880,0xe11880,6733576,0x66bf08,
6823,0x7ff629b821b0,0xe121b0,6733710,0x66bf8e,
6824,0x7ff629b824a0,0xe124a0,6734067,0x66c0f3,
6825,0x7ff629b82ba0,0xe12ba0,6734238,0x66c19e,
6826,0x7ff629b830c0,0xe130c0,6734471,0x66c287,
6827,0x7ff629b835a0,0xe135a0,6734705,0x66c371,
6828,0x7ff629b83e30,0xe13e30,6734770,0x66c3b2,
6829,0x7ff629b840a0,0xe140a0,6734783,0x66c3bf,
6830,0x7ff629b84130,0xe14130,6734800,0x66c3d0,
6831,0x7ff629b841b0,0xe141b0,6734832,0x66c3f0,
6832,0x7ff629b842d0,0xe142d0,6734864,0x66c410,
6833,0x7ff629b843f0,0xe143f0,6734894,0x66c42e,
6834,0x7ff629b84520,0xe14520,6734924,0x66c44c,
6835,0x7ff629b84650,0xe14650,6734950,0x66c466,
6836,0x7ff629b84750,0xe14750,6734976,0x66c480,
6837,0x7ff629b84850,0xe14850,6735006,0x66c49e,
6838,0x7ff629b84980,0xe14980,6735036,0x66c4bc,
6839,0x7ff629b84ab0,0xe14ab0,6735062,0x66c4d6,
6840,0x7ff629b84bb0,0xe14bb0,6735088,0x66c4f0,
6841,0x7ff628db7340,0x47340,6735164,0x66c53c,
6842,0x7ff628db73b0,0x473b0,6735214,0x66c56e,
6843,0x7ff628db7400,0x47400,6735565,0x66c6cd,
6844,0x7ff628db7610,0x47610,6736260,0x66c984,
6845,0x7ff628db7a20,0x47a20,6736955,0x66cc3b,
6846,0x7ff628db7e30,0x47e30,6737366,0x66cdd6,
6847,0x7ff628db80d0,0x480d0,6737472,0x66ce40,
6848,0x7ff628db81e0,0x481e0,6737624,0x66ced8,
6849,0x7ff628db8330,0x48330,6737741,0x66cf4d,
6850,0x7ff628db8450,0x48450,6737790,0x66cf7e,
6851,0x7ff628db8510,0x48510,6737896,0x66cfe8,
6852,0x7ff628db8620,0x48620,6738016,0x66d060,
6853,0x7ff629b84cb0,0xe14cb0,6738058,0x66d08a,
6854,0x7ff629b84e40,0xe14e40,6738100,0x66d0b4,
6855,0x7ff629b84fd0,0xe14fd0,6738176,0x66d100,
6856,0x7ff629b84e40,0xe14e40,6738218,0x66d12a,
6857,0x7ff629b85260,0xe15260,6738355,0x66d1b3,
6858,0x7ff629b856b0,0xe156b0,6738492,0x66d23c,
6859,0x7ff629b85b00,0xe15b00,6738667,0x66d2eb,
6860,0x7ff629b856b0,0xe156b0,6738804,0x66d374,
6861,0x7ff629b84cb0,0xe14cb0,6738846,0x66d39e,
6862,0x7ff629b86050,0xe16050,6739109,0x66d4a5,
6863,0x7ff629b86890,0xe16890,6739582,0x66d67e,
6864,0x7ff629b87650,0xe17650,6739748,0x66d724,
6865,0x7ff629b87b20,0xe17b20,6739914,0x66d7ca,
6866,0x7ff629b87ff0,0xe17ff0,6740317,0x66d95d,
6867,0x7ff629b88b30,0xe18b30,6741682,0x66deb2,
6868,0x7ff629b8a860,0xe1a860,6742127,0x66e06f,
6869,0x7ff629b8b470,0xe1b470,6742206,0x66e0be,
6870,0x7ff629b8b720,0xe1b720,6742276,0x66e104,
6871,0x7ff629b8b940,0xe1b940,6742642,0x66e272,
6872,0x7ff629b8c3f0,0xe1c3f0,6743523,0x66e5e3,
6873,0x7ff629b8c4a0,0xe1c4a0,6743552,0x66e600,
6874,0x7ff629b8c5d0,0xe1c5d0,6743596,0x66e62c,
6875,0x7ff629b8c770,0xe1c770,6743617,0x66e641,
6876,0x7ff629b8c820,0xe1c820,6743818,0x66e70a,
6877,0x7ff629b8ce30,0xe1ce30,6743884,0x66e74c,
6878,0x7ff629b8d0f0,0xe1d0f0,6744639,0x66ea3f,
6879,0x7ff629b8e620,0xe1e620,6744668,0x66ea5c,
6880,0x7ff629b8e750,0xe1e750,6745405,0x66ed3d,
6881,0x7ff629b8fc50,0xe1fc50,6747221,0x66f455,
6882,0x7ff629b93480,0xe23480,6747647,0x66f5ff,
6883,0x7ff629b93fc0,0xe23fc0,6750432,0x6700e0,
6884,0x7ff629b969d0,0xe269d0,6750532,0x670144,
6885,0x7ff629b96c90,0xe26c90,6750614,0x670196,
6886,0x7ff629b96fa0,0xe26fa0,6750862,0x67028e,
6887,0x7ff629b976c0,0xe276c0,6750920,0x6702c8,
6888,0x7ff629b97800,0xe27800,6751056,0x670350,
6889,0x7ff629b97bd0,0xe27bd0,6751106,0x670382,
6890,0x7ff629b97db0,0xe27db0,6751289,0x670439,
6891,0x7ff629b982c0,0xe282c0,6751363,0x670483,
6892,0x7ff629b984f0,0xe284f0,6751382,0x670496,
6893,0x7ff629b985c0,0xe285c0,6751725,0x6705ed,
6894,0x7ff629b98ea0,0xe28ea0,6753431,0x670c97,
6895,0x7ff629b9a210,0xe2a210,6753700,0x670da4,
6896,0x7ff629b9a870,0xe2a870,6754127,0x670f4f,
6897,0x7ff629b9b250,0xe2b250,6754203,0x670f9b,
6898,0x7ff629b9b450,0xe2b450,6754259,0x670fd3,
6899,0x7ff629b9b600,0xe2b600,6754434,0x671082,
6900,0x7ff629b9bc10,0xe2bc10,6754476,0x6710ac,
6901,0x7ff629b9bd70,0xe2bd70,6755982,0x67168e,
6902,0x7ff629b9df70,0xe2df70,6756014,0x6716ae,
6903,0x7ff629b9e0b0,0xe2e0b0,6756045,0x6716cd,
6904,0x7ff629b9e1f0,0xe2e1f0,6756085,0x6716f5,
6905,0x7ff629b9e350,0xe2e350,6756162,0x671742,
6906,0x7ff629b9e550,0xe2e550,6757489,0x671c71,
6907,0x7ff629ba0940,0xe30940,6757674,0x671d2a,
6908,0x7ff629ba0e40,0xe30e40,6758101,0x671ed5,
6909,0x7ff629ba1cb0,0xe31cb0,6758528,0x672080,
6910,0x7ff629ba2b20,0xe32b20,6759205,0x672325,
6911,0x7ff629ba41b0,0xe341b0,6759879,0x6725c7,
6912,0x7ff629ba58d0,0xe358d0,6760553,0x672869,
6913,0x7ff629ba6ff0,0xe36ff0,6760861,0x67299d,
6914,0x7ff629ba7a40,0xe37a40,6761169,0x672ad1,
6915,0x7ff629ba8490,0xe38490,6761569,0x672c61,
6916,0x7ff629ba9170,0xe39170,6761621,0x672c95,
6917,0x7ff629ba9340,0xe39340,6761774,0x672d2e,
6918,0x7ff629ba9760,0xe39760,6761914,0x672dba,
6919,0x7ff629ba9aa0,0xe39aa0,6761977,0x672df9,
6920,0x7ff629ba9cb0,0xe39cb0,6762025,0x672e29,
6921,0x7ff629ba9e10,0xe39e10,6762428,0x672fbc,
6922,0x7ff629baab60,0xe3ab60,6763138,0x673282,
6923,0x7ff629bac460,0xe3c460,6763847,0x673547,
6924,0x7ff629badd90,0xe3dd90,6764263,0x6736e7,
6925,0x7ff629baebf0,0xe3ebf0,6764619,0x67384b,
6926,0x7ff629baf7d0,0xe3f7d0,6765011,0x6739d3,
6927,0x7ff629bb04e0,0xe404e0,6765093,0x673a25,
6928,0x7ff629bb07c0,0xe407c0,6765283,0x673ae3,
6929,0x7ff629bb0d40,0xe40d40,6765616,0x673c30,
6930,0x7ff629bb1730,0xe41730,6765862,0x673d26,
6931,0x7ff629bb1e50,0xe41e50,6766428,0x673f5c,
6932,0x7ff629bb2fa0,0xe42fa0,6767080,0x6741e8,
6933,0x7ff629bb3120,0xe43120,6767618,0x674402,
6934,0x7ff629bb3dd0,0xe43dd0,6767640,0x674418,
6935,0x7ff629bb3ea0,0xe43ea0,6767920,0x674530,
6936,0x7ff629bb4580,0xe44580,6767930,0x67453a,
6937,0x7ff629bb4600,0xe44600,6767943,0x674547,
6938,0x7ff629bb4690,0xe44690,6767953,0x674551,
6939,0x7ff629bb4710,0xe44710,6767966,0x67455e,
6940,0x7ff629bb47a0,0xe447a0,6768102,0x6745e6,
6941,0x7ff629bb4ae0,0xe44ae0,6768217,0x674659,
6942,0x7ff629bb4d90,0xe44d90,6768237,0x67466d,
6943,0x7ff629bb4e70,0xe44e70,6768339,0x6746d3,
6944,0x7ff629bb5160,0xe45160,6768385,0x674701,
6945,0x7ff629bb52f0,0xe452f0,6769162,0x674a0a,
6946,0x7ff629bb6600,0xe46600,6769189,0x674a25,
6947,0x7ff629bb6730,0xe46730,6769220,0x674a44,
6948,0x7ff629bb6870,0xe46870,6769286,0x674a86,
6949,0x7ff629bb6ab0,0xe46ab0,6769336,0x674ab8,
6950,0x7ff629bb6c90,0xe46c90,6769373,0x674add,
6951,0x7ff629bb6e20,0xe46e20,6769397,0x674af5,
6952,0x7ff629bb6f20,0xe46f20,6769417,0x674b09,
6953,0x7ff629bb6ff0,0xe46ff0,6769487,0x674b4f,
6954,0x7ff629bb71f0,0xe471f0,6769612,0x674bcc,
6955,0x7ff629bb75b0,0xe475b0,6769726,0x674c3e,
6956,0x7ff629bb7900,0xe47900,6770621,0x674fbd,
6957,0x7ff629bb8cd0,0xe48cd0,6770698,0x67500a,
6958,0x7ff629bb9060,0xe49060,6770767,0x67504f,
6959,0x7ff629bb92c0,0xe492c0,6770840,0x675098,
6960,0x7ff629bb9560,0xe49560,6770912,0x6750e0,
6961,0x7ff629bb97f0,0xe497f0,6770925,0x6750ed,
6962,0x7ff629bb9880,0xe49880,6770935,0x6750f7,
6963,0x7ff629961d60,0xbf1d60,6770965,0x675115,
6964,0x7ff629961ea0,0xbf1ea0,6770999,0x675137,
6965,0x7ff629961fd0,0xbf1fd0,6771029,0x675155,
6966,0x7ff629962100,0xbf2100,6771046,0x675166,
6967,0x7ff6299621b0,0xbf21b0,6771123,0x6751b3,
6968,0x7ff629962410,0xbf2410,6771177,0x6751e9,
6969,0x7ff6299625c0,0xbf25c0,6771231,0x67521f,
6970,0x7ff629962770,0xbf2770,6771285,0x675255,
6971,0x7ff629962920,0xbf2920,6771354,0x67529a,
6972,0x7ff629bb9900,0xe49900,6771384,0x6752b8,
6973,0x7ff629bb9a40,0xe49a40,6771418,0x6752da,
6974,0x7ff629bb9b80,0xe49b80,6771448,0x6752f8,
6975,0x7ff629bb9cb0,0xe49cb0,6771465,0x675309,
6976,0x7ff629bb9d60,0xe49d60,6771542,0x675356,
6977,0x7ff629bb9fc0,0xe49fc0,6771594,0x67538a,
6978,0x7ff629bba150,0xe4a150,6771646,0x6753be,
6979,0x7ff629bba2e0,0xe4a2e0,6771698,0x6753f2,
6980,0x7ff629bba470,0xe4a470,6771765,0x675435,
6981,0x7ff629962b20,0xbf2b20,6771823,0x67546f,
6982,0x7ff629962d10,0xbf2d10,6771877,0x6754a5,
6983,0x7ff629962eb0,0xbf2eb0,6771931,0x6754db,
6984,0x7ff629963050,0xbf3050,6771985,0x675511,
6985,0x7ff629bba660,0xe4a660,6772302,0x67564e,
6986,0x7ff629bbae40,0xe4ae40,6772602,0x67577a,
6987,0x7ff629bbb690,0xe4b690,6772931,0x6758c3,
6988,0x7ff629bbbd60,0xe4bd60,6773065,0x675949,
6989,0x7ff629bbc250,0xe4c250,6773085,0x67595d,
6990,0x7ff629bbc2d0,0xe4c2d0,6773202,0x6759d2,
6991,0x7ff629bbc590,0xe4c590,6774557,0x675f1d,
6992,0x7ff629bbeb60,0xe4eb60,6774750,0x675fde,
6993,0x7ff629bbef60,0xe4ef60,6774884,0x676064,
6994,0x7ff629bbf2b0,0xe4f2b0,6775154,0x676172,
6995,0x7ff629bbf770,0xe4f770,6775311,0x67620f,
6996,0x7ff629bbfae0,0xe4fae0,6775336,0x676228,
6997,0x7ff629bbfbd0,0xe4fbd0,6775495,0x6762c7,
6998,0x7ff629bbffc0,0xe4ffc0,6775530,0x6762ea,
6999,0x7ff629bc00e0,0xe500e0,6775614,0x67633e,
7000,0x7ff629bc0340,0xe50340,6775717,0x6763a5,
7001,0x7ff629bc05f0,0xe505f0,6775792,0x6763f0,
7002,0x7ff629bc0780,0xe50780,6775830,0x676416,
7003,0x7ff629bc08a0,0xe508a0,6776137,0x676549,
7004,0x7ff629bc0ed0,0xe50ed0,6776171,0x67656b,
7005,0x7ff629bc0fa0,0xe50fa0,6776184,0x676578,
7006,0x7ff629bc1030,0xe51030,6776194,0x676582,
7007,0x7ff629b43ff0,0xdd3ff0,6776202,0x67658a,
7008,0x7ff629b43ff0,0xdd3ff0,6776210,0x676592,
7009,0x7ff629bc10b0,0xe510b0,6776253,0x6765bd,
7010,0x7ff629bc11f0,0xe511f0,6776325,0x676605,
7011,0x7ff629bc13b0,0xe513b0,6776345,0x676619,
7012,0x7ff629bc1460,0xe51460,6777130,0x67692a,
7013,0x7ff629bc25f0,0xe525f0,6777942,0x676c56,
7014,0x7ff629bc3aa0,0xe53aa0,6778123,0x676d0b,
7015,0x7ff629bc3ec0,0xe53ec0,6778494,0x676e7e,
7016,0x7ff629bc4510,0xe54510,6778528,0x676ea0,
7017,0x7ff629bc45e0,0xe545e0,6778666,0x676f2a,
7018,0x7ff629bc4ac0,0xe54ac0,6778983,0x677067,
7019,0x7ff629bc5390,0xe55390,6779506,0x677272,
7020,0x7ff629bc6200,0xe56200,6779536,0x677290,
7021,0x7ff629bc6330,0xe56330,6779572,0x6772b4,
7022,0x7ff629bc6460,0xe56460,6779655,0x677307,
7023,0x7ff629bc6690,0xe56690,6779713,0x677341,
7024,0x7ff629bc6860,0xe56860,6779974,0x677446,
7025,0x7ff629bc6f10,0xe56f10,6780265,0x677569,
7026,0x7ff629bc7610,0xe57610,6780301,0x67758d,
7027,0x7ff629bc7740,0xe57740,6780434,0x677612,
7028,0x7ff629bc7a80,0xe57a80,6780501,0x677655,
7029,0x7ff629bc7c50,0xe57c50,6780834,0x6777a2,
7030,0x7ff629bc8490,0xe58490,6780881,0x6777d1,
7031,0x7ff629bc8600,0xe58600,6780982,0x677836,
7032,0x7ff629bc8850,0xe58850,6781128,0x6778c8,
7033,0x7ff629bc8bd0,0xe58bd0,6781175,0x6778f7,
7034,0x7ff629bc8d30,0xe58d30,6781229,0x67792d,
7035,0x7ff629bc8ed0,0xe58ed0,6781298,0x677972,
7036,0x7ff629bc90f0,0xe590f0,6781354,0x6779aa,
7037,0x7ff629bc9280,0xe59280,6781449,0x677a09,
7038,0x7ff629bc9530,0xe59530,6781496,0x677a38,
7039,0x7ff629bc96a0,0xe596a0,6781535,0x677a5f,
7040,0x7ff629bc97d0,0xe597d0,6781596,0x677a9c,
7041,0x7ff629bc9970,0xe59970,6781713,0x677b11,
7042,0x7ff629bc9c80,0xe59c80,6781779,0x677b53,
7043,0x7ff629bc9e40,0xe59e40,6781912,0x677bd8,
7044,0x7ff629bca1c0,0xe5a1c0,6782018,0x677c42,
7045,0x7ff629bca4f0,0xe5a4f0,6782207,0x677cff,
7046,0x7ff629bca7b0,0xe5a7b0,6782277,0x677d45,
7047,0x7ff629bca9a0,0xe5a9a0,6782345,0x677d89,
7048,0x7ff629bcabd0,0xe5abd0,6782383,0x677daf,
7049,0x7ff629918910,0xba8910,6782393,0x677db9,
7050,0x7ff628dc6040,0x56040,6782398,0x677dbe,
7051,0x7ff629bcad80,0xe5ad80,6783086,0x67806e,
7052,0x7ff629bcbe70,0xe5be70,6788659,0x679633,
7053,0x7ff629bd32a0,0xe632a0,6789220,0x679864,
7054,0x7ff629bd3f60,0xe63f60,6790418,0x679d12,
7055,0x7ff629bd5d20,0xe65d20,6791022,0x679f6e,
7056,0x7ff629bd6b70,0xe66b70,6791145,0x679fe9,
7057,0x7ff629bd6ef0,0xe66ef0,6791248,0x67a050,
7058,0x7ff629bd71e0,0xe671e0,6791271,0x67a067,
7059,0x7ff629bd7300,0xe67300,6791299,0x67a083,
7060,0x7ff629bd74e0,0xe674e0,6791363,0x67a0c3,
7061,0x7ff629bd7700,0xe67700,6791393,0x67a0e1,
7062,0x7ff629bd7810,0xe67810,6791451,0x67a11b,
7063,0x7ff629bd79c0,0xe679c0,6791606,0x67a1b6,
7064,0x7ff629bd7e20,0xe67e20,6791636,0x67a1d4,
7065,0x7ff629bd7f30,0xe67f30,6791764,0x67a254,
7066,0x7ff628db8740,0x48740,6791784,0x67a268,
7067,0x7ff628db8790,0x48790,6791804,0x67a27c,
7068,0x7ff629bd8210,0xe68210,6791880,0x67a2c8,
7069,0x7ff629bd8470,0xe68470,6791963,0x67a31b,
7070,0x7ff629bd86f0,0xe686f0,6792037,0x67a365,
7071,0x7ff629bd8970,0xe68970,6792111,0x67a3af,
7072,0x7ff629bd8bf0,0xe68bf0,6792144,0x67a3d0,
7073,0x7ff629bd8d00,0xe68d00,6792225,0x67a421,
7074,0x7ff628db87e0,0x487e0,6792623,0x67a5af,
7075,0x7ff628db89f0,0x489f0,6793035,0x67a74b,
7076,0x7ff628db8c00,0x48c00,6793602,0x67a982,
7077,0x7ff628db8ea0,0x48ea0,6794169,0x67abb9,
7078,0x7ff628db9140,0x49140,6795125,0x67af75,
7079,0x7ff629bd8f10,0xe68f10,6795172,0x67afa4,
7080,0x7ff628db9550,0x49550,6796128,0x67b360,
7081,0x7ff628db9960,0x49960,6796266,0x67b3ea,
7082,0x7ff628db9a70,0x49a70,6796473,0x67b4b9,
7083,0x7ff628db9bc0,0x49bc0,6796629,0x67b555,
7084,0x7ff628db9ce0,0x49ce0,6796868,0x67b644,
7085,0x7ff628db9e50,0x49e50,6796924,0x67b67c,
7086,0x7ff628db9f10,0x49f10,6797062,0x67b706,
7087,0x7ff628dba020,0x4a020,6797269,0x67b7d5,
7088,0x7ff628dba170,0x4a170,6797425,0x67b871,
7089,0x7ff628dba290,0x4a290,6797664,0x67b960,
7090,0x7ff628db9e50,0x49e50,6797720,0x67b998,
7091,0x7ff629bd9150,0xe69150,6797815,0x67b9f7,
7092,0x7ff629bd9680,0xe69680,6797910,0x67ba56,
7093,0x7ff629bd9bb0,0xe69bb0,6798004,0x67bab4,
7094,0x7ff629bda100,0xe6a100,6798124,0x67bb2c,
7095,0x7ff629bda700,0xe6a700,6798288,0x67bbd0,
7096,0x7ff629bda9e0,0xe6a9e0,6798382,0x67bc2e,
7097,0x7ff629bdabb0,0xe6abb0,6798427,0x67bc5b,
7098,0x7ff629bdacb0,0xe6acb0,6798472,0x67bc88,
7099,0x7ff629bdadb0,0xe6adb0,6798547,0x67bcd3,
7100,0x7ff629bdaf20,0xe6af20,6798590,0x67bcfe,
7101,0x7ff629bdb0b0,0xe6b0b0,6798641,0x67bd31,
7102,0x7ff629bdb280,0xe6b280,6798681,0x67bd59,
7103,0x7ff629bdb280,0xe6b280,6798721,0x67bd81,
7104,0x7ff629bdb410,0xe6b410,6798754,0x67bda2,
7105,0x7ff629bdb540,0xe6b540,6798794,0x67bdca,
7106,0x7ff629bdb540,0xe6b540,6798834,0x67bdf2,
7107,0x7ff629bdb6d0,0xe6b6d0,6798867,0x67be13,
7108,0x7ff629bdb800,0xe6b800,6798961,0x67be71,
7109,0x7ff629bdbb50,0xe6bb50,6799054,0x67bece,
7110,0x7ff629bdbea0,0xe6bea0,6799147,0x67bf2b,
7111,0x7ff629bdc1f0,0xe6c1f0,6799241,0x67bf89,
7112,0x7ff629bdc540,0xe6c540,6799334,0x67bfe6,
7113,0x7ff629bdc890,0xe6c890,6799427,0x67c043,
7114,0x7ff629bdcbe0,0xe6cbe0,6799473,0x67c071,
7115,0x7ff629bdcd50,0xe6cd50,6799531,0x67c0ab,
7116,0x7ff629bdd050,0xe6d050,6799577,0x67c0d9,
7117,0x7ff629bdd2c0,0xe6d2c0,6799635,0x67c113,
7118,0x7ff629bdd5c0,0xe6d5c0,6799743,0x67c17f,
7119,0x7ff629bdd8b0,0xe6d8b0,6799794,0x67c1b2,
7120,0x7ff629bddb20,0xe6db20,6799902,0x67c21e,
7121,0x7ff629bdde10,0xe6de10,6799953,0x67c251,
7122,0x7ff629bde080,0xe6e080,6800064,0x67c2c0,
7123,0x7ff629bde460,0xe6e460,6800259,0x67c383,
7124,0x7ff629bdeaf0,0xe6eaf0,6800302,0x67c3ae,
7125,0x7ff629bdecf0,0xe6ecf0,6800755,0x67c573,
7126,0x7ff629bdfea0,0xe6fea0,6801062,0x67c6a6,
7127,0x7ff629be0a00,0xe70a00,6801276,0x67c77c,
7128,0x7ff629be0fa0,0xe70fa0,6801492,0x67c854,
7129,0x7ff629be1590,0xe71590,6801507,0x67c863,
7130,0x7ff629be1620,0xe71620,6801854,0x67c9be,
7131,0x7ff629be20b0,0xe720b0,6801937,0x67ca11,
7132,0x7ff629be22f0,0xe722f0,6801982,0x67ca3e,
7133,0x7ff629be24e0,0xe724e0,6802066,0x67ca92,
7134,0x7ff629be28c0,0xe728c0,6802131,0x67cad3,
7135,0x7ff629be2b50,0xe72b50,6802417,0x67cbf1,
7136,0x7ff629be34f0,0xe734f0,6802463,0x67cc1f,
7137,0x7ff629be3740,0xe73740,6802540,0x67cc6c,
7138,0x7ff629be3a20,0xe73a20,6802654,0x67ccde,
7139,0x7ff629be3d40,0xe73d40,6802901,0x67cdd5,
7140,0x7ff629be4420,0xe74420,6803075,0x67ce83,
7141,0x7ff629be49b0,0xe749b0,6803101,0x67ce9d,
7142,0x7ff629be4aa0,0xe74aa0,6803203,0x67cf03,
7143,0x7ff629be4ea0,0xe74ea0,6803440,0x67cff0,
7144,0x7ff629be5410,0xe75410,6803542,0x67d056,
7145,0x7ff629be5810,0xe75810,6803659,0x67d0cb,
7146,0x7ff629be5c90,0xe75c90,6803726,0x67d10e,
7147,0x7ff629be5ea0,0xe75ea0,6803793,0x67d151,
7148,0x7ff629be60b0,0xe760b0,6803963,0x67d1fb,
7149,0x7ff629be6510,0xe76510,6804159,0x67d2bf,
7150,0x7ff629be69b0,0xe769b0,6804191,0x67d2df,
7151,0x7ff629be6ad0,0xe76ad0,6804647,0x67d4a7,
7152,0x7ff629be7700,0xe77700,6804702,0x67d4de,
7153,0x7ff629be7970,0xe77970,6805156,0x67d6a4,
7154,0x7ff629be8850,0xe78850,6805399,0x67d797,
7155,0x7ff629be93d0,0xe793d0,6805451,0x67d7cb,
7156,0x7ff629be9700,0xe79700,6805514,0x67d80a,
7157,0x7ff629be9a90,0xe79a90,6805680,0x67d8b0,
7158,0x7ff629bea070,0xe7a070,6806320,0x67db30,
7159,0x7ff629beaeb0,0xe7aeb0,6807248,0x67ded0,
7160,0x7ff629bebf30,0xe7bf30,6807299,0x67df03,
7161,0x7ff629bec0b0,0xe7c0b0,6807428,0x67df84,
7162,0x7ff629bec340,0xe7c340,6807823,0x67e10f,
7163,0x7ff629beccb0,0xe7ccb0,6809098,0x67e60a,
7164,0x7ff629bee870,0xe7e870,6809282,0x67e6c2,
7165,0x7ff629beed00,0xe7ed00,6811977,0x67f149,
7166,0x7ff629bf2be0,0xe82be0,6813168,0x67f5f0,
7167,0x7ff629bf4530,0xe84530,6813268,0x67f654,
7168,0x7ff629bf48a0,0xe848a0,6813313,0x67f681,
7169,0x7ff629bf4ad0,0xe84ad0,6813445,0x67f705,
7170,0x7ff629bf4c20,0xe84c20,6813823,0x67f87f,
7171,0x7ff629bf53c0,0xe853c0,6814115,0x67f9a3,
7172,0x7ff629bf5ce0,0xe85ce0,6814217,0x67fa09,
7173,0x7ff629bf6180,0xe86180,6814352,0x67fa90,
7174,0x7ff629bf66a0,0xe866a0,6814527,0x67fb3f,
7175,0x7ff629bf6c10,0xe86c10,6814651,0x67fbbb,
7176,0x7ff629bf6f00,0xe86f00,6815203,0x67fde3,
7177,0x7ff629bf7d50,0xe87d50,6815486,0x67fefe,
7178,0x7ff629bf8350,0xe88350,6816213,0x6801d5,
7179,0x7ff629bf9580,0xe89580,6816248,0x6801f8,
7180,0x7ff629bf96b0,0xe896b0,6816615,0x680367,
7181,0x7ff629bf9ff0,0xe89ff0,6817519,0x6806ef,
7182,0x7ff629bfb720,0xe8b720,6817542,0x680706,
7183,0x7ff629bfb820,0xe8b820,6817637,0x680765,
7184,0x7ff629bfbac0,0xe8bac0,6817704,0x6807a8,
7185,0x7ff629bfbce0,0xe8bce0,6817751,0x6807d7,
7186,0x7ff629bfbe40,0xe8be40,6817837,0x68082d,
7187,0x7ff629bfc0f0,0xe8c0f0,6817997,0x6808cd,
7188,0x7ff628dc6040,0x56040,6818002,0x6808d2,
7189,0x7ff629bfc600,0xe8c600,6818478,0x680aae,
7190,0x7ff628dc6040,0x56040,6818483,0x680ab3,
7191,0x7ff629bfd370,0xe8d370,6818501,0x680ac5,
7192,0x7ff629bfd420,0xe8d420,6818538,0x680aea,
7193,0x7ff629bfd580,0xe8d580,6818559,0x680aff,
7194,0x7ff629bfd580,0xe8d580,6818580,0x680b14,
7195,0x7ff629bfd660,0xe8d660,6818615,0x680b37,
7196,0x7ff629bfd7b0,0xe8d7b0,6819957,0x681075,
7197,0x7ff629bff1d0,0xe8f1d0,6819987,0x681093,
7198,0x7ff629bff300,0xe8f300,6820133,0x681125,
7199,0x7ff629bff660,0xe8f660,6820323,0x6811e3,
7200,0x7ff629bffc10,0xe8fc10,6820445,0x68125d,
7201,0x7ff629918910,0xba8910,6820455,0x681267,
7202,0x7ff629bfff00,0xe8ff00,6820592,0x6812f0,
7203,0x7ff629c00350,0xe90350,6820613,0x681305,
7204,0x7ff629c00430,0xe90430,6820637,0x68131d,
7205,0x7ff629c00520,0xe90520,6822981,0x681c45,
7206,0x7ff629c040c0,0xe940c0,6823187,0x681d13,
7207,0x7ff629c046d0,0xe946d0,6823789,0x681f6d,
7208,0x7ff629c05710,0xe95710,6823857,0x681fb1,
7209,0x7ff629c05910,0xe95910,6823920,0x681ff0,
7210,0x7ff629c05ab0,0xe95ab0,6823930,0x681ffa,
7211,0x7ff629c05b30,0xe95b30,6823943,0x682007,
7212,0x7ff629c05bc0,0xe95bc0,6824015,0x68204f,
7213,0x7ff629c05d50,0xe95d50,6824054,0x682076,
7214,0x7ff629c05e20,0xe95e20,6824081,0x682091,
7215,0x7ff629c05f30,0xe95f30,6824146,0x6820d2,
7216,0x7ff629c06130,0xe96130,6825431,0x6825d7,
7217,0x7ff629c078b0,0xe978b0,6825473,0x682601,
7218,0x7ff629c079f0,0xe979f0,6825623,0x682697,
7219,0x7ff629c07e00,0xe97e00,6825765,0x682725,
7220,0x7ff629c08200,0xe98200,6825895,0x6827a7,
7221,0x7ff629c08580,0xe98580,6826016,0x682820,
7222,0x7ff629c08920,0xe98920,6826043,0x68283b,
7223,0x7ff629c08a50,0xe98a50,6826129,0x682891,
7224,0x7ff629c08cc0,0xe98cc0,6826234,0x6828fa,
7225,0x7ff629c08f60,0xe98f60,6826335,0x68295f,
7226,0x7ff629c09210,0xe99210,6826446,0x6829ce,
7227,0x7ff629c09570,0xe99570,6826494,0x6829fe,
7228,0x7ff629c096f0,0xe996f0,6826521,0x682a19,
7229,0x7ff629c09820,0xe99820,6826544,0x682a30,
7230,0x7ff629c09a70,0xe99a70,6826630,0x682a86,
7231,0x7ff629c09ce0,0xe99ce0,6826776,0x682b18,
7232,0x7ff629c09f20,0xe99f20,6826793,0x682b29,
7233,0x7ff629c09fd0,0xe99fd0,6826949,0x682bc5,
7234,0x7ff629c0a330,0xe9a330,6827086,0x682c4e,
7235,0x7ff629c0a760,0xe9a760,6827107,0x682c63,
7236,0x7ff629c0a840,0xe9a840,6827153,0x682c91,
7237,0x7ff629c0a9c0,0xe9a9c0,6827258,0x682cfa,
7238,0x7ff629c0ad60,0xe9ad60,6827323,0x682d3b,
7239,0x7ff629c0af20,0xe9af20,6827392,0x682d80,
7240,0x7ff629c0b0b0,0xe9b0b0,6827442,0x682db2,
7241,0x7ff629c0b1f0,0xe9b1f0,6828414,0x68317e,
7242,0x7ff629c0cb70,0xe9cb70,6828459,0x6831ab,
7243,0x7ff629c0ccb0,0xe9ccb0,6828527,0x6831ef,
7244,0x7ff629c0ce90,0xe9ce90,6828643,0x683263,
7245,0x7ff629c0d1a0,0xe9d1a0,6828817,0x683311,
7246,0x7ff629c0d5d0,0xe9d5d0,6829008,0x6833d0,
7247,0x7ff629c0da60,0xe9da60,6829022,0x6833de,
7248,0x7ff629c0daf0,0xe9daf0,6829038,0x6833ee,
7249,0x7ff629c0dba0,0xe9dba0,6829048,0x6833f8,
7250,0x7ff629c0dc10,0xe9dc10,6829909,0x683755,
7251,0x7ff629c0f310,0xe9f310,6830899,0x683b33,
7252,0x7ff629c10e00,0xea0e00,6831556,0x683dc4,
7253,0x7ff629c11ee0,0xea1ee0,6832346,0x6840da,
7254,0x7ff629c13460,0xea3460,6834704,0x684a10,
7255,0x7ff629c17460,0xea7460,6835250,0x684c32,
7256,0x7ff629c183f0,0xea83f0,6835398,0x684cc6,
7257,0x7ff629c18830,0xea8830,6835571,0x684d73,
7258,0x7ff629c18d40,0xea8d40,6835744,0x684e20,
7259,0x7ff629c19250,0xea9250,6835917,0x684ecd,
7260,0x7ff629c19760,0xea9760,6836083,0x684f73,
7261,0x7ff629c19c40,0xea9c40,6836264,0x685028,
7262,0x7ff629c1a170,0xeaa170,6836443,0x6850db,
7263,0x7ff629c1a6b0,0xeaa6b0,6836479,0x6850ff,
7264,0x7ff629c1a7e0,0xeaa7e0,6836496,0x685110,
7265,0x7ff629c1a890,0xeaa890,6836520,0x685128,
7266,0x7ff629c1a970,0xeaa970,6836571,0x68515b,
7267,0x7ff629c1aaf0,0xeaaaf0,6836615,0x685187,
7268,0x7ff629c1ad30,0xeaad30,6838980,0x685ac4,
7269,0x7ff629c1eed0,0xeaeed0,6839041,0x685b01,
7270,0x7ff629c1f090,0xeaf090,6839102,0x685b3e,
7271,0x7ff629c1f250,0xeaf250,6839163,0x685b7b,
7272,0x7ff629c1f410,0xeaf410,6839224,0x685bb8,
7273,0x7ff629c1f5d0,0xeaf5d0,6839285,0x685bf5,
7274,0x7ff629c1f790,0xeaf790,6839346,0x685c32,
7275,0x7ff629c1f950,0xeaf950,6839407,0x685c6f,
7276,0x7ff629c1fb10,0xeafb10,6839466,0x685caa,
7277,0x7ff629c1fcc0,0xeafcc0,6839525,0x685ce5,
7278,0x7ff629c1fe70,0xeafe70,6839584,0x685d20,
7279,0x7ff629c20020,0xeb0020,6839643,0x685d5b,
7280,0x7ff629c201d0,0xeb01d0,6839712,0x685da0,
7281,0x7ff629c20380,0xeb0380,6839792,0x685df0,
7282,0x7ff629c20570,0xeb0570,6839871,0x685e3f,
7283,0x7ff629c20760,0xeb0760,6839906,0x685e62,
7284,0x7ff629c208a0,0xeb08a0,6840304,0x685ff0,
7285,0x7ff629c21310,0xeb1310,6840559,0x6860ef,
7286,0x7ff629c21910,0xeb1910,6840643,0x686143,
7287,0x7ff629c21c40,0xeb1c40,6840812,0x6861ec,
7288,0x7ff629c22190,0xeb2190,6841118,0x68631e,
7289,0x7ff629c22910,0xeb2910,6841169,0x686351,
7290,0x7ff629c22ae0,0xeb2ae0,6841238,0x686396,
7291,0x7ff629c22d00,0xeb2d00,6841620,0x686514,
7292,0x7ff629c23750,0xeb3750,6841840,0x6865f0,
7293,0x7ff629c23e90,0xeb3e90,6842078,0x6866de,
7294,0x7ff629c24670,0xeb4670,6842660,0x686924,
7295,0x7ff629c253f0,0xeb53f0,6843116,0x686aec,
7296,0x7ff629c25c00,0xeb5c00,6843529,0x686c89,
7297,0x7ff629c26460,0xeb6460,6843953,0x686e31,
7298,0x7ff629c26ba0,0xeb6ba0,6844300,0x686f8c,
7299,0x7ff629c26f80,0xeb6f80,6844342,0x686fb6,
7300,0x7ff629c270b0,0xeb70b0,6844460,0x68702c,
7301,0x7ff629c274b0,0xeb74b0,6845119,0x6872bf,
7302,0x7ff629c284d0,0xeb84d0,6846659,0x6878c3,
7303,0x7ff629c2a450,0xeba450,6846704,0x6878f0,
7304,0x7ff629c2a580,0xeba580,6846875,0x68799b,
7305,0x7ff629c2ab10,0xebab10,6847034,0x687a3a,
7306,0x7ff629c2b050,0xebb050,6847153,0x687ab1,
7307,0x7ff629c2b360,0xebb360,6847315,0x687b53,
7308,0x7ff629c2b7f0,0xebb7f0,6847354,0x687b7a,
7309,0x7ff629c2b920,0xebb920,6850738,0x6888b2,
7310,0x7ff629c30eb0,0xec0eb0,6851032,0x6889d8,
7311,0x7ff629c31630,0xec1630,6851241,0x688aa9,
7312,0x7ff629c31c50,0xec1c50,6851331,0x688b03,
7313,0x7ff629c31f40,0xec1f40,6851477,0x688b95,
7314,0x7ff629c32290,0xec2290,6851654,0x688c46,
7315,0x7ff629c32770,0xec2770,6851734,0x688c96,
7316,0x7ff629c32960,0xec2960,6852121,0x688e19,
7317,0x7ff629c33290,0xec3290,6852516,0x688fa4,
7318,0x7ff629c33980,0xec3980,6852960,0x689160,
7319,0x7ff629c34310,0xec4310,6853106,0x6891f2,
7320,0x7ff629c34700,0xec4700,6853195,0x68924b,
7321,0x7ff629c348d0,0xec48d0,6853296,0x6892b0,
7322,0x7ff629c34ba0,0xec4ba0,6853349,0x6892e5,
7323,0x7ff629c34d40,0xec4d40,6853388,0x68930c,
7324,0x7ff629c34ea0,0xec4ea0,6853469,0x68935d,
7325,0x7ff629c35100,0xec5100,6853525,0x689395,
7326,0x7ff629c35310,0xec5310,6853558,0x6893b6,
7327,0x7ff629c35440,0xec5440,6853578,0x6893ca,
7328,0x7ff629c35520,0xec5520,6853646,0x68940e,
7329,0x7ff629c35760,0xec5760,6853766,0x689486,
7330,0x7ff629c35a80,0xec5a80,6854089,0x6895c9,
7331,0x7ff629c36300,0xec6300,6854290,0x689692,
7332,0x7ff629c36850,0xec6850,6854472,0x689748,
7333,0x7ff629c36cb0,0xec6cb0,6854688,0x689820,
7334,0x7ff629c37290,0xec7290,6854717,0x68983d,
7335,0x7ff629c37370,0xec7370,6854990,0x68994e,
7336,0x7ff629c37a90,0xec7a90,6855032,0x689978,
7337,0x7ff629c37bf0,0xec7bf0,6856981,0x68a115,
7338,0x7ff629c3a3a0,0xeca3a0,6857045,0x68a155,
7339,0x7ff629c3a3a0,0xeca3a0,6857109,0x68a195,
7340,0x7ff629c3a5c0,0xeca5c0,6857173,0x68a1d5,
7341,0x7ff629c3a7e0,0xeca7e0,6858087,0x68a567,
7342,0x7ff629c3b890,0xecb890,6858296,0x68a638,
7343,0x7ff629c3bda0,0xecbda0,6858635,0x68a78b,
7344,0x7ff629c3c610,0xecc610,6858780,0x68a81c,
7345,0x7ff629c3cac0,0xeccac0,6858865,0x68a871,
7346,0x7ff629c3cd70,0xeccd70,6858906,0x68a89a,
7347,0x7ff629c3ced0,0xecced0,6859089,0x68a951,
7348,0x7ff629c3d430,0xecd430,6859197,0x68a9bd,
7349,0x7ff629c3d7b0,0xecd7b0,6859232,0x68a9e0,
7350,0x7ff629c3d8e0,0xecd8e0,6859270,0x68aa06,
7351,0x7ff629c3da00,0xecda00,6859456,0x68aac0,
7352,0x7ff629c3e070,0xece070,6859652,0x68ab84,
7353,0x7ff629c3e550,0xece550,6860042,0x68ad0a,
7354,0x7ff629c3ee30,0xecee30,6860060,0x68ad1c,
7355,0x7ff629c3eee0,0xeceee0,6861191,0x68b187,
7356,0x7ff629c40320,0xed0320,6861224,0x68b1a8,
7357,0x7ff629c40450,0xed0450,6861369,0x68b239,
7358,0x7ff629c40890,0xed0890,6862023,0x68b4c7,
7359,0x7ff629c41550,0xed1550,6862104,0x68b518,
7360,0x7ff629c41760,0xed1760,6862244,0x68b5a4,
7361,0x7ff629c41b20,0xed1b20,6862302,0x68b5de,
7362,0x7ff629c41d20,0xed1d20,6863843,0x68bbe3,
7363,0x7ff629c44220,0xed4220,6867251,0x68c933,
7364,0x7ff629c496e0,0xed96e0,6867320,0x68c978,
7365,0x7ff629c49900,0xed9900,6867377,0x68c9b1,
7366,0x7ff629c49ad0,0xed9ad0,6867407,0x68c9cf,
7367,0x7ff629c49c00,0xed9c00,6867437,0x68c9ed,
7368,0x7ff629c49d30,0xed9d30,6867509,0x68ca35,
7369,0x7ff629c49fb0,0xed9fb0,6867681,0x68cae1,
7370,0x7ff629c4a3b0,0xeda3b0,6867942,0x68cbe6,
7371,0x7ff629c4a9f0,0xeda9f0,6868124,0x68cc9c,
7372,0x7ff629c4ade0,0xedade0,6868493,0x68ce0d,
7373,0x7ff629c4b890,0xedb890,6868848,0x68cf70,
7374,0x7ff628dc6040,0x56040,6868853,0x68cf75,
7375,0x7ff629c4c2f0,0xedc2f0,6868952,0x68cfd8,
7376,0x7ff629c4c530,0xedc530,6869118,0x68d07e,
7377,0x7ff629c4ca30,0xedca30,6869375,0x68d17f,
7378,0x7ff629c4d490,0xedd490,6869530,0x68d21a,
7379,0x7ff629c4d930,0xedd930,6869688,0x68d2b8,
7380,0x7ff629c4de50,0xedde50,6870671,0x68d68f,
7381,0x7ff629c4fd20,0xedfd20,6870768,0x68d6f0,
7382,0x7ff629c4ffe0,0xedffe0,6870908,0x68d77c,
7383,0x7ff629c50410,0xee0410,6870969,0x68d7b9,
7384,0x7ff629c50620,0xee0620,6871246,0x68d8ce,
7385,0x7ff629c516a0,0xee16a0,6871367,0x68d947,
7386,0x7ff629c51c70,0xee1c70,6871488,0x68d9c0,
7387,0x7ff629c52240,0xee2240,6871777,0x68dae1,
7388,0x7ff629c532e0,0xee32e0,6872052,0x68dbf4,
7389,0x7ff629c542e0,0xee42e0,6872350,0x68dd1e,
7390,0x7ff629c55400,0xee5400,6872693,0x68de75,
7391,0x7ff629c55520,0xee5520,6873076,0x68dff4,
7392,0x7ff629c56af0,0xee6af0,6873201,0x68e071,
7393,0x7ff629c56ec0,0xee6ec0,6873341,0x68e0fd,
7394,0x7ff629c57300,0xee7300,6873583,0x68e1ef,
7395,0x7ff629c579b0,0xee79b0,6873716,0x68e274,
7396,0x7ff629c57dc0,0xee7dc0,6873849,0x68e2f9,
7397,0x7ff629c581d0,0xee81d0,6874013,0x68e39d,
7398,0x7ff629c586d0,0xee86d0,6874165,0x68e435,
7399,0x7ff629c58b60,0xee8b60,6874339,0x68e4e3,
7400,0x7ff629c59090,0xee9090,6874404,0x68e524,
7401,0x7ff629c592d0,0xee92d0,6874469,0x68e565,
7402,0x7ff629c59520,0xee9520,6874715,0x68e65b,
7403,0x7ff629c59b90,0xee9b90,6874933,0x68e735,
7404,0x7ff629c5a190,0xeea190,6874994,0x68e772,
7405,0x7ff629c5a3a0,0xeea3a0,6875055,0x68e7af,
7406,0x7ff629c5a5b0,0xeea5b0,6875070,0x68e7be,
7407,0x7ff629c5a640,0xeea640,6875090,0x68e7d2,
7408,0x7ff629c5a710,0xeea710,6875110,0x68e7e6,
7409,0x7ff629c5a7e0,0xeea7e0,6875259,0x68e87b,
7410,0x7ff628dc6040,0x56040,6875264,0x68e880,
7411,0x7ff629c5af70,0xeeaf70,6875437,0x68e92d,
7412,0x7ff629c5b730,0xeeb730,6877134,0x68efce,
7413,0x7ff628dba400,0x4a400,6877199,0x68f00f,
7414,0x7ff628dba4b0,0x4a4b0,6877305,0x68f079,
7415,0x7ff628dba5b0,0x4a5b0,6877432,0x68f0f8,
7416,0x7ff629c5e220,0xeee220,6877598,0x68f19e,
7417,0x7ff629c5e700,0xeee700,6877772,0x68f24c,
7418,0x7ff629c5ec50,0xeeec50,6877837,0x68f28d,
7419,0x7ff629c5ee90,0xeeee90,6877910,0x68f2d6,
7420,0x7ff629c5f140,0xeef140,6878227,0x68f413,
7421,0x7ff629c5f240,0xeef240,6878551,0x68f557,
7422,0x7ff629c5fc30,0xeefc30,6878855,0x68f687,
7423,0x7ff629c60550,0xef0550,6879064,0x68f758,
7424,0x7ff629c60bd0,0xef0bd0,6879136,0x68f7a0,
7425,0x7ff629c60dc0,0xef0dc0,6879165,0x68f7bd,
7426,0x7ff629c60eb0,0xef0eb0,6879210,0x68f7ea,
7427,0x7ff629c61010,0xef1010,6879289,0x68f839,
7428,0x7ff629c61250,0xef1250,6879328,0x68f860,
7429,0x7ff629c613b0,0xef13b0,6879515,0x68f91b,
7430,0x7ff629c61850,0xef1850,6879584,0x68f960,
7431,0x7ff629c61a50,0xef1a50,6879658,0x68f9aa,
7432,0x7ff629c61dd0,0xef1dd0,6879710,0x68f9de,
7433,0x7ff629c61f70,0xef1f70,6879802,0x68fa3a,
7434,0x7ff629c62260,0xef2260,6880220,0x68fbdc,
7435,0x7ff629c62870,0xef2870,6880846,0x68fe4e,
7436,0x7ff629c63280,0xef3280,6880919,0x68fe97,
7437,0x7ff629c634f0,0xef34f0,6881027,0x68ff03,
7438,0x7ff629c63820,0xef3820,6881069,0x68ff2d,
7439,0x7ff629c63990,0xef3990,6881109,0x68ff55,
7440,0x7ff629c63b40,0xef3b40,6881147,0x68ff7b,
7441,0x7ff629c63c90,0xef3c90,6881188,0x68ffa4,
7442,0x7ff629c63e50,0xef3e50,6881532,0x6900fc,
7443,0x7ff629c644a0,0xef44a0,6881757,0x6901dd,
7444,0x7ff629c648d0,0xef48d0,6881856,0x690240,
7445,0x7ff629c64b90,0xef4b90,6881904,0x690270,
7446,0x7ff629c64cd0,0xef4cd0,6881991,0x6902c7,
7447,0x7ff629c64f20,0xef4f20,6882162,0x690372,
7448,0x7ff629c653c0,0xef53c0,6882308,0x690404,
7449,0x7ff629c65820,0xef5820,6882408,0x690468,
7450,0x7ff629c65b90,0xef5b90,6882808,0x6905f8,
7451,0x7ff629c66830,0xef6830,6883454,0x69087e,
7452,0x7ff629c677e0,0xef77e0,6888857,0x691d99,
7453,0x7ff629c6f0b0,0xeff0b0,6889054,0x691e5e,
7454,0x7ff629c6f640,0xeff640,6889102,0x691e8e,
7455,0x7ff629c6f7c0,0xeff7c0,6889219,0x691f03,
7456,0x7ff629c6fad0,0xeffad0,6889504,0x692020,
7457,0x7ff629c70280,0xf00280,6889741,0x69210d,
7458,0x7ff629c70aa0,0xf00aa0,6889934,0x6921ce,
7459,0x7ff629c71050,0xf01050,6890310,0x692346,
7460,0x7ff629c719b0,0xf019b0,6890350,0x69236e,
7461,0x7ff629c71ad0,0xf01ad0,6890514,0x692412,
7462,0x7ff629c71ef0,0xf01ef0,6890662,0x6924a6,
7463,0x7ff629c724b0,0xf024b0,6890828,0x69254c,
7464,0x7ff629c72910,0xf02910,6892677,0x692c85,
7465,0x7ff629c756a0,0xf056a0,6892782,0x692cee,
7466,0x7ff629c75980,0xf05980,6893128,0x692e48,
7467,0x7ff629c76220,0xf06220,6893281,0x692ee1,
7468,0x7ff629c765c0,0xf065c0,6894837,0x6934f5,
7469,0x7ff629c785c0,0xf085c0,6894881,0x693521,
7470,0x7ff629c78710,0xf08710,6895390,0x69371e,
7471,0x7ff629c79380,0xf09380,6895470,0x69376e,
7472,0x7ff629c79670,0xf09670,6895565,0x6937cd,
7473,0x7ff629c79920,0xf09920,6895662,0x69382e,
7474,0x7ff629c79c20,0xf09c20,6895709,0x69385d,
7475,0x7ff629c79db0,0xf09db0,6895874,0x693902,
7476,0x7ff629c7a2c0,0xf0a2c0,6897165,0x693e0d,
7477,0x7ff629c7bd40,0xf0bd40,6897339,0x693ebb,
7478,0x7ff629c7c260,0xf0c260,6897479,0x693f47,
7479,0x7ff629c7c6e0,0xf0c6e0,6897589,0x693fb5,
7480,0x7ff629c7ca20,0xf0ca20,6898006,0x694156,
7481,0x7ff629c7d4f0,0xf0d4f0,6899405,0x6946cd,
7482,0x7ff629c7efd0,0xf0efd0,6899460,0x694704,
7483,0x7ff629c7f190,0xf0f190,6900034,0x694942,
7484,0x7ff629c7fef0,0xf0fef0,6900574,0x694b5e,
7485,0x7ff629c80a50,0xf10a50,6900864,0x694c80,
7486,0x7ff629c811e0,0xf111e0,6901253,0x694e05,
7487,0x7ff629c819b0,0xf119b0,6901813,0x695035,
7488,0x7ff629c825d0,0xf125d0,6901831,0x695047,
7489,0x7ff629c82690,0xf12690,6904133,0x695945,
7490,0x7ff629c857d0,0xf157d0,6904276,0x6959d4,
7491,0x7ff629c85aa0,0xf15aa0,6904363,0x695a2b,
7492,0x7ff629c85d10,0xf15d10,6904685,0x695b6d,
7493,0x7ff629c86470,0xf16470,6904720,0x695b90,
7494,0x7ff629c865d0,0xf165d0,6905450,0x695e6a,
7495,0x7ff629c878a0,0xf178a0,6905528,0x695eb8,
7496,0x7ff629c87ac0,0xf17ac0,6906122,0x69610a,
7497,0x7ff629c888d0,0xf188d0,6906186,0x69614a,
7498,0x7ff629c88c00,0xf18c00,6906219,0x69616b,
7499,0x7ff629c88d40,0xf18d40,6906252,0x69618c,
7500,0x7ff629c88e80,0xf18e80,6906285,0x6961ad,
7501,0x7ff629c88fc0,0xf18fc0,6906368,0x696200,
7502,0x7ff629c89210,0xf19210,6906388,0x696214,
7503,0x7ff629c892f0,0xf192f0,6906408,0x696228,
7504,0x7ff629c893d0,0xf193d0,6906428,0x69623c,
7505,0x7ff629c894b0,0xf194b0,6906499,0x696283,
7506,0x7ff629c896f0,0xf196f0,6906532,0x6962a4,
7507,0x7ff629c89840,0xf19840,6906591,0x6962df,
7508,0x7ff629c89a00,0xf19a00,6906686,0x69633e,
7509,0x7ff629c89d10,0xf19d10,6906877,0x6963fd,
7510,0x7ff629c8a180,0xf1a180,6906913,0x696421,
7511,0x7ff629c8a2b0,0xf1a2b0,6907035,0x69649b,
7512,0x7ff629c8a640,0xf1a640,6907679,0x69671f,
7513,0x7ff629c8b720,0xf1b720,6907756,0x69676c,
7514,0x7ff629c8ba70,0xf1ba70,6908066,0x6968a2,
7515,0x7ff629c8c240,0xf1c240,6908100,0x6968c4,
7516,0x7ff629c8c3b0,0xf1c3b0,6908214,0x696936,
7517,0x7ff629c8c770,0xf1c770,6908333,0x6969ad,
7518,0x7ff629c8cb00,0xf1cb00,6908394,0x6969ea,
7519,0x7ff629c8ccd0,0xf1ccd0,6908442,0x696a1a,
7520,0x7ff629c8ce70,0xf1ce70,6908501,0x696a55,
7521,0x7ff629c8d170,0xf1d170,6908560,0x696a90,
7522,0x7ff629c8d470,0xf1d470,6908619,0x696acb,
7523,0x7ff629c8d770,0xf1d770,6908682,0x696b0a,
7524,0x7ff629c8d990,0xf1d990,6908730,0x696b3a,
7525,0x7ff629c8dbf0,0xf1dbf0,6908778,0x696b6a,
7526,0x7ff629c8de50,0xf1de50,6908826,0x696b9a,
7527,0x7ff629c8e0b0,0xf1e0b0,6908878,0x696bce,
7528,0x7ff629c8e280,0xf1e280,6908937,0x696c09,
7529,0x7ff629c8e590,0xf1e590,6908985,0x696c39,
7530,0x7ff629c8e730,0xf1e730,6909078,0x696c96,
7531,0x7ff629c8ea00,0xf1ea00,6909184,0x696d00,
7532,0x7ff629c8ecd0,0xf1ecd0,6909882,0x696fba,
7533,0x7ff629c8fba0,0xf1fba0,6910049,0x697061,
7534,0x7ff629c90040,0xf20040,6911320,0x697558,
7535,0x7ff629c91730,0xf21730,6911360,0x697580,
7536,0x7ff629c91850,0xf21850,6911463,0x6975e7,
7537,0x7ff629c91ab0,0xf21ab0,6911525,0x697625,
7538,0x7ff629c2a450,0xeba450,6911570,0x697652,
7539,0x7ff629c91c20,0xf21c20,6917760,0x698e80,
7540,0x7ff629c98530,0xf28530,6917924,0x698f24,
7541,0x7ff629c986d0,0xf286d0,6918051,0x698fa3,
7542,0x7ff629c98a90,0xf28a90,6918144,0x699000,
7543,0x7ff629c98d70,0xf28d70,6918460,0x69913c,
7544,0x7ff629c996d0,0xf296d0,6919280,0x699470,
7545,0x7ff629c9aa40,0xf2aa40,6919499,0x69954b,
7546,0x7ff629c9af20,0xf2af20,6920118,0x6997b6,
7547,0x7ff629c9be70,0xf2be70,6920137,0x6997c9,
7548,0x7ff629c9bf40,0xf2bf40,6920248,0x699838,
7549,0x7ff629c9c210,0xf2c210,6920495,0x69992f,
7550,0x7ff629c9c780,0xf2c780,6920562,0x699972,
7551,0x7ff629c9cb40,0xf2cb40,6920826,0x699a7a,
7552,0x7ff629c9d2b0,0xf2d2b0,6920909,0x699acd,
7553,0x7ff629c9d530,0xf2d530,6921044,0x699b54,
7554,0x7ff629c9d920,0xf2d920,6921130,0x699baa,
7555,0x7ff629c9dbb0,0xf2dbb0,6921216,0x699c00,
7556,0x7ff629c9de40,0xf2de40,6921302,0x699c56,
7557,0x7ff629c9e0d0,0xf2e0d0,6921786,0x699e3a,
7558,0x7ff628dc6040,0x56040,6921791,0x699e3f,
7559,0x7ff629c9ee10,0xf2ee10,6922280,0x69a028,
7560,0x7ff629c9fd50,0xf2fd50,6923272,0x69a408,
7561,0x7ff629ca11b0,0xf311b0,6923793,0x69a611,
7562,0x7ff629ca2100,0xf32100,6923816,0x69a628,
7563,0x7ff629ca2200,0xf32200,6923889,0x69a671,
7564,0x7ff629ca26e0,0xf326e0,6923981,0x69a6cd,
7565,0x7ff629ca2dc0,0xf32dc0,6926159,0x69af4f,
7566,0x7ff629ca6570,0xf36570,6926272,0x69afc0,
7567,0x7ff629ca69a0,0xf369a0,6926330,0x69affa,
7568,0x7ff629ca6b60,0xf36b60,6926382,0x69b02e,
7569,0x7ff629ca6d00,0xf36d00,6926452,0x69b074,
7570,0x7ff629ca6f80,0xf36f80,6926512,0x69b0b0,
7571,0x7ff629ca7160,0xf37160,6926570,0x69b0ea,
7572,0x7ff629ca7340,0xf37340,6926641,0x69b131,
7573,0x7ff629ca7570,0xf37570,6926669,0x69b14d,
7574,0x7ff629ca7660,0xf37660,6926702,0x69b16e,
7575,0x7ff629ca7790,0xf37790,6926799,0x69b1cf,
7576,0x7ff629ca7ac0,0xf37ac0,6926912,0x69b240,
7577,0x7ff629ca7e10,0xf37e10,6927095,0x69b2f7,
7578,0x7ff629ca8330,0xf38330,6927144,0x69b328,
7579,0x7ff629ca8510,0xf38510,6927201,0x69b361,
7580,0x7ff629ca8740,0xf38740,6927280,0x69b3b0,
7581,0x7ff629ca89d0,0xf389d0,6927307,0x69b3cb,
7582,0x7ff629ca8ab0,0xf38ab0,6927507,0x69b493,
7583,0x7ff629ca91c0,0xf391c0,6927629,0x69b50d,
7584,0x7ff629ca9520,0xf39520,6927725,0x69b56d,
7585,0x7ff629ca97d0,0xf397d0,6927943,0x69b647,
7586,0x7ff629c825d0,0xf125d0,6927968,0x69b660,
7587,0x7ff629ca9dc0,0xf39dc0,6929424,0x69bc10,
7588,0x7ff629cabd10,0xf3bd10,6929455,0x69bc2f,
7589,0x7ff629cabf60,0xf3bf60,6929540,0x69bc84,
7590,0x7ff629cac360,0xf3c360,6929607,0x69bcc7,
7591,0x7ff629cac700,0xf3c700,6929656,0x69bcf8,
7592,0x7ff629cac970,0xf3c970,6929690,0x69bd1a,
7593,0x7ff629cacbd0,0xf3cbd0,6929751,0x69bd57,
7594,0x7ff629cad010,0xf3d010,6929811,0x69bd93,
7595,0x7ff629cad430,0xf3d430,6929836,0x69bdac,
7596,0x7ff629cad660,0xf3d660,6929858,0x69bdc2,
7597,0x7ff629cad880,0xf3d880,6929902,0x69bdee,
7598,0x7ff629cadb50,0xf3db50,6929949,0x69be1d,
7599,0x7ff629cade40,0xf3de40,6930015,0x69be5f,
7600,0x7ff629cae170,0xf3e170,6930062,0x69be8e,
7601,0x7ff629cae470,0xf3e470,6930115,0x69bec3,
7602,0x7ff629cae7f0,0xf3e7f0,6930171,0x69befb,
7603,0x7ff629caeb70,0xf3eb70,6930227,0x69bf33,
7604,0x7ff629caeef0,0xf3eef0,6930253,0x69bf4d,
7605,0x7ff629caf090,0xf3f090,6930285,0x69bf6d,
7606,0x7ff629caf240,0xf3f240,6930320,0x69bf90,
7607,0x7ff629caf3e0,0xf3f3e0,6930411,0x69bfeb,
7608,0x7ff629caf740,0xf3f740,6930482,0x69c032,
7609,0x7ff629caf9c0,0xf3f9c0,6930577,0x69c091,
7610,0x7ff629cafcc0,0xf3fcc0,6930658,0x69c0e2,
7611,0x7ff629caffa0,0xf3ffa0,6930719,0x69c11f,
7612,0x7ff629cb01c0,0xf401c0,6930794,0x69c16a,
7613,0x7ff629cb04f0,0xf404f0,6930869,0x69c1b5,
7614,0x7ff629cb0820,0xf40820,6930899,0x69c1d3,
7615,0x7ff629cb0930,0xf40930,6930932,0x69c1f4,
7616,0x7ff629cb0a60,0xf40a60,6931034,0x69c25a,
7617,0x7ff629cb0e70,0xf40e70,6931176,0x69c2e8,
7618,0x7ff629cb1330,0xf41330,6931318,0x69c376,
7619,0x7ff629cb17f0,0xf417f0,6931343,0x69c38f,
7620,0x7ff629cb1910,0xf41910,6931415,0x69c3d7,
7621,0x7ff629cb1b90,0xf41b90,6931487,0x69c41f,
7622,0x7ff629cb1e10,0xf41e10,6931950,0x69c5ee,
7623,0x7ff629cb2990,0xf42990,6932079,0x69c66f,
7624,0x7ff629cb2e70,0xf42e70,6932127,0x69c69f,
7625,0x7ff629cb3000,0xf43000,6932175,0x69c6cf,
7626,0x7ff629cb3190,0xf43190,6932267,0x69c72b,
7627,0x7ff629cb3540,0xf43540,6932468,0x69c7f4,
7628,0x7ff629cb3a10,0xf43a10,6932504,0x69c818,
7629,0x7ff629cb3b70,0xf43b70,6932579,0x69c863,
7630,0x7ff629cb3f30,0xf43f30,6932602,0x69c87a,
7631,0x7ff629cb4010,0xf44010,6932639,0x69c89f,
7632,0x7ff629cb40f0,0xf440f0,6932675,0x69c8c3,
7633,0x7ff629cb4210,0xf44210,6932698,0x69c8da,
7634,0x7ff629cb42f0,0xf442f0,6932762,0x69c91a,
7635,0x7ff629cb4520,0xf44520,6933075,0x69ca53,
7636,0x7ff629cb4e00,0xf44e00,6933190,0x69cac6,
7637,0x7ff629cb5270,0xf45270,6933456,0x69cbd0,
7638,0x7ff629cb5800,0xf45800,6933471,0x69cbdf,
7639,0x7ff629cb5990,0xf45990,6933499,0x69cbfb,
7640,0x7ff629cb5a50,0xf45a50,6933517,0x69cc0d,
7641,0x7ff629cb5ae0,0xf45ae0,6933561,0x69cc39,
7642,0x7ff629cb5bc0,0xf45bc0,6933764,0x69cd04,
7643,0x7ff629cb6030,0xf46030,6933798,0x69cd26,
7644,0x7ff629cb6130,0xf46130,6933972,0x69cdd4,
7645,0x7ff629cb65b0,0xf465b0,6934158,0x69ce8e,
7646,0x7ff629cb69b0,0xf469b0,6934870,0x69d156,
7647,0x7ff629cb7860,0xf47860,6935145,0x69d269,
7648,0x7ff629cb7ea0,0xf47ea0,6935161,0x69d279,
7649,0x7ff629cb7f40,0xf47f40,6937104,0x69da10,
7650,0x7ff629cba210,0xf4a210,6937296,0x69dad0,
7651,0x7ff629cba650,0xf4a650,6937648,0x69dc30,
7652,0x7ff629cbadc0,0xf4adc0,6937920,0x69dd40,
7653,0x7ff629cbb4d0,0xf4b4d0,6937968,0x69dd70,
7654,0x7ff629cbb650,0xf4b650,6938464,0x69df60,
7655,0x7ff629cbc2f0,0xf4c2f0,6941360,0x69eab0,
7656,0x7ff629cc0570,0xf50570,6941824,0x69ec80,
7657,0x7ff629cc1030,0xf51030,6942048,0x69ed60,
7658,0x7ff629cc15b0,0xf515b0,6942096,0x69ed90,
7659,0x7ff629cc1730,0xf51730,6942336,0x69ee80,
7660,0x7ff629cc1d70,0xf51d70,6942528,0x69ef40,
7661,0x7ff629cc2260,0xf52260,6942656,0x69efc0,
7662,0x7ff629cc2570,0xf52570,6942800,0x69f050,
7663,0x7ff629cc28a0,0xf528a0,6944352,0x69f660,
7664,0x7ff629cc50d0,0xf550d0,6944464,0x69f6d0,
7665,0x7ff629cc5450,0xf55450,6944528,0x69f710,
7666,0x7ff629cc5630,0xf55630,6944704,0x69f7c0,
7667,0x7ff629cc5af0,0xf55af0,6944960,0x69f8c0,
7668,0x7ff629cc61c0,0xf561c0,6945040,0x69f910,
7669,0x7ff629cc6400,0xf56400,6945347,0x69fa43,
7670,0x7ff629cc6e40,0xf56e40,6945644,0x69fb6c,
7671,0x7ff629cc74d0,0xf574d0,6945952,0x69fca0,
7672,0x7ff629cc7b60,0xf57b60,6946007,0x69fcd7,
7673,0x7ff629cc7d40,0xf57d40,6946485,0x69feb5,
7674,0x7ff629cc8ad0,0xf58ad0,6946559,0x69feff,
7675,0x7ff629cc8cb0,0xf58cb0,6946674,0x69ff72,
7676,0x7ff629cc8fd0,0xf58fd0,6947709,0x6a037d,
7677,0x7ff629cca800,0xf5a800,6947728,0x6a0390,
7678,0x7ff629cca960,0xf5a960,6949046,0x6a08b6,
7679,0x7ff629ccc4d0,0xf5c4d0,6949125,0x6a0905,
7680,0x7ff629ccc770,0xf5c770,6949206,0x6a0956,
7681,0x7ff629ccca30,0xf5ca30,6950427,0x6a0e1b,
7682,0x7ff629ccec80,0xf5ec80,6950477,0x6a0e4d,
7683,0x7ff629ccee50,0xf5ee50,6950553,0x6a0e99,
7684,0x7ff629ccefc0,0xf5efc0,6953107,0x6a1893,
7685,0x7ff629ccc770,0xf5c770,6953188,0x6a18e4,
7686,0x7ff629ccc770,0xf5c770,6953269,0x6a1935,
7687,0x7ff629cd2540,0xf62540,6953527,0x6a1a37,
7688,0x7ff629cd2cb0,0xf62cb0,6954747,0x6a1efb,
7689,0x7ff629cd4a80,0xf64a80,6955421,0x6a219d,
7690,0x7ff629cd5ab0,0xf65ab0,6955440,0x6a21b0,
7691,0x7ff628dc6040,0x56040,6955445,0x6a21b5,
7692,0x7ff629cd5b80,0xf65b80,6955487,0x6a21df,
7693,0x7ff629cd5d00,0xf65d00,6955529,0x6a2209,
7694,0x7ff629cd5e80,0xf65e80,6955727,0x6a22cf,
7695,0x7ff629cd6380,0xf66380,6955935,0x6a239f,
7696,0x7ff629cd68b0,0xf668b0,6956593,0x6a2631,
7697,0x7ff629cd7a50,0xf67a50,6956764,0x6a26dc,
7698,0x7ff629cd7e60,0xf67e60,6956784,0x6a26f0,
7699,0x7ff629cd7f40,0xf67f40,6956834,0x6a2722,
7700,0x7ff629cd80d0,0xf680d0,6956854,0x6a2736,
7701,0x7ff629cd81b0,0xf681b0,6956930,0x6a2782,
7702,0x7ff629cd8440,0xf68440,6956973,0x6a27ad,
7703,0x7ff629cd8630,0xf68630,6957044,0x6a27f4,
7704,0x7ff629cd88a0,0xf688a0,6957091,0x6a2823,
7705,0x7ff629cd8a00,0xf68a00,6957157,0x6a2865,
7706,0x7ff629cd8c10,0xf68c10,6957248,0x6a28c0,
7707,0x7ff629cd8ed0,0xf68ed0,6957296,0x6a28f0,
7708,0x7ff629cd9010,0xf69010,6957348,0x6a2924,
7709,0x7ff629cd91b0,0xf691b0,6957460,0x6a2994,
7710,0x7ff629cd9660,0xf69660,6957540,0x6a29e4,
7711,0x7ff629cd9920,0xf69920,6957602,0x6a2a22,
7712,0x7ff629cd9b40,0xf69b40,6957683,0x6a2a73,
7713,0x7ff629cd9dc0,0xf69dc0,6957744,0x6a2ab0,
7714,0x7ff629cd9fb0,0xf69fb0,6957818,0x6a2afa,
7715,0x7ff629cda1e0,0xf6a1e0,6957852,0x6a2b1c,
7716,0x7ff629cda300,0xf6a300,6958350,0x6a2d0e,
7717,0x7ff629cdaf00,0xf6af00,6958561,0x6a2de1,
7718,0x7ff629cdb3c0,0xf6b3c0,6958644,0x6a2e34,
7719,0x7ff629cdb5f0,0xf6b5f0,6958678,0x6a2e56,
7720,0x7ff629cdb710,0xf6b710,6959744,0x6a3280,
7721,0x7ff629cdcbe0,0xf6cbe0,6959922,0x6a3332,
7722,0x7ff629cdd070,0xf6d070,6960058,0x6a33ba,
7723,0x7ff629cdd3e0,0xf6d3e0,6960283,0x6a349b,
7724,0x7ff629cdd940,0xf6d940,6960328,0x6a34c8,
7725,0x7ff629cdda90,0xf6da90,6960411,0x6a351b,
7726,0x7ff629cddcc0,0xf6dcc0,6960463,0x6a354f,
7727,0x7ff629cddf80,0xf6df80,6961141,0x6a37f5,
7728,0x7ff629cdf080,0xf6f080,6962158,0x6a3bee,
7729,0x7ff629cc7b60,0xf57b60,6962213,0x6a3c25,
7730,0x7ff629ce0d30,0xf70d30,6962233,0x6a3c39,
7731,0x7ff629ce0e00,0xf70e00,6962306,0x6a3c82,
7732,0x7ff629ce0f50,0xf70f50,6962379,0x6a3ccb,
7733,0x7ff629ce1160,0xf71160,6962480,0x6a3d30,
7734,0x7ff629ce1420,0xf71420,6965148,0x6a479c,
7735,0x7ff629ce5ac0,0xf75ac0,6965166,0x6a47ae,
7736,0x7ff629ce5b60,0xf75b60,6967056,0x6a4f10,
7737,0x7ff629ce89b0,0xf789b0,6967390,0x6a505e,
7738,0x7ff629ce91f0,0xf791f0,6967563,0x6a510b,
7739,0x7ff629ce9690,0xf79690,6967745,0x6a51c1,
7740,0x7ff629ce9b10,0xf79b10,6968194,0x6a5382,
7741,0x7ff628dc6040,0x56040,6968199,0x6a5387,
7742,0x7ff629cea920,0xf7a920,6968384,0x6a5440,
7743,0x7ff629ceae40,0xf7ae40,6968472,0x6a5498,
7744,0x7ff629ceb0b0,0xf7b0b0,6968880,0x6a5630,
7745,0x7ff629cebb80,0xf7bb80,6968921,0x6a5659,
7746,0x7ff629cebd10,0xf7bd10,6968966,0x6a5686,
7747,0x7ff629cebec0,0xf7bec0,6969031,0x6a56c7,
7748,0x7ff629cec0a0,0xf7c0a0,6969077,0x6a56f5,
7749,0x7ff629cec200,0xf7c200,6969418,0x6a584a,
7750,0x7ff629cecc00,0xf7cc00,6969677,0x6a594d,
7751,0x7ff629ced420,0xf7d420,6969968,0x6a5a70,
7752,0x7ff629cedcd0,0xf7dcd0,6970272,0x6a5ba0,
7753,0x7ff629cee5c0,0xf7e5c0,6970427,0x6a5c3b,
7754,0x7ff629ceeaa0,0xf7eaa0,6970594,0x6a5ce2,
7755,0x7ff629ceeff0,0xf7eff0,6970752,0x6a5d80,
7756,0x7ff629cef4d0,0xf7f4d0,6970944,0x6a5e40,
7757,0x7ff629cef990,0xf7f990,6971020,0x6a5e8c,
7758,0x7ff629cefc00,0xf7fc00,6971160,0x6a5f18,
7759,0x7ff629cf0110,0xf80110,6971371,0x6a5feb,
7760,0x7ff629cf0830,0xf80830,6971466,0x6a604a,
7761,0x7ff629cf0b30,0xf80b30,6971546,0x6a609a,
7762,0x7ff629cf0e40,0xf80e40,6971822,0x6a61ae,
7763,0x7ff629cf1540,0xf81540,6972608,0x6a64c0,
7764,0x7ff629cf2a40,0xf82a40,6972714,0x6a652a,
7765,0x7ff629cf2d80,0xf82d80,6973173,0x6a66f5,
7766,0x7ff629cf3a50,0xf83a50,6973248,0x6a6740,
7767,0x7ff629cf3c80,0xf83c80,6973278,0x6a675e,
7768,0x7ff629cf3d90,0xf83d90,6973328,0x6a6790,
7769,0x7ff629cf3ec0,0xf83ec0,6973680,0x6a68f0,
7770,0x7ff629cf4990,0xf84990,6973803,0x6a696b,
7771,0x7ff629cf4cc0,0xf84cc0,6973897,0x6a69c9,
7772,0x7ff629cf4ec0,0xf84ec0,6973995,0x6a6a2b,
7773,0x7ff629cf50f0,0xf850f0,6974010,0x6a6a3a,
7774,0x7ff629cf51b0,0xf851b0,6974182,0x6a6ae6,
7775,0x7ff629cf54a0,0xf854a0,6974220,0x6a6b0c,
7776,0x7ff629cf55c0,0xf855c0,6974249,0x6a6b29,
7777,0x7ff629cf56e0,0xf856e0,6974297,0x6a6b59,
7778,0x7ff629cf5860,0xf85860,6974308,0x6a6b64,
7779,0x7ff629cf58e0,0xf858e0,6974323,0x6a6b73,
7780,0x7ff629cf59a0,0xf859a0,6974354,0x6a6b92,
7781,0x7ff629cf5aa0,0xf85aa0,6974381,0x6a6bad,
7782,0x7ff629cf5b70,0xf85b70,6974408,0x6a6bc8,
7783,0x7ff629cf5c40,0xf85c40,6974424,0x6a6bd8,
7784,0x7ff629cf5ce0,0xf85ce0,6974449,0x6a6bf1,
7785,0x7ff629cf5dd0,0xf85dd0,6974544,0x6a6c50,
7786,0x7ff629cf60c0,0xf860c0,6974619,0x6a6c9b,
7787,0x7ff629cf6300,0xf86300,6975831,0x6a7157,
7788,0x7ff629cf7c80,0xf87c80,6975925,0x6a71b5,
7789,0x7ff629cf7f30,0xf87f30,6975946,0x6a71ca,
7790,0x7ff629cf7fe0,0xf87fe0,6975967,0x6a71df,
7791,0x7ff629cf8090,0xf88090,6975983,0x6a71ef,
7792,0x7ff629cf8130,0xf88130,6975999,0x6a71ff,
7793,0x7ff629cf81d0,0xf881d0,6976103,0x6a7267,
7794,0x7ff629cf8540,0xf88540,6976138,0x6a728a,
7795,0x7ff629cf8620,0xf88620,6976173,0x6a72ad,
7796,0x7ff629cf8700,0xf88700,6976188,0x6a72bc,
7797,0x7ff628dc6040,0x56040,6976193,0x6a72c1,
7798,0x7ff629cf87b0,0xf887b0,6976246,0x6a72f6,
7799,0x7ff629cf8900,0xf88900,6976293,0x6a7325,
7800,0x7ff629cf8a50,0xf88a50,6976364,0x6a736c,
7801,0x7ff629cf8900,0xf88900,6976411,0x6a739b,
7802,0x7ff629cf8c10,0xf88c10,6976467,0x6a73d3,
7803,0x7ff629cf8d80,0xf88d80,6976502,0x6a73f6,
7804,0x7ff629cf8e60,0xf88e60,6976599,0x6a7457,
7805,0x7ff629cf9060,0xf89060,6976644,0x6a7484,
7806,0x7ff629cf9160,0xf89160,6976694,0x6a74b6,
7807,0x7ff629cf92d0,0xf892d0,6976744,0x6a74e8,
7808,0x7ff629cf9440,0xf89440,6976761,0x6a74f9,
7809,0x7ff629cf9500,0xf89500,6976808,0x6a7528,
7810,0x7ff629cf9660,0xf89660,6976826,0x6a753a,
7811,0x7ff629cf9710,0xf89710,6977166,0x6a768e,
7812,0x7ff629cf9d80,0xf89d80,6977327,0x6a772f,
7813,0x7ff629cfa140,0xf8a140,6977527,0x6a77f7,
7814,0x7ff629cfa610,0xf8a610,6977832,0x6a7928,
7815,0x7ff629cfaf20,0xf8af20,6978249,0x6a7ac9,
7816,0x7ff629cfb710,0xf8b710,6978375,0x6a7b47,
7817,0x7ff629cfba90,0xf8ba90,6978455,0x6a7b97,
7818,0x7ff629cfbd10,0xf8bd10,6978507,0x6a7bcb,
7819,0x7ff629cfbec0,0xf8bec0,6978546,0x6a7bf2,
7820,0x7ff629cfc020,0xf8c020,6979054,0x6a7dee,
7821,0x7ff629cfce40,0xf8ce40,6979586,0x6a8002,
7822,0x7ff629cfe110,0xf8e110,6980162,0x6a8242,
7823,0x7ff629cff5c0,0xf8f5c0,6980526,0x6a83ae,
7824,0x7ff629cffdc0,0xf8fdc0,6980952,0x6a8558,
7825,0x7ff629d00820,0xf90820,6981548,0x6a87ac,
7826,0x7ff629d01c90,0xf91c90,6982206,0x6a8a3e,
7827,0x7ff629d03350,0xf93350,6982652,0x6a8bfc,
7828,0x7ff629d03d60,0xf93d60,6983160,0x6a8df8,
7829,0x7ff629d049d0,0xf949d0,6983373,0x6a8ecd,
7830,0x7ff629d05050,0xf95050,6983617,0x6a8fc1,
7831,0x7ff629d05800,0xf95800,6983684,0x6a9004,
7832,0x7ff629d059d0,0xf959d0,6983751,0x6a9047,
7833,0x7ff62926f770,0x4ff770,6983776,0x6a9060,
7834,0x7ff629d05ba0,0xf95ba0,6983820,0x6a908c,
7835,0x7ff629d05d00,0xf95d00,6983925,0x6a90f5,
7836,0x7ff629d060e0,0xf960e0,6983986,0x6a9132,
7837,0x7ff629d062e0,0xf962e0,6984075,0x6a918b,
7838,0x7ff629d065a0,0xf965a0,6984104,0x6a91a8,
7839,0x7ff629d066d0,0xf966d0,6984133,0x6a91c5,
7840,0x7ff629d06800,0xf96800,6984176,0x6a91f0,
7841,0x7ff629d06960,0xf96960,6984274,0x6a9252,
7842,0x7ff629d06c30,0xf96c30,6984453,0x6a9305,
7843,0x7ff629d070f0,0xf970f0,6984698,0x6a93fa,
7844,0x7ff629d077c0,0xf977c0,6984739,0x6a9423,
7845,0x7ff629d07940,0xf97940,6984806,0x6a9466,
7846,0x7ff629d07b80,0xf97b80,6984865,0x6a94a1,
7847,0x7ff629d07d70,0xf97d70,6984966,0x6a9506,
7848,0x7ff629d08040,0xf98040,6985151,0x6a95bf,
7849,0x7ff629d08500,0xf98500,6985347,0x6a9683,
7850,0x7ff629d08ae0,0xf98ae0,6985388,0x6a96ac,
7851,0x7ff629d08c60,0xf98c60,6985458,0x6a96f2,
7852,0x7ff629d08ea0,0xf98ea0,6985919,0x6a98bf,
7853,0x7ff629d09820,0xf99820,6985942,0x6a98d6,
7854,0x7ff629d09920,0xf99920,6986263,0x6a9a17,
7855,0x7ff629d0a2e0,0xf9a2e0,6986592,0x6a9b60,
7856,0x7ff629d0ac10,0xf9ac10,6987248,0x6a9df0,
7857,0x7ff629d0b640,0xf9b640,6987904,0x6aa080,
7858,0x7ff629d0c070,0xf9c070,6988608,0x6aa340,
7859,0x7ff629d0cbb0,0xf9cbb0,6988641,0x6aa361,
7860,0x7ff629d0cdd0,0xf9cdd0,6990470,0x6aaa86,
7861,0x7ff629d10090,0xfa0090,6990560,0x6aaae0,
7862,0x7ff629d103b0,0xfa03b0,6990817,0x6aabe1,
7863,0x7ff629d10b60,0xfa0b60,6991096,0x6aacf8,
7864,0x7ff629d11450,0xfa1450,6991127,0x6aad17,
7865,0x7ff629d11680,0xfa1680,6992336,0x6ab1d0,
7866,0x7ff629d13710,0xfa3710,6993284,0x6ab584,
7867,0x7ff629d14a00,0xfa4a00,6993775,0x6ab76f,
7868,0x7ff629d15af0,0xfa5af0,6994368,0x6ab9c0,
7869,0x7ff629d16ed0,0xfa6ed0,6994429,0x6ab9fd,
7870,0x7ff629d170d0,0xfa70d0,6994601,0x6abaa9,
7871,0x7ff629d175d0,0xfa75d0,6994741,0x6abb35,
7872,0x7ff629d179f0,0xfa79f0,6994790,0x6abb66,
7873,0x7ff629d17bc0,0xfa7bc0,6995040,0x6abc60,
7874,0x7ff629d18250,0xfa8250,6995092,0x6abc94,
7875,0x7ff629d183f0,0xfa83f0,6995225,0x6abd19,
7876,0x7ff629d18900,0xfa8900,6995326,0x6abd7e,
7877,0x7ff628eef920,0x17f920,6995340,0x6abd8c,
7878,0x7ff628ef1bf0,0x181bf0,6995354,0x6abd9a,
7879,0x7ff629d18bd0,0xfa8bd0,6995377,0x6abdb1,
7880,0x7ff629d18cd0,0xfa8cd0,6995414,0x6abdd6,
7881,0x7ff629d18e40,0xfa8e40,6995437,0x6abded,
7882,0x7ff629d18f40,0xfa8f40,6995669,0x6abed5,
7883,0x7ff629d196e0,0xfa96e0,6995790,0x6abf4e,
7884,0x7ff629d19af0,0xfa9af0,6995893,0x6abfb5,
7885,0x7ff629d19e10,0xfa9e10,6996030,0x6ac03e,
7886,0x7ff629d1a340,0xfaa340,6996149,0x6ac0b5,
7887,0x7ff629d1a790,0xfaa790,6996345,0x6ac179,
7888,0x7ff629d1ad80,0xfaad80,6996523,0x6ac22b,
7889,0x7ff629d1b290,0xfab290,6996881,0x6ac391,
7890,0x7ff629d1bf90,0xfabf90,6997434,0x6ac5ba,
7891,0x7ff629d1d1b0,0xfad1b0,6997551,0x6ac62f,
7892,0x7ff629d1d6e0,0xfad6e0,6997621,0x6ac675,
7893,0x7ff629d1da20,0xfada20,6997682,0x6ac6b2,
7894,0x7ff629d1dcd0,0xfadcd0,6997764,0x6ac704,
7895,0x7ff629d1e0f0,0xfae0f0,6997837,0x6ac74d,
7896,0x7ff629d1e490,0xfae490,6997921,0x6ac7a1,
7897,0x7ff629d1e8e0,0xfae8e0,6998020,0x6ac804,
7898,0x7ff629d1ed10,0xfaed10,6998112,0x6ac860,
7899,0x7ff629d1f0a0,0xfaf0a0,6998134,0x6ac876,
7900,0x7ff629d1f170,0xfaf170,6998247,0x6ac8e7,
7901,0x7ff629d1f5c0,0xfaf5c0,6998521,0x6ac9f9,
7902,0x7ff629d1ff30,0xfaff30,6999256,0x6accd8,
7903,0x7ff629d21df0,0xfb1df0,6999590,0x6ace26,
7904,0x7ff629d22710,0xfb2710,6999924,0x6acf74,
7905,0x7ff629d230b0,0xfb30b0,7000336,0x6ad110,
7906,0x7ff629d23c90,0xfb3c90,7001252,0x6ad4a4,
7907,0x7ff629d257b0,0xfb57b0,7001505,0x6ad5a1,
7908,0x7ff629d25e10,0xfb5e10,7001534,0x6ad5be,
7909,0x7ff629d25f40,0xfb5f40,7001780,0x6ad6b4,
7910,0x7ff629d26570,0xfb6570,7001814,0x6ad6d6,
7911,0x7ff629d266b0,0xfb66b0,7002005,0x6ad795,
7912,0x7ff629d26d90,0xfb6d90,7002223,0x6ad86f,
7913,0x7ff629d27520,0xfb7520,7002416,0x6ad930,
7914,0x7ff629d27a40,0xfb7a40,7002737,0x6ada71,
7915,0x7ff629d28450,0xfb8450,7003026,0x6adb92,
7916,0x7ff629d28ef0,0xfb8ef0,7003419,0x6add1b,
7917,0x7ff629d29d90,0xfb9d90,7003844,0x6adec4,
7918,0x7ff629d2ad10,0xfbad10,7004225,0x6ae041,
7919,0x7ff629d2bb50,0xfbbb50,7004710,0x6ae226,
7920,0x7ff629d2cd80,0xfbcd80,7004962,0x6ae322,
7921,0x7ff629d2d530,0xfbd530,7005168,0x6ae3f0,
7922,0x7ff629d2db50,0xfbdb50,7005510,0x6ae546,
7923,0x7ff629d2e620,0xfbe620,7005840,0x6ae690,
7924,0x7ff629d2f080,0xfbf080,7006152,0x6ae7c8,
7925,0x7ff629d2fa40,0xfbfa40,7006422,0x6ae8d6,
7926,0x7ff629d30280,0xfc0280,7006704,0x6ae9f0,
7927,0x7ff629d30b30,0xfc0b30,7006940,0x6aeadc,
7928,0x7ff629d31270,0xfc1270,7007312,0x6aec50,
7929,0x7ff629d2e620,0xfbe620,7007642,0x6aed9a,
7930,0x7ff629d31e50,0xfc1e50,7007984,0x6aeef0,
7931,0x7ff629d32920,0xfc2920,7008284,0x6af01c,
7932,0x7ff629d33270,0xfc3270,7008414,0x6af09e,
7933,0x7ff629d33590,0xfc3590,7008608,0x6af160,
7934,0x7ff629d33a80,0xfc3a80,7008638,0x6af17e,
7935,0x7ff629d33bb0,0xfc3bb0,7008668,0x6af19c,
7936,0x7ff629d33ce0,0xfc3ce0,7019684,0x6b1ca4,
7937,0x7ff629d40dd0,0xfd0dd0,7019872,0x6b1d60,
7938,0x7ff629d40e40,0xfd0e40,7020660,0x6b2074,
7939,0x7ff629d428a0,0xfd28a0,7021049,0x6b21f9,
7940,0x7ff629d43340,0xfd3340,7021380,0x6b2344,
7941,0x7ff629d43c70,0xfd3c70,7021668,0x6b2464,
7942,0x7ff629d44540,0xfd4540,7022272,0x6b26c0,
7943,0x7ff629d455f0,0xfd55f0,7022368,0x6b2720,
7944,0x7ff629d458f0,0xfd58f0,7022505,0x6b27a9,
7945,0x7ff629d45d90,0xfd5d90,7026128,0x6b35d0,
7946,0x7ff629d49570,0xfd9570,7026222,0x6b362e,
7947,0x7ff629d498a0,0xfd98a0,7026315,0x6b368b,
7948,0x7ff629d49bd0,0xfd9bd0,7026501,0x6b3745,
7949,0x7ff629d4a0e0,0xfda0e0,7026524,0x6b375c,
7950,0x7ff629d4a1e0,0xfda1e0,7026541,0x6b376d,
7951,0x7ff629d4a290,0xfda290,7026615,0x6b37b7,
7952,0x7ff629d4a4c0,0xfda4c0,7027150,0x6b39ce,
7953,0x7ff629d4b530,0xfdb530,7027194,0x6b39fa,
7954,0x7ff629d4b680,0xfdb680,7027258,0x6b3a3a,
7955,0x7ff629d4b8e0,0xfdb8e0,7027322,0x6b3a7a,
7956,0x7ff629d4bc50,0xfdbc50,7027377,0x6b3ab1,
7957,0x7ff629d4be80,0xfdbe80,7027436,0x6b3aec,
7958,0x7ff629d4c070,0xfdc070,7027518,0x6b3b3e,
7959,0x7ff629d4c310,0xfdc310,7027872,0x6b3ca0,
7960,0x7ff629d4ccb0,0xfdccb0,7027943,0x6b3ce7,
7961,0x7ff629d4cf40,0xfdcf40,7027984,0x6b3d10,
7962,0x7ff629d4d0d0,0xfdd0d0,7028007,0x6b3d27,
7963,0x7ff629d4d1c0,0xfdd1c0,7028040,0x6b3d48,
7964,0x7ff629d4d2f0,0xfdd2f0,7028076,0x6b3d6c,
7965,0x7ff629d4d420,0xfdd420,7028128,0x6b3da0,
7966,0x7ff629d4d5b0,0xfdd5b0,7028374,0x6b3e96,
7967,0x7ff629d4da50,0xfdda50,7028637,0x6b3f9d,
7968,0x7ff629d4e0c0,0xfde0c0,7028669,0x6b3fbd,
7969,0x7ff629d4e1d0,0xfde1d0,7028817,0x6b4051,
7970,0x7ff629d4e670,0xfde670,7028870,0x6b4086,
7971,0x7ff629918910,0xba8910,7028880,0x6b4090,
7972,0x7ff629d4e7a0,0xfde7a0,7029108,0x6b4174,
7973,0x7ff629d4eeb0,0xfdeeb0,7029131,0x6b418b,
7974,0x7ff629d4efb0,0xfdefb0,7029269,0x6b4215,
7975,0x7ff629d4f430,0xfdf430,7029323,0x6b424b,
7976,0x7ff629d4f610,0xfdf610,7029477,0x6b42e5,
7977,0x7ff629d4f990,0xfdf990,7030383,0x6b466f,
7978,0x7ff629d50f90,0xfe0f90,7031190,0x6b4996,
7979,0x7ff629d525c0,0xfe25c0,7031306,0x6b4a0a,
7980,0x7ff629bfd420,0xe8d420,7031343,0x6b4a2f,
7981,0x7ff629d527f0,0xfe27f0,7031364,0x6b4a44,
7982,0x7ff629d527f0,0xfe27f0,7031385,0x6b4a59,
7983,0x7ff629d528d0,0xfe28d0,7031484,0x6b4abc,
7984,0x7ff629d52f80,0xfe2f80,7031538,0x6b4af2,
7985,0x7ff629d53160,0xfe3160,7033122,0x6b5122,
7986,0x7ff629d55290,0xfe5290,7033152,0x6b5140,
7987,0x7ff629bff300,0xe8f300,7033298,0x6b51d2,
7988,0x7ff629d553c0,0xfe53c0,7033495,0x6b5297,
7989,0x7ff629d55870,0xfe5870,7033531,0x6b52bb,
7990,0x7ff629d55960,0xfe5960,7033728,0x6b5380,
7991,0x7ff629d55e00,0xfe5e00,7033939,0x6b5453,
7992,0x7ff629c00430,0xe90430,7033963,0x6b546b,
7993,0x7ff629bfc0f0,0xe8c0f0,7034123,0x6b550b,
7994,0x7ff629d56400,0xfe6400,7034486,0x6b5676,
7995,0x7ff629d56e60,0xfe6e60,7034808,0x6b57b8,
7996,0x7ff629d57780,0xfe7780,7037072,0x6b6090,
7997,0x7ff629d5afd0,0xfeafd0,7037270,0x6b6156,
7998,0x7ff629d5b580,0xfeb580,7037296,0x6b6170,
7999,0x7ff628dc6040,0x56040,7037312,0x6b6180,
8000,0x7ff629d5b650,0xfeb650,7037481,0x6b6229,
8001,0x7ff629d5baf0,0xfebaf0,7037511,0x6b6247,
8002,0x7ff629d5baf0,0xfebaf0,7037541,0x6b6265,
8003,0x7ff629d5baf0,0xfebaf0,7037571,0x6b6283,
8004,0x7ff629d5baf0,0xfebaf0,7037601,0x6b62a1,
8005,0x7ff629d5bc20,0xfebc20,7037690,0x6b62fa,
8006,0x7ff629d5bf10,0xfebf10,7037943,0x6b63f7,
8007,0x7ff629d5c700,0xfec700,7038372,0x6b65a4,
8008,0x7ff629d5d3b0,0xfed3b0,7038482,0x6b6612,
8009,0x7ff629d5d680,0xfed680,7038584,0x6b6678,
8010,0x7ff629d5d3b0,0xfed3b0,7038694,0x6b66e6,
8011,0x7ff629d5d3b0,0xfed3b0,7038804,0x6b6754,
8012,0x7ff629d5d3b0,0xfed3b0,7038914,0x6b67c2,
8013,0x7ff629d5d9d0,0xfed9d0,7039016,0x6b6828,
8014,0x7ff629d5dd20,0xfedd20,7039370,0x6b698a,
8015,0x7ff629d5baf0,0xfebaf0,7039400,0x6b69a8,
8016,0x7ff629d5baf0,0xfebaf0,7039430,0x6b69c6,
8017,0x7ff629d5e720,0xfee720,7039464,0x6b69e8,
8018,0x7ff629d5e880,0xfee880,7039504,0x6b6a10,
8019,0x7ff629d5e9e0,0xfee9e0,7039752,0x6b6b08,
8020,0x7ff629d5f090,0xfef090,7039810,0x6b6b42,
8021,0x7ff629d5f290,0xfef290,7039868,0x6b6b7c,
8022,0x7ff629d5f290,0xfef290,7039926,0x6b6bb6,
8023,0x7ff629d5f290,0xfef290,7039984,0x6b6bf0,
8024,0x7ff629d5f490,0xfef490,7040064,0x6b6c40,
8025,0x7ff629d5f780,0xfef780,7040339,0x6b6d53,
8026,0x7ff629d5ff60,0xfeff60,7041271,0x6b70f7,
8027,0x7ff629d61b10,0xff1b10,7041454,0x6b71ae,
8028,0x7ff629d61ff0,0xff1ff0,7041534,0x6b71fe,
8029,0x7ff629d622e0,0xff22e0,7041717,0x6b72b5,
8030,0x7ff629d622e0,0xff22e0,7041900,0x6b736c,
8031,0x7ff629d622e0,0xff22e0,7042083,0x6b7423,
8032,0x7ff629d61ff0,0xff1ff0,7042163,0x6b7473,
8033,0x7ff629d627c0,0xff27c0,7042492,0x6b75bc,
8034,0x7ff629d63140,0xff3140,7042598,0x6b7626,
8035,0x7ff629d63140,0xff3140,7042704,0x6b7690,
8036,0x7ff629d63440,0xff3440,7042749,0x6b76bd,
8037,0x7ff629d63440,0xff3440,7042800,0x6b76f0,
8038,0x7ff629d63620,0xff3620,7042975,0x6b779f,
8039,0x7ff629d63a50,0xff3a50,7043056,0x6b77f0,
8040,0x7ff629d63c80,0xff3c80,7043093,0x6b7815,
8041,0x7ff629d63e90,0xff3e90,7043162,0x6b785a,
8042,0x7ff629d64240,0xff4240,7043437,0x6b796d,
8043,0x7ff629d65230,0xff5230,7043861,0x6b7b15,
8044,0x7ff629d66020,0xff6020,7044083,0x6b7bf3,
8045,0x7ff629d66760,0xff6760,7044234,0x6b7c8a,
8046,0x7ff629d66ba0,0xff6ba0,7044506,0x6b7d9a,
8047,0x7ff629d674a0,0xff74a0,7044740,0x6b7e84,
8048,0x7ff629d67c40,0xff7c40,7045000,0x6b7f88,
8049,0x7ff629d684e0,0xff84e0,7045222,0x6b8066,
8050,0x7ff629d68c20,0xff8c20,7045543,0x6b81a7,
8051,0x7ff629d69640,0xff9640,7045826,0x6b82c2,
8052,0x7ff629d69f00,0xff9f00,7046148,0x6b8404,
8053,0x7ff629d6a920,0xffa920,7046432,0x6b8520,
8054,0x7ff629d6b1e0,0xffb1e0,7046692,0x6b8624,
8055,0x7ff629d6ba80,0xffba80,7046914,0x6b8702,
8056,0x7ff629d6c1c0,0xffc1c0,7047113,0x6b87c9,
8057,0x7ff629d6c840,0xffc840,7047201,0x6b8821,
8058,0x7ff629d6cb30,0xffcb30,7047271,0x6b8867,
8059,0x7ff629d6cd40,0xffcd40,7047395,0x6b88e3,
8060,0x7ff629d6d1e0,0xffd1e0,7047501,0x6b894d,
8061,0x7ff629d6d5b0,0xffd5b0,7047664,0x6b89f0,
8062,0x7ff629d6da80,0xffda80,7047805,0x6b8a7d,
8063,0x7ff629d6de70,0xffde70,7048209,0x6b8c11,
8064,0x7ff629d6eb40,0xffeb40,7049728,0x6b9200,
8065,0x7ff628dc6040,0x56040,7049733,0x6b9205,
8066,0x7ff629d71670,0x1001670,7049883,0x6b929b,
8067,0x7ff629d71c70,0x1001c70,7050103,0x6b9377,
8068,0x7ff629d72430,0x1002430,7050351,0x6b946f,
8069,0x7ff629d72cb0,0x1002cb0,7050609,0x6b9571,
8070,0x7ff629d73570,0x1003570,7051000,0x6b96f8,
8071,0x7ff629d740a0,0x10040a0,7051566,0x6b992e,
8072,0x7ff629d74ed0,0x1004ed0,7052150,0x6b9b76,
8073,0x7ff629d75d80,0x1005d80,7052744,0x6b9dc8,
8074,0x7ff629d76c60,0x1006c60,7053131,0x6b9f4b,
8075,0x7ff629d77710,0x1007710,7053588,0x6ba114,
8076,0x7ff629d78390,0x1008390,7054040,0x6ba2d8,
8077,0x7ff629d79000,0x1009000,7054418,0x6ba452,
8078,0x7ff629d79a90,0x1009a90,7054858,0x6ba60a,
8079,0x7ff629d7a640,0x100a640,7055343,0x6ba7ef,
8080,0x7ff629d7b380,0x100b380,7055823,0x6ba9cf,
8081,0x7ff629d7c0b0,0x100c0b0,7056275,0x6bab93,
8082,0x7ff629d7cd20,0x100cd20,7056718,0x6bad4e,
8083,0x7ff629d7d960,0x100d960,7057193,0x6baf29,
8084,0x7ff629d7e670,0x100e670,7057663,0x6bb0ff,
8085,0x7ff629d7f370,0x100f370,7058135,0x6bb2d7,
8086,0x7ff629d80080,0x1010080,7058598,0x6bb4a6,
8087,0x7ff629d80d60,0x1010d60,7059080,0x6bb688,
8088,0x7ff629d81aa0,0x1011aa0,7059553,0x6bb861,
8089,0x7ff629d827b0,0x10127b0,7059953,0x6bb9f1,
8090,0x7ff629d832b0,0x10132b0,7060432,0x6bbbd0,
8091,0x7ff629d83fd0,0x1013fd0,7060516,0x6bbc24,
8092,0x7ff629d84330,0x1014330,7060636,0x6bbc9c,
8093,0x7ff629d84670,0x1014670,7060884,0x6bbd94,
8094,0x7ff629d84d00,0x1014d00,7060928,0x6bbdc0,
8095,0x7ff629d84ec0,0x1014ec0,7061053,0x6bbe3d,
8096,0x7ff629d853c0,0x10153c0,7061286,0x6bbf26,
8097,0x7ff629d85b80,0x1015b80,7061389,0x6bbf8d,
8098,0x7ff629d85f20,0x1015f20,7061489,0x6bbff1,
8099,0x7ff629d86230,0x1016230,7061589,0x6bc055,
8100,0x7ff629d86540,0x1016540,7061689,0x6bc0b9,
8101,0x7ff629d86850,0x1016850,7061783,0x6bc117,
8102,0x7ff629d86b60,0x1016b60,7061888,0x6bc180,
8103,0x7ff629d86e70,0x1016e70,7062030,0x6bc20e,
8104,0x7ff629d86e70,0x1016e70,7062172,0x6bc29c,
8105,0x7ff629d87590,0x1017590,7062203,0x6bc2bb,
8106,0x7ff629d87750,0x1017750,7062240,0x6bc2e0,
8107,0x7ff629d87910,0x1017910,7062352,0x6bc350,
8108,0x7ff629d87d80,0x1017d80,7062375,0x6bc367,
8109,0x7ff629d87f50,0x1017f50,7062540,0x6bc40c,
8110,0x7ff629d884d0,0x10184d0,7062700,0x6bc4ac,
8111,0x7ff629d88a50,0x1018a50,7062918,0x6bc586,
8112,0x7ff629d89100,0x1019100,7063131,0x6bc65b,
8113,0x7ff629d897a0,0x10197a0,7063324,0x6bc71c,
8114,0x7ff629d89dd0,0x1019dd0,7063512,0x6bc7d8,
8115,0x7ff629d8a3f0,0x101a3f0,7063759,0x6bc8cf,
8116,0x7ff629d8ab60,0x101ab60,7063997,0x6bc9bd,
8117,0x7ff629d8b2b0,0x101b2b0,7064200,0x6bca88,
8118,0x7ff629d8b920,0x101b920,7064398,0x6bcb4e,
8119,0x7ff629d8bf70,0x101bf70,7064655,0x6bcc4f,
8120,0x7ff629d8c710,0x101c710,7064907,0x6bcd4b,
8121,0x7ff629d8cea0,0x101cea0,7065124,0x6bce24,
8122,0x7ff629d8d570,0x101d570,7065336,0x6bcef8,
8123,0x7ff629d8dc30,0x101dc30,7065629,0x6bd01d,
8124,0x7ff629d8e4c0,0x101e4c0,7065917,0x6bd13d,
8125,0x7ff629d8ed40,0x101ed40,7066172,0x6bd23c,
8126,0x7ff629d8f4f0,0x101f4f0,7066422,0x6bd336,
8127,0x7ff629d8fc90,0x101fc90,7066735,0x6bd46f,
8128,0x7ff629d905b0,0x10205b0,7067046,0x6bd5a6,
8129,0x7ff629d90ed0,0x1020ed0,7067133,0x6bd5fd,
8130,0x7ff629d912e0,0x10212e0,7067290,0x6bd69a,
8131,0x7ff629d91810,0x1021810,7067442,0x6bd732,
8132,0x7ff629d91d30,0x1021d30,7067644,0x6bd7fc,
8133,0x7ff629d923a0,0x10223a0,7067841,0x6bd8c1,
8134,0x7ff629d92a00,0x1022a00,7070464,0x6be300,
8135,0x7ff628dc6040,0x56040,7070469,0x6be305,
8136,0x7ff629d96490,0x1026490,7070607,0x6be38f,
8137,0x7ff629d967f0,0x10267f0,7070731,0x6be40b,
8138,0x7ff628dc6040,0x56040,7070736,0x6be410,
8139,0x7ff629d96cc0,0x1026cc0,7070888,0x6be4a8,
8140,0x7ff629d97290,0x1027290,7071172,0x6be5c4,
8141,0x7ff628dc6040,0x56040,7071177,0x6be5c9,
8142,0x7ff629d97bb0,0x1027bb0,7071487,0x6be6ff,
8143,0x7ff629d98590,0x1028590,7073513,0x6beee9,
8144,0x7ff629d9bcf0,0x102bcf0,7073926,0x6bf086,
8145,0x7ff629d9c8d0,0x102c8d0,7074074,0x6bf11a,
8146,0x7ff629d9cdc0,0x102cdc0,7074336,0x6bf220,
8147,0x7ff629d9d4d0,0x102d4d0,7075040,0x6bf4e0,
8148,0x7ff629d9e8a0,0x102e8a0,7075161,0x6bf559,
8149,0x7ff629d9ece0,0x102ece0,7079212,0x6c052c,
8150,0x7ff629da3bf0,0x1033bf0,7079394,0x6c05e2,
8151,0x7ff629da3da0,0x1033da0,7080276,0x6c0954,
8152,0x7ff629da4d60,0x1034d60,7080340,0x6c0994,
8153,0x7ff629da4ed0,0x1034ed0,7080384,0x6c09c0,
8154,0x7ff629da5040,0x1035040,7080839,0x6c0b87,
8155,0x7ff629da59f0,0x10359f0,7080849,0x6c0b91,
8156,0x7ff629da5a60,0x1035a60,7081251,0x6c0d23,
8157,0x7ff629da6520,0x1036520,7081330,0x6c0d72,
8158,0x7ff629da6740,0x1036740,7081357,0x6c0d8d,
8159,0x7ff629da6800,0x1036800,7081517,0x6c0e2d,
8160,0x7ff629da6ad0,0x1036ad0,7081824,0x6c0f60,
8161,0x7ff629da7150,0x1037150,7082222,0x6c10ee,
8162,0x7ff629da7b60,0x1037b60,7082673,0x6c12b1,
8163,0x7ff629da8510,0x1038510,7083112,0x6c1468,
8164,0x7ff629da8bf0,0x1038bf0,7084730,0x6c1aba,
8165,0x7ff629daae40,0x103ae40,7084947,0x6c1b93,
8166,0x7ff629dab2b0,0x103b2b0,7085287,0x6c1ce7,
8167,0x7ff629dab960,0x103b960,7085453,0x6c1d8d,
8168,0x7ff629dabcb0,0x103bcb0,7085851,0x6c1f1b,
8169,0x7ff629dac020,0x103c020,7085920,0x6c1f60,
8170,0x7ff629dac1d0,0x103c1d0,7086117,0x6c2025,
8171,0x7ff629dac5c0,0x103c5c0,7090583,0x6c3197,
8172,0x7ff629db14d0,0x10414d0,7091748,0x6c3624,
8173,0x7ff629db2b80,0x1042b80,7092910,0x6c3aae,
8174,0x7ff629db4190,0x1044190,7092941,0x6c3acd,
8175,0x7ff629db4270,0x1044270,7096646,0x6c4946,
8176,0x7ff629db85c0,0x10485c0,7096688,0x6c4970,
8177,0x7ff629db8700,0x1048700,7096700,0x6c497c,
8178,0x7ff629db8780,0x1048780,7096779,0x6c49cb,
8179,0x7ff629db8a00,0x1048a00,7096829,0x6c49fd,
8180,0x7ff629db8b30,0x1048b30,7097709,0x6c4d6d,
8181,0x7ff629db9c80,0x1049c80,7098589,0x6c50dd,
8182,0x7ff629dbade0,0x104ade0,7098708,0x6c5154,
8183,0x7ff629dbb020,0x104b020,7098876,0x6c51fc,
8184,0x7ff629dbb3b0,0x104b3b0,7099148,0x6c530c,
8185,0x7ff629dbb910,0x104b910,7099294,0x6c539e,
8186,0x7ff629dbbc20,0x104bc20,7099335,0x6c53c7,
8187,0x7ff629dbbd30,0x104bd30,7099390,0x6c53fe,
8188,0x7ff629dbbeb0,0x104beb0,7099445,0x6c5435,
8189,0x7ff629dbc030,0x104c030,7099483,0x6c545b,
8190,0x7ff629dbc130,0x104c130,7101018,0x6c5a5a,
8191,0x7ff629dbe130,0x104e130,7102078,0x6c5e7e,
8192,0x7ff629dbf9f0,0x104f9f0,7103138,0x6c62a2,
8193,0x7ff629dc12b0,0x10512b0,7104200,0x6c66c8,
8194,0x7ff629dc2b60,0x1052b60,7105262,0x6c6aee,
8195,0x7ff629dc4410,0x1054410,7105286,0x6c6b06,
8196,0x7ff629dc44d0,0x10544d0,7105307,0x6c6b1b,
8197,0x7ff629dc45b0,0x10545b0,7105328,0x6c6b30,
8198,0x7ff629dc4690,0x1054690,7107404,0x6c734c,
8199,0x7ff629dc6e10,0x1056e10,7109460,0x6c7b54,
8200,0x7ff629dc9560,0x1059560,7112177,0x6c85f1,
8201,0x7ff629dccb80,0x105cb80,7112259,0x6c8643,
8202,0x7ff629dccdc0,0x105cdc0,7112438,0x6c86f6,
8203,0x7ff629dcd2d0,0x105d2d0,7112635,0x6c87bb,
8204,0x7ff629dcd830,0x105d830,7112798,0x6c885e,
8205,0x7ff629dcdca0,0x105dca0,7115490,0x6c92e2,
8206,0x7ff629dd12c0,0x10612c0,7115569,0x6c9331,
8207,0x7ff629dd1500,0x1061500,7115745,0x6c93e1,
8208,0x7ff629dd1a00,0x1061a00,7115939,0x6c94a3,
8209,0x7ff629dd1f60,0x1061f60,7116099,0x6c9543,
8210,0x7ff629dd23d0,0x10623d0,7116476,0x6c96bc,
8211,0x7ff629dd2960,0x1062960,7116798,0x6c97fe,
8212,0x7ff629dd2e30,0x1062e30,7116808,0x6c9808,
8213,0x7ff629dd2ea0,0x1062ea0,7116818,0x6c9812,
8214,0x7ff629dd2f20,0x1062f20,7116966,0x6c98a6,
8215,0x7ff629dd3170,0x1063170,7118087,0x6c9d07,
8216,0x7ff629dd4160,0x1064160,7119205,0x6ca165,
8217,0x7ff629dd5140,0x1065140,7119343,0x6ca1ef,
8218,0x7ff629dd5600,0x1065600,7119423,0x6ca23f,
8219,0x7ff629dd5910,0x1065910,7119529,0x6ca2a9,
8220,0x7ff629dd5d40,0x1065d40,7119661,0x6ca32d,
8221,0x7ff629dd6290,0x1066290,7119686,0x6ca346,
8222,0x7ff629dd6330,0x1066330,7124330,0x6cb56a,
8223,0x7ff629ddb4a0,0x106b4a0,7125206,0x6cb8d6,
8224,0x7ff629ddc430,0x106c430,7125218,0x6cb8e2,
8225,0x7ff629ddc4b0,0x106c4b0,7125288,0x6cb928,
8226,0x7ff629ddc600,0x106c600,7125358,0x6cb96e,
8227,0x7ff629ddc740,0x106c740,7125374,0x6cb97e,
8228,0x7ff629ddc7d0,0x106c7d0,7125390,0x6cb98e,
8229,0x7ff629ddc860,0x106c860,7125432,0x6cb9b8,
8230,0x7ff629ddc940,0x106c940,7125458,0x6cb9d2,
8231,0x7ff629ddc9e0,0x106c9e0,7125610,0x6cba6a,
8232,0x7ff629ddccc0,0x106ccc0,7125799,0x6cbb27,
8233,0x7ff629ddd080,0x106d080,7125951,0x6cbbbf,
8234,0x7ff629ddd360,0x106d360,7126140,0x6cbc7c,
8235,0x7ff629ddd720,0x106d720,7126201,0x6cbcb9,
8236,0x7ff629ddd8b0,0x106d8b0,7126249,0x6cbce9,
8237,0x7ff629ddd9e0,0x106d9e0,7126259,0x6cbcf3,
8238,0x7ff629ddda60,0x106da60,7126302,0x6cbd1e,
8239,0x7ff629dddb50,0x106db50,7126322,0x6cbd32,
8240,0x7ff629dddbd0,0x106dbd0,7126339,0x6cbd43,
8241,0x7ff629dddc90,0x106dc90,7126356,0x6cbd54,
8242,0x7ff629dddd40,0x106dd40,7126373,0x6cbd65,script_vm_entry1
8243,0x7ff629ddddf0,0x106ddf0,7126392,0x6cbd78,
8244,0x7ff629dddeb0,0x106deb0,7126402,0x6cbd82,
8245,0x7ff629dddf20,0x106df20,7126412,0x6cbd8c,
8246,0x7ff629dddf90,0x106df90,7126422,0x6cbd96,
8247,0x7ff629dde000,0x106e000,7126439,0x6cbda7,
8248,0x7ff629dde0b0,0x106e0b0,7126456,0x6cbdb8,
8249,0x7ff629dde160,0x106e160,7126473,0x6cbdc9,
8250,0x7ff628dc6040,0x56040,7126478,0x6cbdce,
8251,0x7ff629dde210,0x106e210,7126579,0x6cbe33,
8252,0x7ff629dde4a0,0x106e4a0,7126589,0x6cbe3d,
8253,0x7ff629dde510,0x106e510,7126606,0x6cbe4e,
8254,0x7ff629dde5c0,0x106e5c0,7126623,0x6cbe5f,
8255,0x7ff629dde670,0x106e670,7126871,0x6cbf57,
8256,0x7ff629ddeb50,0x106eb50,7127016,0x6cbfe8,
8257,0x7ff629ddee40,0x106ee40,7127034,0x6cbffa,
8258,0x7ff629ddeed0,0x106eed0,7127274,0x6cc0ea,
8259,0x7ff629ddf3c0,0x106f3c0,7127411,0x6cc173,
8260,0x7ff629ddf6a0,0x106f6a0,7127423,0x6cc17f,
8261,0x7ff629ddf710,0x106f710,7127753,0x6cc2c9,
8262,0x7ff629ddfde0,0x106fde0,7127789,0x6cc2ed,
8263,0x7ff628e35ce0,0xc5ce0,7127796,0x6cc2f4,
8264,0x7ff628e35ce0,0xc5ce0,7127803,0x6cc2fb,
8265,0x7ff629ddfeb0,0x106feb0,7128040,0x6cc3e8,
8266,0x7ff629de02a0,0x10702a0,7128134,0x6cc446,
8267,0x7ff629de04b0,0x10704b0,7128232,0x6cc4a8,
8268,0x7ff629de0660,0x1070660,7128482,0x6cc5a2,
8269,0x7ff629de0ac0,0x1070ac0,7128601,0x6cc619,
8270,0x7ff628dc6040,0x56040,7128606,0x6cc61e,
8271,0x7ff628dc6040,0x56040,7128611,0x6cc623,
8272,0x7ff629de0d60,0x1070d60,7129555,0x6cc9d3,menu_draw_everything
8273,0x7ff629de1b50,0x1071b50,7130464,0x6ccd60,
8274,0x7ff629de32b0,0x10732b0,7130533,0x6ccda5,
8275,0x7ff629de34f0,0x10734f0,7131450,0x6cd13a,
8276,0x7ff629de4b10,0x1074b10,7131537,0x6cd191,
8277,0x7ff629de4d10,0x1074d10,7131603,0x6cd1d3,
8278,0x7ff629de4ec0,0x1074ec0,7132080,0x6cd3b0,
8279,0x7ff629de58f0,0x10758f0,7132595,0x6cd5b3,
8280,0x7ff629de5f90,0x1075f90,7132750,0x6cd64e,
8281,0x7ff629de6210,0x1076210,7133192,0x6cd808,
8282,0x7ff629de6e20,0x1076e20,7133205,0x6cd815,
8283,0x7ff629de6eb0,0x1076eb0,7133466,0x6cd91a,
8284,0x7ff629de7540,0x1077540,7133827,0x6cda83,
8285,0x7ff629de7ef0,0x1077ef0,7134194,0x6cdbf2,
8286,0x7ff629de8840,0x1078840,7134204,0x6cdbfc,
8287,0x7ff629de88c0,0x10788c0,7134217,0x6cdc09,
8288,0x7ff629de8950,0x1078950,7134230,0x6cdc16,
8289,0x7ff629de89e0,0x10789e0,7134240,0x6cdc20,
8290,0x7ff629de32b0,0x10732b0,7134309,0x6cdc65,
8291,0x7ff629de8a60,0x1078a60,7134335,0x6cdc7f,
8292,0x7ff629de8bf0,0x1078bf0,7134378,0x6cdcaa,
8293,0x7ff629de8df0,0x1078df0,7134763,0x6cde2b,
8294,0x7ff629de9570,0x1079570,7134834,0x6cde72,
8295,0x7ff629de98e0,0x10798e0,7136843,0x6ce64b,
8296,0x7ff629debf70,0x107bf70,7136869,0x6ce665,
8297,0x7ff629dec100,0x107c100,7137004,0x6ce6ec,
8298,0x7ff629dec410,0x107c410,7137179,0x6ce79b,
8299,0x7ff629dec870,0x107c870,7137232,0x6ce7d0,
8300,0x7ff628dc6040,0x56040,7137237,0x6ce7d5,
8301,0x7ff628dc6040,0x56040,7137242,0x6ce7da,
8302,0x7ff629dec960,0x107c960,7137257,0x6ce7e9,
8303,0x7ff629dec9d0,0x107c9d0,7137292,0x6ce80c,
8304,0x7ff628dc6040,0x56040,7137297,0x6ce811,
8305,0x7ff629decab0,0x107cab0,7137310,0x6ce81e,
8306,0x7ff629decb30,0x107cb30,7137374,0x6ce85e,
8307,0x7ff629decc70,0x107cc70,7137410,0x6ce882,
8308,0x7ff629decd40,0x107cd40,7137459,0x6ce8b3,
8309,0x7ff629decf00,0x107cf00,7137800,0x6cea08,
8310,0x7ff629ded410,0x107d410,7137815,0x6cea17,
8311,0x7ff629ded4a0,0x107d4a0,7138733,0x6cedad,
8312,0x7ff629dee9a0,0x107e9a0,7138948,0x6cee84,battle_draw_menu_everything
8313,0x7ff629deec60,0x107ec60,7139828,0x6cf1f4,
8314,0x7ff629da3bf0,0x1033bf0,7140010,0x6cf2aa,
8315,0x7ff629df00b0,0x10800b0,7140800,0x6cf5c0,
8316,0x7ff628dc6040,0x56040,7140805,0x6cf5c5,
8317,0x7ff629df1680,0x1081680,7143458,0x6d0022,
8318,0x7ff629df4860,0x1084860,7146206,0x6d0ade,
8319,0x7ff628dc6040,0x56040,7146211,0x6d0ae3,
8320,0x7ff628dc6040,0x56040,7146216,0x6d0ae8,
8321,0x7ff629df7dd0,0x1087dd0,7146233,0x6d0af9,
8322,0x7ff629df7e70,0x1087e70,7146465,0x6d0be1,
8323,0x7ff629df8300,0x1088300,7146481,0x6d0bf1,
8324,0x7ff629df8390,0x1088390,7146516,0x6d0c14,
8325,0x7ff629df8420,0x1088420,7147815,0x6d1127,
8326,0x7ff629dfa6f0,0x108a6f0,7149102,0x6d162e,
8327,0x7ff62926f770,0x4ff770,7149112,0x6d1638,
8328,0x7ff628dc6040,0x56040,7149117,0x6d163d,
8329,0x7ff629dfc910,0x108c910,7149716,0x6d1894,
8330,0x7ff629dfd750,0x108d750,7150428,0x6d1b5c,
8331,0x7ff629dfea80,0x108ea80,7150450,0x6d1b72,
8332,0x7ff629dfeb70,0x108eb70,7150472,0x6d1b88,
8333,0x7ff629dfec60,0x108ec60,7150592,0x6d1c00,
8334,0x7ff629dff040,0x108f040,7150712,0x6d1c78,
8335,0x7ff628dc6040,0x56040,7150717,0x6d1c7d,
8336,0x7ff629dff420,0x108f420,7150731,0x6d1c8b,
8337,0x7ff629dff490,0x108f490,7150784,0x6d1cc0,
8338,0x7ff629dff5f0,0x108f5f0,7172337,0x6d70f1,
8339,0x7ff629e1a7d0,0x10aa7d0,7172597,0x6d71f5,
8340,0x7ff628dc6040,0x56040,7172602,0x6d71fa,
8341,0x7ff629e1ad30,0x10aad30,7172636,0x6d721c,
8342,0x7ff629e1ae10,0x10aae10,7172677,0x6d7245,
8343,0x7ff629e1aef0,0x10aaef0,7174524,0x6d797c,
8344,0x7ff629e1ca10,0x10aca10,7175099,0x6d7bbb,
8345,0x7ff629e1d5b0,0x10ad5b0,7175674,0x6d7dfa,
8346,0x7ff629e1e150,0x10ae150,7175974,0x6d7f26,
8347,0x7ff629e1e730,0x10ae730,7176274,0x6d8052,
8348,0x7ff629e1ed10,0x10aed10,7176606,0x6d819e,
8349,0x7ff629e1f480,0x10af480,7176938,0x6d82ea,
8350,0x7ff629e1fbf0,0x10afbf0,7177049,0x6d8359,
8351,0x7ff629e1feb0,0x10afeb0,7177160,0x6d83c8,
8352,0x7ff629e20170,0x10b0170,7177412,0x6d84c4,
8353,0x7ff629e20680,0x10b0680,7177552,0x6d8550,
8354,0x7ff629e20950,0x10b0950,7177804,0x6d864c,
8355,0x7ff629e20e60,0x10b0e60,7177938,0x6d86d2,
8356,0x7ff629e21130,0x10b1130,7178595,0x6d8963,
8357,0x7ff629e21bd0,0x10b1bd0,7178865,0x6d8a71,
8358,0x7ff629e22040,0x10b2040,7179038,0x6d8b1e,
8359,0x7ff629e22190,0x10b2190,7179341,0x6d8c4d,
8360,0x7ff628dc6040,0x56040,7179346,0x6d8c52,
8361,0x7ff628dc6040,0x56040,7179351,0x6d8c57,
8362,0x7ff628dc6040,0x56040,7179356,0x6d8c5c,
8363,0x7ff628dc6040,0x56040,7179361,0x6d8c61,
8364,0x7ff628dc6040,0x56040,7179366,0x6d8c66,
8365,0x7ff628dc6040,0x56040,7179371,0x6d8c6b,
8366,0x7ff628dc6040,0x56040,7179376,0x6d8c70,
8367,0x7ff628dc6040,0x56040,7179381,0x6d8c75,
8368,0x7ff629e226c0,0x10b26c0,7180061,0x6d8f1d,
8369,0x7ff628dc6040,0x56040,7180066,0x6d8f22,
8370,0x7ff629e23350,0x10b3350,7180103,0x6d8f47,
8371,0x7ff629e23430,0x10b3430,7180515,0x6d90e3,
8372,0x7ff628dc6040,0x56040,7180520,0x6d90e8,
8373,0x7ff629e239a0,0x10b39a0,7180794,0x6d91fa,
8374,0x7ff629e23eb0,0x10b3eb0,7182375,0x6d9827,
8375,0x7ff628dc6040,0x56040,7182380,0x6d982c,
8376,0x7ff629e256b0,0x10b56b0,7182563,0x6d98e3,
8377,0x7ff629e25a00,0x10b5a00,7183056,0x6d9ad0,
8378,0x7ff628dc6040,0x56040,7183061,0x6d9ad5,
8379,0x7ff629e262a0,0x10b62a0,7183256,0x6d9b98,
8380,0x7ff629e26630,0x10b6630,7183796,0x6d9db4,
8381,0x7ff628dc6040,0x56040,7183801,0x6d9db9,
8382,0x7ff628dc6040,0x56040,7183806,0x6d9dbe,
8383,0x7ff629e26e00,0x10b6e00,7184077,0x6d9ecd,
8384,0x7ff628dc6040,0x56040,7184082,0x6d9ed2,
8385,0x7ff628dc6040,0x56040,7184087,0x6d9ed7,
8386,0x7ff629e27260,0x10b7260,7184298,0x6d9faa,
8387,0x7ff628dc6040,0x56040,7184303,0x6d9faf,
8388,0x7ff629e275e0,0x10b75e0,7184498,0x6da072,
8389,0x7ff629e27970,0x10b7970,7184951,0x6da237,
8390,0x7ff628dc6040,0x56040,7184956,0x6da23c,
8391,0x7ff629e28010,0x10b8010,7185320,0x6da3a8,
8392,0x7ff629e28420,0x10b8420,7185685,0x6da515,
8393,0x7ff628dc6040,0x56040,7185690,0x6da51a,
8394,0x7ff629e28a90,0x10b8a90,7186046,0x6da67e,
8395,0x7ff629e29090,0x10b9090,7186310,0x6da786,
8396,0x7ff628dc6040,0x56040,7186315,0x6da78b,
8397,0x7ff629e294c0,0x10b94c0,7186325,0x6da795,
8398,0x7ff629e29530,0x10b9530,7186569,0x6da889,
8399,0x7ff628dc6040,0x56040,7186574,0x6da88e,
8400,0x7ff629e298f0,0x10b98f0,7186584,0x6da898,
8401,0x7ff629e29ab0,0x10b9ab0,7186824,0x6da988,
8402,0x7ff628dc6040,0x56040,7186829,0x6da98d,
8403,0x7ff629e29e40,0x10b9e40,7186952,0x6daa08,
8404,0x7ff629e2a210,0x10ba210,7187263,0x6dab3f,
8405,0x7ff628dc6040,0x56040,7187268,0x6dab44,
8406,0x7ff629e2a8c0,0x10ba8c0,7187397,0x6dabc5,
8407,0x7ff629e2ac40,0x10bac40,7187501,0x6dac2d,
8408,0x7ff629e2ae30,0x10bae30,7188208,0x6daef0,
8409,0x7ff629e2bcf0,0x10bbcf0,7188668,0x6db0bc,
8410,0x7ff629e2c5b0,0x10bc5b0,7188718,0x6db0ee,
8411,0x7ff629e2c710,0x10bc710,7190294,0x6db716,
8412,0x7ff629e2e320,0x10be320,7190443,0x6db7ab,
8413,0x7ff629e2e520,0x10be520,7193067,0x6dc1eb,
8414,0x7ff629e32c30,0x10c2c30,7193869,0x6dc50d,
8415,0x7ff629e33fa0,0x10c3fa0,7194450,0x6dc752,
8416,0x7ff629e34cf0,0x10c4cf0,7194778,0x6dc89a,
8417,0x7ff629e34f80,0x10c4f80,7194896,0x6dc910,
8418,0x7ff629e35150,0x10c5150,7194998,0x6dc976,
8419,0x7ff629e353d0,0x10c53d0,7195280,0x6dca90,
8420,0x7ff629e358e0,0x10c58e0,7195562,0x6dcbaa,
8421,0x7ff629e35df0,0x10c5df0,7196664,0x6dcff8,
8422,0x7ff629e37650,0x10c7650,7196702,0x6dd01e,
8423,0x7ff629e37790,0x10c7790,7196737,0x6dd041,
8424,0x7ff629e378d0,0x10c78d0,7199252,0x6dda14,
8425,0x7ff629e3a9a0,0x10ca9a0,7201755,0x6de3db,
8426,0x7ff629e3da50,0x10cda50,7202804,0x6de7f4,
8427,0x7ff629e3ef00,0x10cef00,7203838,0x6debfe,
8428,0x7ff629e403a0,0x10d03a0,7204592,0x6deef0,
8429,0x7ff629e41310,0x10d1310,7204871,0x6df007,
8430,0x7ff629e41990,0x10d1990,7205622,0x6df2f6,
8431,0x7ff629e42900,0x10d2900,7205901,0x6df40d,
8432,0x7ff629e42f80,0x10d2f80,7206602,0x6df6ca,
8433,0x7ff629e43ee0,0x10d3ee0,7207354,0x6df9ba,
8434,0x7ff629e450d0,0x10d50d0,7208037,0x6dfc65,
8435,0x7ff629e45ee0,0x10d5ee0,7209030,0x6e0046,
8436,0x7ff629e475e0,0x10d75e0,7209704,0x6e02e8,
8437,0x7ff629e483f0,0x10d83f0,7210697,0x6e06c9,
8438,0x7ff629e49af0,0x10d9af0,7211074,0x6e0842,
8439,0x7ff629e4a2a0,0x10da2a0,7211451,0x6e09bb,
8440,0x7ff629e4aa50,0x10daa50,7211891,0x6e0b73,
8441,0x7ff629e4b340,0x10db340,7212328,0x6e0d28,
8442,0x7ff629e4bc30,0x10dbc30,7213079,0x6e1017,
8443,0x7ff629e4cf90,0x10dcf90,7213832,0x6e1308,
8444,0x7ff629e4e320,0x10de320,7215419,0x6e193b,
8445,0x7ff629e50320,0x10e0320,7216996,0x6e1f64,
8446,0x7ff629e52330,0x10e2330,7217203,0x6e2033,
8447,0x7ff629e527e0,0x10e27e0,7217410,0x6e2102,
8448,0x7ff629e52c90,0x10e2c90,7217475,0x6e2143,
8449,0x7ff629e52e00,0x10e2e00,7217520,0x6e2170,
8450,0x7ff629e52ed0,0x10e2ed0,7218868,0x6e26b4,
8451,0x7ff629e54560,0x10e4560,7220827,0x6e2e5b,
8452,0x7ff629e56b60,0x10e6b60,7221161,0x6e2fa9,
8453,0x7ff629e57010,0x10e7010,7221261,0x6e300d,
8454,0x7ff629e57250,0x10e7250,7221505,0x6e3101,
8455,0x7ff629e576c0,0x10e76c0,7221557,0x6e3135,
8456,0x7ff629e577b0,0x10e77b0,7222253,0x6e33ed,
8457,0x7ff629e58500,0x10e8500,7222949,0x6e36a5,
8458,0x7ff629e59250,0x10e9250,7223076,0x6e3724,
8459,0x7ff629e594e0,0x10e94e0,7223179,0x6e378b,
8460,0x7ff629e59720,0x10e9720,7223203,0x6e37a3,
8461,0x7ff629e597b0,0x10e97b0,7223353,0x6e3839,
8462,0x7ff629e59ae0,0x10e9ae0,7223375,0x6e384f,
8463,0x7ff629e59b90,0x10e9b90,7224476,0x6e3c9c,
8464,0x7ff629e5b0c0,0x10eb0c0,7226116,0x6e4304,
8465,0x7ff629e5d4c0,0x10ed4c0,7226190,0x6e434e,
8466,0x7ff629e5d660,0x10ed660,7227665,0x6e4911,
8467,0x7ff629e5ec00,0x10eec00,7227737,0x6e4959,
8468,0x7ff629e5edc0,0x10eedc0,7227801,0x6e4999,
8469,0x7ff629e5ef60,0x10eef60,7228036,0x6e4a84,
8470,0x7ff629e5f470,0x10ef470,7228184,0x6e4b18,
8471,0x7ff629e5f6f0,0x10ef6f0,7228202,0x6e4b2a,
8472,0x7ff629e5f780,0x10ef780,7228220,0x6e4b3c,
8473,0x7ff629e5f810,0x10ef810,7228315,0x6e4b9b,
8474,0x7ff629e5fa40,0x10efa40,7228408,0x6e4bf8,
8475,0x7ff629e5fc70,0x10efc70,7229889,0x6e51c1,
8476,0x7ff629e62740,0x10f2740,7231438,0x6e57ce,
8477,0x7ff629e653b0,0x10f53b0,7231872,0x6e5980,
8478,0x7ff629e658e0,0x10f58e0,7231932,0x6e59bc,
8479,0x7ff629e65a20,0x10f5a20,7232509,0x6e5bfd,
8480,0x7ff629e66380,0x10f6380,7232594,0x6e5c52,
8481,0x7ff629e66580,0x10f6580,7233083,0x6e5e3b,
8482,0x7ff629e66b90,0x10f6b90,7234071,0x6e6217,
8483,0x7ff629e68360,0x10f8360,7234193,0x6e6291,
8484,0x7ff629e68630,0x10f8630,7236656,0x6e6c30,
8485,0x7ff629e6a8f0,0x10fa8f0,7236694,0x6e6c56,
8486,0x7ff628dc6040,0x56040,7236699,0x6e6c5b,
8487,0x7ff629e6aa50,0x10faa50,7237217,0x6e6e61,
8488,0x7ff628dc6040,0x56040,7237222,0x6e6e66,
8489,0x7ff629e6b970,0x10fb970,7237741,0x6e706d,field_submit_draw_text_640x480
8490,0x7ff629e6c900,0x10fc900,7240554,0x6e7b6a,
8491,0x7ff629e70e40,0x1100e40,7240609,0x6e7ba1,
8492,0x7ff629e71060,0x1101060,7240657,0x6e7bd1,
8493,0x7ff629e71210,0x1101210,7240696,0x6e7bf8,
8494,0x7ff629e71380,0x1101380,7240755,0x6e7c33,
8495,0x7ff629e71580,0x1101580,7240809,0x6e7c69,
8496,0x7ff629e71700,0x1101700,7240863,0x6e7c9f,
8497,0x7ff629e71880,0x1101880,7240921,0x6e7cd9,
8498,0x7ff629e71a30,0x1101a30,7240992,0x6e7d20,
8499,0x7ff629e71cd0,0x1101cd0,7247840,0x6e97e0,
8500,0x7ff629e7cef0,0x110cef0,7254968,0x6eb3b8,
8501,0x7ff629e88430,0x1118430,7255955,0x6eb793,
8502,0x7ff629e8a0a0,0x111a0a0,7257236,0x6ebc94,
8503,0x7ff629e8c3b0,0x111c3b0,7257900,0x6ebf2c,
8504,0x7ff629e8d6a0,0x111d6a0,7260776,0x6eca68,
8505,0x7ff629e91670,0x1121670,7261902,0x6ecece,
8506,0x7ff629e92ef0,0x1122ef0,7262444,0x6ed0ec,
8507,0x7ff629e93eb0,0x1123eb0,7262987,0x6ed30b,
8508,0x7ff629e94ee0,0x1124ee0,7265647,0x6edd6f,
8509,0x7ff629e98990,0x1128990,7265738,0x6eddca,
8510,0x7ff629e98ca0,0x1128ca0,7265821,0x6ede1d,
8511,0x7ff629e98f80,0x1128f80,7271754,0x6ef54a,
8512,0x7ff629ea2ed0,0x1132ed0,7277949,0x6f0d7d,
8513,0x7ff629ead0d0,0x113d0d0,7278961,0x6f1171,
8514,0x7ff629eaedb0,0x113edb0,7280267,0x6f168b,
8515,0x7ff629eb1140,0x1141140,7280958,0x6f193e,
8516,0x7ff629eb24b0,0x11424b0,7281139,0x6f19f3,
8517,0x7ff629eb2650,0x1142650,7281152,0x6f1a00,
8518,0x7ff629eb26e0,0x11426e0,7287954,0x6f3492,
8519,0x7ff629ebd6b0,0x114d6b0,7293841,0x6f4b91,
8520,0x7ff629ec73b0,0x11573b0,7294207,0x6f4cff,
8521,0x7ff629ec7f20,0x1157f20,7294229,0x6f4d15,
8522,0x7ff629ec7fd0,0x1157fd0,7294256,0x6f4d30,
8523,0x7ff629ec8060,0x1158060,7294386,0x6f4db2,
8524,0x7ff629ec84f0,0x11584f0,7295767,0x6f5317,
8525,0x7ff629eca530,0x115a530,7295836,0x6f535c,
8526,0x7ff629eca6e0,0x115a6e0,7295905,0x6f53a1,
8527,0x7ff629eca890,0x115a890,7295922,0x6f53b2,
8528,0x7ff629eca940,0x115a940,7295985,0x6f53f1,
8529,0x7ff629ecaad0,0x115aad0,7296002,0x6f5402,
8530,0x7ff629ecab80,0x115ab80,7296144,0x6f5490,
8531,0x7ff628dc6040,0x56040,7296149,0x6f5495,
8532,0x7ff629ecae80,0x115ae80,7296162,0x6f54a2,
8533,0x7ff629ecaf00,0x115af00,7296590,0x6f564e,common_submit_draw_char_from_buffer
8534,0x7ff629ecb800,0x115b800,7297795,0x6f5b03,
8535,0x7ff629ecd910,0x115d910,7298060,0x6f5c0c,
8536,0x7ff629ecdf80,0x115df80,7299831,0x6f62f7,
8537,0x7ff629ed0f30,0x1160f30,7299980,0x6f638c,
8538,0x7ff629ed1300,0x1161300,7301546,0x6f69aa,
8539,0x7ff629ed3e00,0x1163e00,7301644,0x6f6a0c,
8540,0x7ff629ed40b0,0x11640b0,7303483,0x6f713b,
8541,0x7ff629ed76d0,0x11676d0,7303792,0x6f7270,
8542,0x7ff629ed80a0,0x11680a0,7304006,0x6f7346,
8543,0x7ff629ed86b0,0x11686b0,7304711,0x6f7607,
8544,0x7ff629ed9c30,0x1169c30,7306235,0x6f7bfb,
8545,0x7ff629edca40,0x116ca40,7313209,0x6f9739,
8546,0x7ff629ee8520,0x1178520,7314500,0x6f9c44,
8547,0x7ff629eea910,0x117a910,7315759,0x6fa12f,
8548,0x7ff629eecc00,0x117cc00,7316295,0x6fa347,
8549,0x7ff629eedad0,0x117dad0,7316829,0x6fa55d,
8550,0x7ff629eee930,0x117e930,7317254,0x6fa706,
8551,0x7ff629eef230,0x117f230,7318319,0x6fab2f,
8552,0x7ff629ef0df0,0x1180df0,7318584,0x6fac38,
8553,0x7ff629ef1460,0x1181460,7320412,0x6fb35c,
8554,0x7ff629ef4490,0x1184490,7320575,0x6fb3ff,
8555,0x7ff629ef4870,0x1184870,7322153,0x6fba29,
8556,0x7ff629ef73b0,0x11873b0,7322276,0x6fbaa4,
8557,0x7ff629ef7700,0x1187700,7324184,0x6fc218,
8558,0x7ff629efae70,0x118ae70,7324556,0x6fc38c,
8559,0x7ff629efb980,0x118b980,7324770,0x6fc462,
8560,0x7ff629efbf90,0x118bf90,7325498,0x6fc73a,
8561,0x7ff629efd5b0,0x118d5b0,7327045,0x6fcd45,
8562,0x7ff629f00460,0x1190460,7327579,0x6fcf5b,
8563,0x7ff629f01640,0x1191640,7328907,0x6fd48b,
8564,0x7ff629f03b10,0x1193b10,7330211,0x6fd9a3,
8565,0x7ff629f05ed0,0x1195ed0,7330539,0x6fdaeb,
8566,0x7ff629f06720,0x1196720,7330854,0x6fdc26,
8567,0x7ff629f06ec0,0x1196ec0,7330976,0x6fdca0,
8568,0x7ff629f071f0,0x11971f0,7332316,0x6fe1dc,
8569,0x7ff629f07b70,0x1197b70,7332379,0x6fe21b,
8570,0x7ff629f07d00,0x1197d00,7332394,0x6fe22a,
8571,0x7ff629f07d80,0x1197d80,7332453,0x6fe265,
8572,0x7ff629f07f30,0x1197f30,7332528,0x6fe2b0,
8573,0x7ff629f080f0,0x11980f0,7332630,0x6fe316,
8574,0x7ff629f08440,0x1198440,7332857,0x6fe3f9,
8575,0x7ff628dc6040,0x56040,7332862,0x6fe3fe,
8576,0x7ff629f08900,0x1198900,7332995,0x6fe483,
8577,0x7ff629f08c30,0x1198c30,7333022,0x6fe49e,
8578,0x7ff629f08d10,0x1198d10,7333054,0x6fe4be,
8579,0x7ff629f08e20,0x1198e20,7333178,0x6fe53a,
8580,0x7ff629f09200,0x1199200,7333460,0x6fe654,
8581,0x7ff629f09780,0x1199780,7333829,0x6fe7c5,
8582,0x7ff629f09ec0,0x1199ec0,7334106,0x6fe8da,
8583,0x7ff629f0a450,0x119a450,7334339,0x6fe9c3,
8584,0x7ff629f0a8f0,0x119a8f0,7334656,0x6feb00,
8585,0x7ff62926f770,0x4ff770,7334666,0x6feb0a,
8586,0x7ff628dc6040,0x56040,7334671,0x6feb0f,
8587,0x7ff62926f770,0x4ff770,7334688,0x6feb20,
8588,0x7ff629f0aeb0,0x119aeb0,7334765,0x6feb6d,
8589,0x7ff629f0b0b0,0x119b0b0,7335158,0x6fecf6,
8590,0x7ff629f0b9a0,0x119b9a0,7335319,0x6fed97,
8591,0x7ff629f0bd20,0x119bd20,7335344,0x6fedb0,
8592,0x7ff629f0bdb0,0x119bdb0,7339946,0x6fffaa,
8593,0x7ff629f10d80,0x11a0d80,7340176,0x700090,
8594,0x7ff629f11080,0x11a1080,7340650,0x70026a,
8595,0x7ff629f11b10,0x11a1b10,7341077,0x700415,
8596,0x7ff629f12630,0x11a2630,7341545,0x7005e9,
8597,0x7ff629f130a0,0x11a30a0,7341972,0x700794,
8598,0x7ff629f13bc0,0x11a3bc0,7342275,0x7008c3,
8599,0x7ff629f14070,0x11a4070,7342709,0x700a75,
8600,0x7ff629f147c0,0x11a47c0,7342751,0x700a9f,
8601,0x7ff629f148f0,0x11a48f0,7343138,0x700c22,
8602,0x7ff629f14f90,0x11a4f90,7343248,0x700c90,
8603,0x7ff629f151f0,0x11a51f0,7347020,0x701b4c,
8604,0x7ff629f197c0,0x11a97c0,7347481,0x701d19,
8605,0x7ff629f1a370,0x11aa370,7347940,0x701ee4,
8606,0x7ff629f1aec0,0x11aaec0,7348357,0x702085,
8607,0x7ff629f1b5f0,0x11ab5f0,7348384,0x7020a0,
8608,0x7ff629f1b660,0x11ab660,7348522,0x70212a,
8609,0x7ff629f1ba30,0x11aba30,7352694,0x703176,
8610,0x7ff629f207d0,0x11b07d0,7353156,0x703344,
8611,0x7ff629f210d0,0x11b10d0,7353618,0x703512,
8612,0x7ff628dc6040,0x56040,7353623,0x703517,
8613,0x7ff629f21930,0x11b1930,7353872,0x703610,
8614,0x7ff629f21f20,0x11b1f20,7353974,0x703676,
8615,0x7ff629f22270,0x11b2270,7354201,0x703759,
8616,0x7ff628dc6040,0x56040,7354208,0x703760,
8617,0x7ff629f22730,0x11b2730,7354304,0x7037c0,
8618,0x7ff629f22850,0x11b2850,7354356,0x7037f4,
8619,0x7ff629f229d0,0x11b29d0,7354408,0x703828,
8620,0x7ff629f22b50,0x11b2b50,7354572,0x7038cc,
8621,0x7ff629f22ed0,0x11b2ed0,7355069,0x703abd,
8622,0x7ff629f23890,0x11b3890,7355889,0x703df1,
8623,0x7ff629f24870,0x11b4870,7356935,0x704207,
8624,0x7ff629f26190,0x11b6190,7357970,0x704612,
8625,0x7ff629f277d0,0x11b77d0,7358459,0x7047fb,
8626,0x7ff629f11b10,0x11a1b10,7358886,0x7049a6,
8627,0x7ff629f28290,0x11b8290,7359369,0x704b89,
8628,0x7ff629f28d40,0x11b8d40,7359796,0x704d34,
8629,0x7ff629f29860,0x11b9860,7360802,0x705122,
8630,0x7ff629f2ae00,0x11bae00,7361772,0x7054ec,
8631,0x7ff629f2c360,0x11bc360,7362426,0x70577a,
8632,0x7ff629f2d160,0x11bd160,7363067,0x7059fb,
8633,0x7ff629f2df50,0x11bdf50,7363382,0x705b36,
8634,0x7ff629f2e740,0x11be740,7363697,0x705c71,
8635,0x7ff628dc6040,0x56040,7363712,0x705c80,
8636,0x7ff629f2ef10,0x11bef10,7363862,0x705d16,
8637,0x7ff629f2f300,0x11bf300,7370255,0x70760f,
8638,0x7ff629f35bf0,0x11c5bf0,7370576,0x707750,
8639,0x7ff629f36470,0x11c6470,7370897,0x707891,
8640,0x7ff629f36cf0,0x11c6cf0,7372376,0x707e58,
8641,0x7ff629f390b0,0x11c90b0,7373805,0x7083ed,
8642,0x7ff629f3b430,0x11cb430,7374448,0x708670,
8643,0x7ff628dc6040,0x56040,7374453,0x708675,
8644,0x7ff629f3c0b0,0x11cc0b0,7374526,0x7086be,
8645,0x7ff629f3c2c0,0x11cc2c0,7374871,0x708817,
8646,0x7ff629f3cb10,0x11ccb10,7375216,0x708970,
8647,0x7ff629f3d340,0x11cd340,7376124,0x708cfc,
8648,0x7ff629f3e6e0,0x11ce6e0,7376863,0x708fdf,
8649,0x7ff629f3fad0,0x11cfad0,7377765,0x709365,
8650,0x7ff629f40e70,0x11d0e70,7378507,0x70964b,
8651,0x7ff629f42260,0x11d2260,7379011,0x709843,
8652,0x7ff629f42da0,0x11d2da0,7379515,0x709a3b,
8653,0x7ff629f438e0,0x11d38e0,7380090,0x709c7a,
8654,0x7ff629f44550,0x11d4550,7380662,0x709eb6,
8655,0x7ff629f451b0,0x11d51b0,7380952,0x709fd8,
8656,0x7ff629f45870,0x11d5870,7382538,0x70a60a,
8657,0x7ff629f47590,0x11d7590,7384100,0x70ac24,
8658,0x7ff629f491e0,0x11d91e0,7384619,0x70ae2b,
8659,0x7ff629f49b20,0x11d9b20,7385138,0x70b032,
8660,0x7ff629f4a460,0x11da460,7385234,0x70b092,
8661,0x7ff629f4a6c0,0x11da6c0,7387774,0x70ba7e,
8662,0x7ff629f4e0d0,0x11de0d0,7388122,0x70bbda,
8663,0x7ff629f4e830,0x11de830,7388136,0x70bbe8,
8664,0x7ff629f4e8c0,0x11de8c0,7388169,0x70bc09,
8665,0x7ff629f4e9f0,0x11de9f0,7388265,0x70bc69,
8666,0x7ff629f4ec50,0x11dec50,7390721,0x70c601,
8667,0x7ff629f51f30,0x11e1f30,7391066,0x70c75a,
8668,0x7ff629f52690,0x11e2690,7391531,0x70c92b,
8669,0x7ff629f52fb0,0x11e2fb0,7391984,0x70caf0,
8670,0x7ff629f538d0,0x11e38d0,7392512,0x70cd00,
8671,0x7ff629f54170,0x11e4170,7393035,0x70cf0b,
8672,0x7ff629f54a00,0x11e4a00,7398058,0x70e2aa,
8673,0x7ff629f59f30,0x11e9f30,7398108,0x70e2dc,
8674,0x7ff629f5a090,0x11ea090,7398840,0x70e5b8,
8675,0x7ff629f5b020,0x11eb020,7398874,0x70e5da,
8676,0x7ff629f5b190,0x11eb190,7399130,0x70e6da,
8677,0x7ff629f5b7c0,0x11eb7c0,7399220,0x70e734,
8678,0x7ff629f5b9d0,0x11eb9d0,7399268,0x70e764,
8679,0x7ff629f5b020,0x11eb020,7399302,0x70e786,
8680,0x7ff629f5bb50,0x11ebb50,7399473,0x70e831,
8681,0x7ff629f5bf50,0x11ebf50,7399900,0x70e9dc,
8682,0x7ff629f5ca70,0x11eca70,7400327,0x70eb87,
8683,0x7ff629f5d590,0x11ed590,7400379,0x70ebbb,
8684,0x7ff629f5d710,0x11ed710,7400431,0x70ebef,
8685,0x7ff629f5d890,0x11ed890,7400692,0x70ecf4,
8686,0x7ff629f5dfe0,0x11edfe0,7402217,0x70f2e9,
8687,0x7ff629f5fd80,0x11efd80,7402641,0x70f491,
8688,0x7ff629f60620,0x11f0620,7402974,0x70f5de,
8689,0x7ff629f60e70,0x11f0e70,7404493,0x70fbcd,
8690,0x7ff629f62c00,0x11f2c00,7404917,0x70fd75,
8691,0x7ff629f63490,0x11f3490,7405250,0x70fec2,
8692,0x7ff629f63ce0,0x11f3ce0,7408592,0x710bd0,
8693,0x7ff629f66e00,0x11f6e00,7408700,0x710c3c,
8694,0x7ff629f671a0,0x11f71a0,7408720,0x710c50,
8695,0x7ff629f67210,0x11f7210,7409146,0x710dfa,
8696,0x7ff629f67dc0,0x11f7dc0,7423384,0x714598,field_text_opcode
8697,0x7ff629f75a30,0x1205a30,7423434,0x7145ca,
8698,0x7ff629f75b30,0x1205b30,7423486,0x7145fe,
8699,0x7ff629f75cb0,0x1205cb0,7423552,0x714640,
8700,0x7ff629f75e30,0x1205e30,7423837,0x71475d,
8701,0x7ff629f5a090,0x11ea090,7424569,0x714a39,
8702,0x7ff629f5b020,0x11eb020,7424603,0x714a5b,
8703,0x7ff629f76240,0x1206240,7424691,0x714ab3,
8704,0x7ff629f76470,0x1206470,7424721,0x714ad1,
8705,0x7ff629f76560,0x1206560,7424856,0x714b58,
8706,0x7ff629f768d0,0x12068d0,7425000,0x714be8,
8707,0x7ff629f76c50,0x1206c50,7425165,0x714c8d,
8708,0x7ff629f77010,0x1207010,7425343,0x714d3f,
8709,0x7ff629f77420,0x1207420,7425521,0x714df1,
8710,0x7ff629f77830,0x1207830,7425699,0x714ea3,
8711,0x7ff629f77c40,0x1207c40,7425738,0x714eca,
8712,0x7ff629f77db0,0x1207db0,7425778,0x714ef2,
8713,0x7ff629f77f30,0x1207f30,7425955,0x714fa3,
8714,0x7ff629f78440,0x1208440,7426086,0x715026,
8715,0x7ff629f78740,0x1208740,7426208,0x7150a0,
8716,0x7ff629f78a30,0x1208a30,7426309,0x715105,
8717,0x7ff629f78c80,0x1208c80,7435921,0x717691,
8718,0x7ff629e41310,0x10d1310,7436200,0x7177a8,
8719,0x7ff629e42900,0x10d2900,7436479,0x7178bf,
8720,0x7ff629f75a30,0x1205a30,7436529,0x7178f1,
8721,0x7ff629f81a20,0x1211a20,7436579,0x717923,
8722,0x7ff629f81b20,0x1211b20,7436636,0x71795c,
8723,0x7ff628dc6040,0x56040,7436641,0x717961,
8724,0x7ff629f81cc0,0x1211cc0,7436911,0x717a6f,
8725,0x7ff629f82210,0x1212210,7437039,0x717aef,
8726,0x7ff629f82560,0x1212560,7437117,0x717b3d,
8727,0x7ff629f82740,0x1212740,7437219,0x717ba3,
8728,0x7ff629f82990,0x1212990,7437333,0x717c15,
8729,0x7ff629f82c40,0x1212c40,7437618,0x717d32,
8730,0x7ff629f831e0,0x12131e0,7437709,0x717d8d,
8731,0x7ff629f83420,0x1213420,7438006,0x717eb6,
8732,0x7ff629f83a10,0x1213a10,7438294,0x717fd6,
8733,0x7ff629f83f80,0x1213f80,7438604,0x71810c,
8734,0x7ff629f84660,0x1214660,7438848,0x718200,
8735,0x7ff629f84c20,0x1214c20,7438863,0x71820f,
8736,0x7ff629f84c90,0x1214c90,7438886,0x718226,
8737,0x7ff629f84d30,0x1214d30,7438937,0x718259,
8738,0x7ff629f84e60,0x1214e60,7438958,0x71826e,
8739,0x7ff629f84ef0,0x1214ef0,7439081,0x7182e9,
8740,0x7ff629f85260,0x1215260,7439150,0x71832e,
8741,0x7ff629f853c0,0x12153c0,7439891,0x718613,
8742,0x7ff629f85cd0,0x1215cd0,7440057,0x7186b9,
8743,0x7ff629f86080,0x1216080,7440067,0x7186c3,
8744,0x7ff628dc6040,0x56040,7440072,0x7186c8,
8745,0x7ff629f86100,0x1216100,7440104,0x7186e8,
8746,0x7ff629f861d0,0x12161d0,7440119,0x7186f7,
8747,0x7ff629f86240,0x1216240,7440144,0x718710,
8748,0x7ff629f862b0,0x12162b0,7440715,0x71894b,
8749,0x7ff629f86d80,0x1216d80,7441114,0x718ada,
8750,0x7ff629f87330,0x1217330,7441169,0x718b11,
8751,0x7ff629f87550,0x1217550,7441306,0x718b9a,
8752,0x7ff629f87860,0x1217860,7441412,0x718c04,
8753,0x7ff629f87c40,0x1217c40,7441603,0x718cc3,
8754,0x7ff629f87ec0,0x1217ec0,7441854,0x718dbe,
8755,0x7ff629f88130,0x1218130,7445377,0x719b81,
8756,0x7ff629f8c590,0x121c590,7445512,0x719c08,
8757,0x7ff629f8c930,0x121c930,7445732,0x719ce4,
8758,0x7ff629f8cc60,0x121cc60,7445763,0x719d03,
8759,0x7ff629f8ce00,0x121ce00,7445792,0x719d20,
8760,0x7ff629f8cf90,0x121cf90,7445882,0x719d7a,
8761,0x7ff629f8d1c0,0x121d1c0,7445950,0x719dbe,
8762,0x7ff629f8d2f0,0x121d2f0,7446055,0x719e27,
8763,0x7ff629f8d540,0x121d540,7446160,0x719e90,
8764,0x7ff629f8d790,0x121d790,7447233,0x71a2c1,
8765,0x7ff629f8ef60,0x121ef60,7448294,0x71a6e6,
8766,0x7ff629f90730,0x1220730,7448489,0x71a7a9,
8767,0x7ff629f90c80,0x1220c80,7448517,0x71a7c5,
8768,0x7ff629f90d60,0x1220d60,7448691,0x71a873,
8769,0x7ff629f910d0,0x12210d0,7449182,0x71aa5e,
8770,0x7ff629f91910,0x1221910,7449251,0x71aaa3,
8771,0x7ff629f91aa0,0x1221aa0,7463399,0x71e1e7,
8772,0x7ff629e41310,0x10d1310,7463678,0x71e2fe,
8773,0x7ff629e42900,0x10d2900,7463957,0x71e415,
8774,0x7ff629fa0ab0,0x1230ab0,7466497,0x71ee01,
8775,0x7ff629fa44c0,0x12344c0,7466845,0x71ef5d,
8776,0x7ff629f4e830,0x11de830,7466859,0x71ef6b,
8777,0x7ff629f4e8c0,0x11de8c0,7466892,0x71ef8c,
8778,0x7ff629fa4c20,0x1234c20,7469348,0x71f924,
8779,0x7ff629fa7f00,0x1237f00,7469693,0x71fa7d,
8780,0x7ff629fa8660,0x1238660,7470011,0x71fbbb,
8781,0x7ff629fa8ee0,0x1238ee0,7470329,0x71fcf9,
8782,0x7ff629fa9760,0x1239760,7470426,0x71fd5a,
8783,0x7ff629fa9990,0x1239990,7470505,0x71fda9,
8784,0x7ff629fa9b60,0x1239b60,7470749,0x71fe9d,
8785,0x7ff629faa030,0x123a030,7470987,0x71ff8b,
8786,0x7ff629faa450,0x123a450,7470997,0x71ff95,
8787,0x7ff629faa4c0,0x123a4c0,7471232,0x720080,
8788,0x7ff629faa880,0x123a880,7471586,0x7201e2,
8789,0x7ff629fab1e0,0x123b1e0,7472966,0x720746,
8790,0x7ff629fad260,0x123d260,7473013,0x720775,
8791,0x7ff629fad440,0x123d440,7473902,0x720aee,
8792,0x7ff629faeb10,0x123eb10,7474788,0x720e64,
8793,0x7ff629fb01d0,0x12401d0,7474928,0x720ef0,
8794,0x7ff629fb04a0,0x12404a0,7474991,0x720f2f,
8795,0x7ff629fb05f0,0x12405f0,7475039,0x720f5f,
8796,0x7ff629fb0710,0x1240710,7475054,0x720f6e,
8797,0x7ff629fb07b0,0x12407b0,7475388,0x7210bc,
8798,0x7ff629fb0e00,0x1240e00,7475963,0x7212fb,
8799,0x7ff629fb1890,0x1241890,7480186,0x72237a,
8800,0x7ff628dc6040,0x56040,7480191,0x72237f,
8801,0x7ff629fb6670,0x1246670,7480211,0x722393,
8802,0x7ff629fb6700,0x1246700,7480535,0x7224d7,
8803,0x7ff629fb6c90,0x1246c90,7480987,0x72269b,
8804,0x7ff629fb7750,0x1247750,7481487,0x72288f,
8805,0x7ff629fb8550,0x1248550,7481536,0x7228c0,
8806,0x7ff629fb8600,0x1248600,7481619,0x722913,
8807,0x7ff629fb8850,0x1248850,7482045,0x722abd,
8808,0x7ff629fb9160,0x1249160,7482058,0x722aca,
8809,0x7ff629fb91f0,0x12491f0,7482253,0x722b8d,
8810,0x7ff629fb9590,0x1249590,7482261,0x722b95,
8811,0x7ff629fb9600,0x1249600,7482277,0x722ba5,
8812,0x7ff629fb9590,0x1249590,7482288,0x722bb0,
8813,0x7ff629fb9690,0x1249690,7482384,0x722c10,
8814,0x7ff629fb98a0,0x12498a0,7482450,0x722c52,
8815,0x7ff629fb99f0,0x12499f0,7482496,0x722c80,
8816,0x7ff629fb9b30,0x1249b30,7482575,0x722ccf,
8817,0x7ff629fb9c90,0x1249c90,7482752,0x722d80,
8818,0x7ff629fba0b0,0x124a0b0,7482836,0x722dd4,
8819,0x7ff629fba340,0x124a340,7482895,0x722e0f,
8820,0x7ff6298410f0,0xad10f0,7482965,0x722e55,
8821,0x7ff628dc6040,0x56040,7482970,0x722e5a,
8822,0x7ff628dc6040,0x56040,7482976,0x722e60,
8823,0x7ff629fba560,0x124a560,7483089,0x722ed1,
8824,0x7ff629fba810,0x124a810,7483232,0x722f60,
8825,0x7ff629fbac20,0x124ac20,7483631,0x7230ef,
8826,0x7ff629fbb0a0,0x124b0a0,7484906,0x7235ea,
8827,0x7ff629fbc8a0,0x124c8a0,7485358,0x7237ae,
8828,0x7ff629fbd5e0,0x124d5e0,7485468,0x72381c,
8829,0x7ff629fbd980,0x124d980,7485792,0x723960,
8830,0x7ff629fbe050,0x124e050,7486000,0x723a30,
8831,0x7ff629fbe5d0,0x124e5d0,7486073,0x723a79,
8832,0x7ff629fbe750,0x124e750,7486165,0x723ad5,
8833,0x7ff629fbe8f0,0x124e8f0,7486651,0x723cbb,
8834,0x7ff629fbf0d0,0x124f0d0,7486680,0x723cd8,
8835,0x7ff629fbf1a0,0x124f1a0,7486942,0x723dde,
8836,0x7ff629fbf660,0x124f660,7487328,0x723f60,
8837,0x7ff629fbfdb0,0x124fdb0,7487702,0x7240d6,
8838,0x7ff629fc04d0,0x12504d0,7487926,0x7241b6,
8839,0x7ff629fc0890,0x1250890,7487973,0x7241e5,
8840,0x7ff629fc0990,0x1250990,7488102,0x724266,
8841,0x7ff629fc0c30,0x1250c30,7488840,0x724548,
8842,0x7ff629fc1b10,0x1251b10,7489173,0x724695,
8843,0x7ff629fc22c0,0x12522c0,7489380,0x724764,
8844,0x7ff629fc26c0,0x12526c0,7489611,0x72484b,
8845,0x7ff629fc2b10,0x1252b10,7489705,0x7248a9,
8846,0x7ff629fc2cf0,0x1252cf0,7490575,0x724c0f,
8847,0x7ff629fc3e80,0x1253e80,7490831,0x724d0f,
8848,0x7ff629fc41d0,0x12541d0,7491007,0x724dbf,
8849,0x7ff629fc44c0,0x12544c0,7492472,0x725378,
8850,0x7ff629fc5e70,0x1255e70,7492549,0x7253c5,
8851,0x7ff629fc6040,0x1256040,7492604,0x7253fc,
8852,0x7ff629fc61c0,0x12561c0,7492924,0x72553c,
8853,0x7ff629fc68d0,0x12568d0,7493091,0x7255e3,
8854,0x7ff629fc6ce0,0x1256ce0,7493221,0x725665,
8855,0x7ff629fc70a0,0x12570a0,7493421,0x72572d,
8856,0x7ff629fc7650,0x1257650,7493542,0x7257a6,
8857,0x7ff629fc78b0,0x12578b0,7493663,0x72581f,
8858,0x7ff629fc7b10,0x1257b10,7493759,0x72587f,
8859,0x7ff629fc7d70,0x1257d70,7494001,0x725971,
8860,0x7ff629fc8390,0x1258390,7494103,0x7259d7,
8861,0x7ff629fc85e0,0x12585e0,7494241,0x725a61,
8862,0x7ff629fc8920,0x1258920,7494732,0x725c4c,
8863,0x7ff629fc92f0,0x12592f0,7495701,0x726015,
8864,0x7ff629fca7e0,0x125a7e0,7496925,0x7264dd,
8865,0x7ff629fcbf30,0x125bf30,7497056,0x726560,
8866,0x7ff629fcc110,0x125c110,7498124,0x72698c,
8867,0x7ff629fcd8d0,0x125d8d0,7498524,0x726b1c,
8868,0x7ff629fce470,0x125e470,7498823,0x726c47,
8869,0x7ff629fced20,0x125ed20,7499294,0x726e1e,
8870,0x7ff629fcf8e0,0x125f8e0,7499788,0x72700c,
8871,0x7ff629fd05f0,0x12605f0,7500389,0x727265,
8872,0x7ff629fd11f0,0x12611f0,7500509,0x7272dd,
8873,0x7ff629fd1620,0x1261620,7501270,0x7275d6,
8874,0x7ff629fd28a0,0x12628a0,7501371,0x72763b,
8875,0x7ff629fd2bc0,0x1262bc0,7501461,0x727695,
8876,0x7ff629fd2e40,0x1262e40,7501936,0x727870,
8877,0x7ff629fd3af0,0x1263af0,7502110,0x72791e,
8878,0x7ff629fd4010,0x1264010,7503101,0x727cfd,
8879,0x7ff629fd5a90,0x1265a90,7503197,0x727d5d,
8880,0x7ff629fd5d10,0x1265d10,7503427,0x727e43,
8881,0x7ff629fd62b0,0x12662b0,7503803,0x727fbb,
8882,0x7ff629fd6b80,0x1266b80,7503906,0x728022,
8883,0x7ff629fd6e50,0x1266e50,7503989,0x728075,
8884,0x7ff629fd7060,0x1267060,7504200,0x728148,
8885,0x7ff629fd7570,0x1267570,7504283,0x72819b,
8886,0x7ff629fd7780,0x1267780,7504451,0x728243,
8887,0x7ff629fd7b90,0x1267b90,7504610,0x7282e2,
8888,0x7ff629918910,0xba8910,7504620,0x7282ec,
8889,0x7ff629fd7f70,0x1267f70,7504800,0x7283a0,
8890,0x7ff629fd82b0,0x12682b0,7505358,0x7285ce,
8891,0x7ff629fd9050,0x1269050,7505654,0x7286f6,
8892,0x7ff629fd99d0,0x12699d0,7505747,0x728753,
8893,0x7ff629fd9d50,0x1269d50,7506191,0x72890f,
8894,0x7ff629fda9d0,0x126a9d0,7506450,0x728a12,
8895,0x7ff629fdb070,0x126b070,7506518,0x728a56,
8896,0x7ff629fdb540,0x126b540,7506664,0x728ae8,
8897,0x7ff629fdba50,0x126ba50,7506851,0x728ba3,
8898,0x7ff629fdc010,0x126c010,7507030,0x728c56,
8899,0x7ff629fdc3c0,0x126c3c0,7507218,0x728d12,
8900,0x7ff629fdc780,0x126c780,7507363,0x728da3,
8901,0x7ff629fdcaa0,0x126caa0,7508045,0x72904d,
8902,0x7ff629fdd7c0,0x126d7c0,7508350,0x72917e,
8903,0x7ff629fdddb0,0x126ddb0,7508584,0x729268,
8904,0x7ff629fde370,0x126e370,7509271,0x729517,
8905,0x7ff629fdf510,0x126f510,7510285,0x72990d,
8906,0x7ff628dc6040,0x56040,7510290,0x729912,
8907,0x7ff629fe0e50,0x1270e50,7510310,0x729926,
8908,0x7ff629fe0f10,0x1270f10,7510330,0x72993a,
8909,0x7ff629fe0fd0,0x1270fd0,7510350,0x72994e,
8910,0x7ff629fe1090,0x1271090,7510641,0x729a71,
8911,0x7ff629fe16e0,0x12716e0,7510913,0x729b81,
8912,0x7ff629fe1dd0,0x1271dd0,7511416,0x729d78,
8913,0x7ff629fe2840,0x1272840,7511823,0x729f0f,
8914,0x7ff629fe30d0,0x12730d0,7511947,0x729f8b,
8915,0x7ff629fe33c0,0x12733c0,7511975,0x729fa7,
8916,0x7ff629fe34c0,0x12734c0,7512224,0x72a0a0,
8917,0x7ff629fe39b0,0x12739b0,7512275,0x72a0d3,
8918,0x7ff629fe3af0,0x1273af0,7512432,0x72a170,
8919,0x7ff629918910,0xba8910,7512442,0x72a17a,
8920,0x7ff629fe3e10,0x1273e10,7512525,0x72a1cd,
8921,0x7ff629fe4000,0x1274000,7512629,0x72a235,
8922,0x7ff629fe41e0,0x12741e0,7512760,0x72a2b8,
8923,0x7ff629fe4440,0x1274440,7512782,0x72a2ce,
8924,0x7ff629fe44f0,0x12744f0,7512857,0x72a319,
8925,0x7ff629918910,0xba8910,7512867,0x72a323,
8926,0x7ff629fe4690,0x1274690,7512898,0x72a342,
8927,0x7ff629fe4760,0x1274760,7512990,0x72a39e,
8928,0x7ff629fe4980,0x1274980,7513101,0x72a40d,
8929,0x7ff629fe4bc0,0x1274bc0,7513161,0x72a449,
8930,0x7ff629fe4ce0,0x1274ce0,7513201,0x72a471,
8931,0x7ff629fe4dc0,0x1274dc0,7513238,0x72a496,
8932,0x7ff629fe4e90,0x1274e90,7513261,0x72a4ad,
8933,0x7ff629fe4f30,0x1274f30,7513308,0x72a4dc,
8934,0x7ff629fe5040,0x1275040,7513323,0x72a4eb,
8935,0x7ff629fe50d0,0x12750d0,7514052,0x72a7c4,
8936,0x7ff629fe5dc0,0x1275dc0,7514176,0x72a840,
8937,0x7ff629fe5fe0,0x1275fe0,7514974,0x72ab5e,
8938,0x7ff629fe6f60,0x1276f60,7515037,0x72ab9d,
8939,0x7ff629fe7070,0x1277070,7515229,0x72ac5d,
8940,0x7ff629fe75a0,0x12775a0,7515355,0x72acdb,
8941,0x7ff629fe7840,0x1277840,7515714,0x72ae42,
8942,0x7ff629fe8050,0x1278050,7516439,0x72b117,
8943,0x7ff629fe9240,0x1279240,7517159,0x72b3e7,
8944,0x7ff629fea420,0x127a420,7517315,0x72b483,
8945,0x7ff629fea6f0,0x127a6f0,7517538,0x72b562,
8946,0x7ff629feadd0,0x127add0,7517759,0x72b63f,
8947,0x7ff629feb370,0x127b370,7517822,0x72b67e,
8948,0x7ff629feb540,0x127b540,7517854,0x72b69e,
8949,0x7ff629feb540,0x127b540,7517886,0x72b6be,
8950,0x7ff629feb620,0x127b620,7518248,0x72b828,
8951,0x7ff629febe80,0x127be80,7518489,0x72b919,
8952,0x7ff629fec4c0,0x127c4c0,7518881,0x72baa1,
8953,0x7ff629fecf00,0x127cf00,7519014,0x72bb26,
8954,0x7ff629fed290,0x127d290,7519090,0x72bb72,
8955,0x7ff629fed440,0x127d440,7519438,0x72bcce,
8956,0x7ff629feddd0,0x127ddd0,7519565,0x72bd4d,
8957,0x7ff629fee0e0,0x127e0e0,7519692,0x72bdcc,
8958,0x7ff629fee3f0,0x127e3f0,7519888,0x72be90,
8959,0x7ff629fee960,0x127e960,7520138,0x72bf8a,
8960,0x7ff629fef000,0x127f000,7520211,0x72bfd3,
8961,0x7ff629fef1b0,0x127f1b0,7520373,0x72c075,
8962,0x7ff629fef6a0,0x127f6a0,7520425,0x72c0a9,
8963,0x7ff629fef7c0,0x127f7c0,7520448,0x72c0c0,
8964,0x7ff629fef8a0,0x127f8a0,7520724,0x72c1d4,
8965,0x7ff629feffc0,0x127ffc0,7520829,0x72c23d,
8966,0x7ff629ff0360,0x1280360,7521670,0x72c586,
8967,0x7ff629ff21d0,0x12821d0,7521930,0x72c68a,
8968,0x7ff629ff2bb0,0x1282bb0,7522097,0x72c731,
8969,0x7ff629ff3610,0x1283610,7522165,0x72c775,
8970,0x7ff629ff3ae0,0x1283ae0,7522468,0x72c8a4,
8971,0x7ff629ff4360,0x1284360,7522960,0x72ca90,
8972,0x7ff629ff4d40,0x1284d40,7523148,0x72cb4c,
8973,0x7ff629ff5100,0x1285100,7523162,0x72cb5a,
8974,0x7ff629ff51c0,0x12851c0,7524044,0x72cecc,
8975,0x7ff629ff65f0,0x12865f0,7524259,0x72cfa3,
8976,0x7ff629ff6b30,0x1286b30,7524454,0x72d066,
8977,0x7ff629ff7070,0x1287070,7524544,0x72d0c0,
8978,0x7ff629ff72c0,0x12872c0,7524871,0x72d207,
8979,0x7ff629ff79c0,0x12879c0,7525171,0x72d333,
8980,0x7ff629ff8210,0x1288210,7525354,0x72d3ea,
8981,0x7ff629ff87f0,0x12887f0,7525509,0x72d485,
8982,0x7ff629ff8c60,0x1288c60,7525757,0x72d57d,
8983,0x7ff629ff92b0,0x12892b0,7525966,0x72d64e,
8984,0x7ff629ff99d0,0x12899d0,7525985,0x72d661,
8985,0x7ff629ff9a90,0x1289a90,7526088,0x72d6c8,
8986,0x7ff629ff9d40,0x1289d40,7526360,0x72d7d8,
8987,0x7ff629ffa530,0x128a530,7526388,0x72d7f4,
8988,0x7ff629ffa650,0x128a650,7526416,0x72d810,
8989,0x7ff629ffa770,0x128a770,7526444,0x72d82c,
8990,0x7ff629ffa890,0x128a890,7526472,0x72d848,
8991,0x7ff629ffa9b0,0x128a9b0,7526500,0x72d864,
8992,0x7ff629ffaad0,0x128aad0,7526528,0x72d880,
8993,0x7ff629ffabf0,0x128abf0,7527152,0x72daf0,
8994,0x7ff629ffbe80,0x128be80,7527763,0x72dd53,
8995,0x7ff629ffcb70,0x128cb70,7527828,0x72dd94,
8996,0x7ff629ffcd50,0x128cd50,7527893,0x72ddd5,
8997,0x7ff629ffcf30,0x128cf30,7527950,0x72de0e,
8998,0x7ff629ffd0f0,0x128d0f0,7528518,0x72e046,
8999,0x7ff629ffe280,0x128e280,7529247,0x72e31f,
9000,0x7ff629fff930,0x128f930,7529964,0x72e5ec,
9001,0x7ff62a000c00,0x1290c00,7530047,0x72e63f,
9002,0x7ff62a000e10,0x1290e10,7530330,0x72e75a,
9003,0x7ff62a001580,0x1291580,7530494,0x72e7fe,
9004,0x7ff62a001a00,0x1291a00,7530720,0x72e8e0,
9005,0x7ff62a002010,0x1292010,7531313,0x72eb31,
9006,0x7ff62a0030a0,0x12930a0,7531906,0x72ed82,
9007,0x7ff62a004130,0x1294130,7532499,0x72efd3,
9008,0x7ff62a0051c0,0x12951c0,7533164,0x72f26c,
9009,0x7ff62a006740,0x1296740,7534030,0x72f5ce,
9010,0x7ff62a007bc0,0x1297bc0,7534208,0x72f680,
9011,0x7ff62a008090,0x1298090,7534958,0x72f96e,
9012,0x7ff62a0091a0,0x12991a0,7535092,0x72f9f4,
9013,0x7ff62a0095f0,0x12995f0,7536128,0x72fe00,
9014,0x7ff629ff5100,0x1285100,7536142,0x72fe0e,
9015,0x7ff62a00b060,0x129b060,7537581,0x7303ad,
9016,0x7ff62a00d4f0,0x129d4f0,7537883,0x7304db,
9017,0x7ff62a00dd90,0x129dd90,7538579,0x730793,
9018,0x7ff62a00ee50,0x129ee50,7538927,0x7308ef,
9019,0x7ff62a00f670,0x129f670,7538946,0x730902,
9020,0x7ff62a00f730,0x129f730,7539070,0x73097e,
9021,0x7ff62a00fb00,0x129fb00,7539139,0x7309c3,
9022,0x7ff62a00fd60,0x129fd60,7539147,0x7309cb,
9023,0x7ff62a00fe00,0x129fe00,7539190,0x7309f6,
9024,0x7ff62a00ff80,0x129ff80,7539233,0x730a21,
9025,0x7ff62a010100,0x12a0100,7539271,0x730a47,
9026,0x7ff62a010250,0x12a0250,7539439,0x730aef,
9027,0x7ff62a010810,0x12a0810,7539963,0x730cfb,
9028,0x7ff62a012110,0x12a2110,7540398,0x730eae,
9029,0x7ff62a013000,0x12a3000,7543456,0x731aa0,
9030,0x7ff62a016e30,0x12a6e30,7543573,0x731b15,
9031,0x7ff62a0171a0,0x12a71a0,7543600,0x731b30,
9032,0x7ff62a0173c0,0x12a73c0,7543619,0x731b43,
9033,0x7ff62a017480,0x12a7480,7543972,0x731ca4,
9034,0x7ff62a017d50,0x12a7d50,7544018,0x731cd2,
9035,0x7ff62a017eb0,0x12a7eb0,7544402,0x731e52,
9036,0x7ff62a018750,0x12a8750,7544878,0x73202e,
9037,0x7ff62a019140,0x12a9140,7545076,0x7320f4,
9038,0x7ff62a019670,0x12a9670,7545177,0x732159,
9039,0x7ff62a0198b0,0x12a98b0,7545558,0x7322d6,
9040,0x7ff62a01a4f0,0x12aa4f0,7545897,0x732429,
9041,0x7ff62a01ac30,0x12aac30,7546182,0x732546,
9042,0x7ff62a01b4e0,0x12ab4e0,7546835,0x7327d3,
9043,0x7ff62a01c150,0x12ac150,7547042,0x7328a2,
9044,0x7ff62a01c8a0,0x12ac8a0,7547507,0x732a73,
9045,0x7ff62a01d1f0,0x12ad1f0,7547833,0x732bb9,
9046,0x7ff62a01da50,0x12ada50,7548347,0x732dbb,
9047,0x7ff62a01e830,0x12ae830,7548683,0x732f0b,
9048,0x7ff62a01efd0,0x12aefd0,7549760,0x733340,
9049,0x7ff62a0207e0,0x12b07e0,7549792,0x733360,
9050,0x7ff62a0208f0,0x12b08f0,7550033,0x733451,
9051,0x7ff62a020f50,0x12b0f50,7550073,0x733479,
9052,0x7ff62a0210a0,0x12b10a0,7550170,0x7334da,
9053,0x7ff629b15d90,0xda5d90,7550308,0x733564,
9054,0x7ff62a021420,0x12b1420,7550347,0x73358b,
9055,0x7ff62a021570,0x12b1570,7550412,0x7335cc,
9056,0x7ff62a021950,0x12b1950,7550459,0x7335fb,
9057,0x7ff62a021af0,0x12b1af0,7553100,0x73404c,
9058,0x7ff629b14e10,0xda4e10,7553338,0x73413a,
9059,0x7ff62a0268e0,0x12b68e0,7555213,0x73488d,
9060,0x7ff62a02a0d0,0x12ba0d0,7556267,0x734cab,
9061,0x7ff62a02b820,0x12bb820,7556394,0x734d2a,
9062,0x7ff62a02bc00,0x12bbc00,7557522,0x735192,
9063,0x7ff62a02dda0,0x12bdda0,7557664,0x735220,
9064,0x7ff62a02e130,0x12be130,7557938,0x735332,
9065,0x7ff62a02e870,0x12be870,7558000,0x735370,
9066,0x7ff62a02ea30,0x12bea30,7558086,0x7353c6,
9067,0x7ff62a02edc0,0x12bedc0,7558104,0x7353d8,
9068,0x7ff62a02ee80,0x12bee80,7558115,0x7353e3,
9069,0x7ff62a02ef00,0x12bef00,7558144,0x735400,
9070,0x7ff62a02efd0,0x12befd0,7558274,0x735482,
9071,0x7ff62a02f2e0,0x12bf2e0,7558365,0x7354dd,
9072,0x7ff62a02f560,0x12bf560,7558547,0x735593,
9073,0x7ff62a02fab0,0x12bfab0,7558648,0x7355f8,
9074,0x7ff62a02fd10,0x12bfd10,7558794,0x73568a,
9075,0x7ff62a030090,0x12c0090,7558885,0x7356e5,
9076,0x7ff62a0302b0,0x12c02b0,7559045,0x735785,
9077,0x7ff62a030690,0x12c0690,7559352,0x7358b8,
9078,0x7ff62a030e40,0x12c0e40,7559396,0x7358e4,
9079,0x7ff62a030f50,0x12c0f50,7559498,0x73594a,
9080,0x7ff62a031190,0x12c1190,7560002,0x735b42,
9081,0x7ff62a031e10,0x12c1e10,7560177,0x735bf1,
9082,0x7ff62a032280,0x12c2280,7560288,0x735c60,
9083,0x7ff62a0324a0,0x12c24a0,7560326,0x735c86,
9084,0x7ff62a0325b0,0x12c25b0,7560518,0x735d46,
9085,0x7ff62a032b00,0x12c2b00,7560653,0x735dcd,
9086,0x7ff62a032de0,0x12c2de0,7560883,0x735eb3,
9087,0x7ff62a033440,0x12c3440,7560976,0x735f10,
9088,0x7ff62a033690,0x12c3690,7561353,0x736089,
9089,0x7ff62a034090,0x12c4090,7561609,0x736189,
9090,0x7ff62a0346b0,0x12c46b0,7561769,0x736229,
9091,0x7ff62a034a90,0x12c4a90,7562076,0x73635c,
9092,0x7ff62a035240,0x12c5240,7562356,0x736474,
9093,0x7ff62a035890,0x12c5890,7562816,0x736640,
9094,0x7ff62a036430,0x12c6430,7563006,0x7366fe,
9095,0x7ff62a036980,0x12c6980,7563099,0x73675b,
9096,0x7ff62a036bd0,0x12c6bd0,7563476,0x7368d4,
9097,0x7ff62a0375d0,0x12c75d0,7563732,0x7369d4,
9098,0x7ff62a037bf0,0x12c7bf0,7564165,0x736b85,
9099,0x7ff62a0386d0,0x12c86d0,7564330,0x736c2a,
9100,0x7ff62a038b90,0x12c8b90,7564693,0x736d95,
9101,0x7ff62a039240,0x12c9240,7564769,0x736de1,
9102,0x7ff62a039450,0x12c9450,7565048,0x736ef8,
9103,0x7ff62a039a90,0x12c9a90,7565283,0x736fe3,
9104,0x7ff62a039fa0,0x12c9fa0,7565414,0x737066,
9105,0x7ff62a03a320,0x12ca320,7565663,0x73715f,
9106,0x7ff62a03a9e0,0x12ca9e0,7565796,0x7371e4,
9107,0x7ff62a03adf0,0x12cadf0,7565910,0x737256,
9108,0x7ff62a03b0e0,0x12cb0e0,7566041,0x7372d9,
9109,0x7ff62a03b410,0x12cb410,7566443,0x73746b,
9110,0x7ff62a03bdf0,0x12cbdf0,7567023,0x7376af,
9111,0x7ff62a03caf0,0x12ccaf0,7567045,0x7376c5,
9112,0x7ff62a03cbe0,0x12ccbe0,7567069,0x7376dd,
9113,0x7ff62a03ccc0,0x12cccc0,7567911,0x737a27,
9114,0x7ff62a03e000,0x12ce000,7568123,0x737afb,
9115,0x7ff62a03e5b0,0x12ce5b0,7568238,0x737b6e,
9116,0x7ff62a03e860,0x12ce860,7568376,0x737bf8,
9117,0x7ff62a03ec30,0x12cec30,7568472,0x737c58,
9118,0x7ff62a03ee90,0x12cee90,7568664,0x737d18,
9119,0x7ff62a03f3e0,0x12cf3e0,7569005,0x737e6d,
9120,0x7ff62a03fca0,0x12cfca0,7569224,0x737f48,
9121,0x7ff62a0401f0,0x12d01f0,7569259,0x737f6b,
9122,0x7ff62a0402f0,0x12d02f0,7569320,0x737fa8,
9123,0x7ff62a0404a0,0x12d04a0,7569355,0x737fcb,
9124,0x7ff62a0405a0,0x12d05a0,7569416,0x738008,
9125,0x7ff62a040750,0x12d0750,7569496,0x738058,
9126,0x7ff62a040920,0x12d0920,7569608,0x7380c8,
9127,0x7ff62a040bf0,0x12d0bf0,7569688,0x738118,
9128,0x7ff62a040dc0,0x12d0dc0,7569800,0x738188,
9129,0x7ff62a041090,0x12d1090,7569868,0x7381cc,
9130,0x7ff62a041240,0x12d1240,7569988,0x738244,
9131,0x7ff62a0414c0,0x12d14c0,7570086,0x7382a6,
9132,0x7ff62a041740,0x12d1740,7570184,0x738308,
9133,0x7ff62a0419d0,0x12d19d0,7570423,0x7383f7,
9134,0x7ff62a041f50,0x12d1f50,7570660,0x7384e4,
9135,0x7ff62a0424b0,0x12d24b0,7570812,0x73857c,
9136,0x7ff62a042930,0x12d2930,7570949,0x738605,
9137,0x7ff62a042cb0,0x12d2cb0,7570993,0x738631,
9138,0x7ff62a042e20,0x12d2e20,7571115,0x7386ab,
9139,0x7ff62a043110,0x12d3110,7571225,0x738719,
9140,0x7ff62a043460,0x12d3460,7571368,0x7387a8,
9141,0x7ff62a043780,0x12d3780,7571442,0x7387f2,
9142,0x7ff62a043990,0x12d3990,7571471,0x73880f,
9143,0x7ff62a043a90,0x12d3a90,7571500,0x73882c,
9144,0x7ff62a043b90,0x12d3b90,7571529,0x738849,
9145,0x7ff62a043c90,0x12d3c90,7571558,0x738866,
9146,0x7ff62a043d90,0x12d3d90,7571587,0x738883,
9147,0x7ff62a043e90,0x12d3e90,7571616,0x7388a0,
9148,0x7ff62a043f90,0x12d3f90,7571645,0x7388bd,
9149,0x7ff62a044090,0x12d4090,7571674,0x7388da,
9150,0x7ff62a044190,0x12d4190,7571703,0x7388f7,
9151,0x7ff62a044290,0x12d4290,7571732,0x738914,
9152,0x7ff62a044390,0x12d4390,7571761,0x738931,
9153,0x7ff62a044490,0x12d4490,7571790,0x73894e,
9154,0x7ff62a044590,0x12d4590,7571819,0x73896b,
9155,0x7ff62a044690,0x12d4690,7571848,0x738988,
9156,0x7ff62a044790,0x12d4790,7571877,0x7389a5,
9157,0x7ff62a044890,0x12d4890,7571906,0x7389c2,
9158,0x7ff62a044990,0x12d4990,7571935,0x7389df,
9159,0x7ff62a044a90,0x12d4a90,7572028,0x738a3c,
9160,0x7ff62a044cf0,0x12d4cf0,7572057,0x738a59,
9161,0x7ff62a044df0,0x12d4df0,7572152,0x738ab8,
9162,0x7ff62a045050,0x12d5050,7572217,0x738af9,
9163,0x7ff62a045220,0x12d5220,7572246,0x738b16,
9164,0x7ff62a045320,0x12d5320,7572275,0x738b33,
9165,0x7ff62a045420,0x12d5420,7572304,0x738b50,
9166,0x7ff62a045520,0x12d5520,7572356,0x738b84,
9167,0x7ff62a045690,0x12d5690,7572582,0x738c66,
9168,0x7ff62a045b80,0x12d5b80,7572629,0x738c95,
9169,0x7ff62a045cf0,0x12d5cf0,7572739,0x738d03,
9170,0x7ff62a045fb0,0x12d5fb0,7572822,0x738d56,
9171,0x7ff62a0461e0,0x12d61e0,7572869,0x738d85,
9172,0x7ff62a046350,0x12d6350,7572898,0x738da2,
9173,0x7ff62a046450,0x12d6450,7572945,0x738dd1,
9174,0x7ff62a0465c0,0x12d65c0,7573069,0x738e4d,
9175,0x7ff62a046910,0x12d6910,7573148,0x738e9c,
9176,0x7ff62a046b30,0x12d6b30,7573195,0x738ecb,
9177,0x7ff62a046ca0,0x12d6ca0,7573224,0x738ee8,
9178,0x7ff62a046da0,0x12d6da0,7573253,0x738f05,
9179,0x7ff62a046ea0,0x12d6ea0,7573282,0x738f22,
9180,0x7ff62a046fa0,0x12d6fa0,7573349,0x738f65,
9181,0x7ff62a047180,0x12d7180,7573416,0x738fa8,
9182,0x7ff62a047360,0x12d7360,7573463,0x738fd7,
9183,0x7ff62a0474d0,0x12d74d0,7573573,0x739045,
9184,0x7ff62a047790,0x12d7790,7573620,0x739074,
9185,0x7ff62a047900,0x12d7900,7573649,0x739091,
9186,0x7ff62a047a00,0x12d7a00,7573678,0x7390ae,
9187,0x7ff62a047b00,0x12d7b00,7573725,0x7390dd,
9188,0x7ff62a047c70,0x12d7c70,7573849,0x739159,
9189,0x7ff62a047fc0,0x12d7fc0,7573896,0x739188,
9190,0x7ff62a048130,0x12d8130,7573943,0x7391b7,
9191,0x7ff62a0482a0,0x12d82a0,7573972,0x7391d4,
9192,0x7ff62a0483a0,0x12d83a0,7574001,0x7391f1,
9193,0x7ff62a0484a0,0x12d84a0,7574048,0x739220,
9194,0x7ff62a048610,0x12d8610,7574095,0x73924f,
9195,0x7ff62a048780,0x12d8780,7574142,0x73927e,
9196,0x7ff62a0488f0,0x12d88f0,7574194,0x7392b2,
9197,0x7ff62a048a60,0x12d8a60,7574223,0x7392cf,
9198,0x7ff62a048b60,0x12d8b60,7574252,0x7392ec,
9199,0x7ff62a048c60,0x12d8c60,7574300,0x73931c,
9200,0x7ff62a048dc0,0x12d8dc0,7574478,0x7393ce,
9201,0x7ff62a0491a0,0x12d91a0,7574543,0x73940f,
9202,0x7ff62a049380,0x12d9380,7574590,0x73943e,
9203,0x7ff62a0494f0,0x12d94f0,7574619,0x73945b,
9204,0x7ff62a0495f0,0x12d95f0,7574648,0x739478,
9205,0x7ff62a0496f0,0x12d96f0,7574677,0x739495,
9206,0x7ff62a0497f0,0x12d97f0,7574724,0x7394c4,
9207,0x7ff62a049960,0x12d9960,7574753,0x7394e1,
9208,0x7ff62a049a60,0x12d9a60,7574782,0x7394fe,
9209,0x7ff62a049b60,0x12d9b60,7574829,0x73952d,
9210,0x7ff62a049cd0,0x12d9cd0,7574858,0x73954a,
9211,0x7ff62a049dd0,0x12d9dd0,7574899,0x739573,
9212,0x7ff62a049f20,0x12d9f20,7574970,0x7395ba,
9213,0x7ff62a04a130,0x12da130,7575071,0x73961f,
9214,0x7ff62a04a3b0,0x12da3b0,7575174,0x739686,
9215,0x7ff62a04a670,0x12da670,7575215,0x7396af,
9216,0x7ff62a04a7c0,0x12da7c0,7575256,0x7396d8,
9217,0x7ff62a04a910,0x12da910,7575297,0x739701,
9218,0x7ff62a04aa60,0x12daa60,7575338,0x73972a,
9219,0x7ff62a04abb0,0x12dabb0,7575397,0x739765,
9220,0x7ff62a04ad60,0x12dad60,7575438,0x73978e,
9221,0x7ff62a04aeb0,0x12daeb0,7575479,0x7397b7,
9222,0x7ff62a04b000,0x12db000,7575520,0x7397e0,
9223,0x7ff62a04b150,0x12db150,7575549,0x7397fd,
9224,0x7ff62a04b250,0x12db250,7575590,0x739826,
9225,0x7ff62a04b3a0,0x12db3a0,7575649,0x739861,
9226,0x7ff62a04b550,0x12db550,7575690,0x73988a,
9227,0x7ff62a04b6a0,0x12db6a0,7575749,0x7398c5,
9228,0x7ff62a04b850,0x12db850,7575790,0x7398ee,
9229,0x7ff62a04b9a0,0x12db9a0,7575849,0x739929,
9230,0x7ff62a04bb50,0x12dbb50,7575908,0x739964,
9231,0x7ff62a04bd00,0x12dbd00,7575949,0x73998d,
9232,0x7ff62a04be50,0x12dbe50,7576026,0x7399da,
9233,0x7ff62a04c060,0x12dc060,7576067,0x739a03,
9234,0x7ff62a04c1b0,0x12dc1b0,7576108,0x739a2c,
9235,0x7ff62a04c300,0x12dc300,7576137,0x739a49,
9236,0x7ff62a04c400,0x12dc400,7576214,0x739a96,
9237,0x7ff62a04c610,0x12dc610,7576231,0x739aa7,
9238,0x7ff62a04c6c0,0x12dc6c0,7576272,0x739ad0,
9239,0x7ff62a04c810,0x12dc810,7576349,0x739b1d,
9240,0x7ff62a04c610,0x12dc610,7576366,0x739b2e,
9241,0x7ff62a04ca20,0x12dca20,7576407,0x739b57,
9242,0x7ff62a04cb70,0x12dcb70,7576484,0x739ba4,
9243,0x7ff62a04cd80,0x12dcd80,7576513,0x739bc1,
9244,0x7ff62a04ce80,0x12dce80,7576542,0x739bde,
9245,0x7ff62a04cf80,0x12dcf80,7576571,0x739bfb,
9246,0x7ff62a04d080,0x12dd080,7576636,0x739c3c,
9247,0x7ff62a04d250,0x12dd250,7576765,0x739cbd,
9248,0x7ff62a04d5f0,0x12dd5f0,7576812,0x739cec,
9249,0x7ff62a04d760,0x12dd760,7576937,0x739d69,
9250,0x7ff62a04dae0,0x12ddae0,7576984,0x739d98,
9251,0x7ff62a04dc50,0x12ddc50,7577031,0x739dc7,
9252,0x7ff62a04ddc0,0x12dddc0,7577078,0x739df6,
9253,0x7ff62a04df30,0x12ddf30,7577107,0x739e13,
9254,0x7ff62a04e030,0x12de030,7577154,0x739e42,
9255,0x7ff62a04e1a0,0x12de1a0,7577237,0x739e95,
9256,0x7ff62a04e3d0,0x12de3d0,7577266,0x739eb2,
9257,0x7ff62a04e4d0,0x12de4d0,7577363,0x739f13,
9258,0x7ff62a04e740,0x12de740,7577392,0x739f30,
9259,0x7ff62a04e840,0x12de840,7577421,0x739f4d,
9260,0x7ff62a04e940,0x12de940,7577450,0x739f6a,
9261,0x7ff62a04ea40,0x12dea40,7577497,0x739f99,
9262,0x7ff62a04ebb0,0x12debb0,7577526,0x739fb6,
9263,0x7ff62a04ecb0,0x12decb0,7577591,0x739ff7,
9264,0x7ff62a04ee80,0x12dee80,7577620,0x73a014,
9265,0x7ff62a04ef80,0x12def80,7577703,0x73a067,
9266,0x7ff62a04f1b0,0x12df1b0,7577732,0x73a084,
9267,0x7ff62a04f2b0,0x12df2b0,7577761,0x73a0a1,
9268,0x7ff62a04f3b0,0x12df3b0,7577790,0x73a0be,
9269,0x7ff62a04f4b0,0x12df4b0,7577819,0x73a0db,
9270,0x7ff62a04f5b0,0x12df5b0,7577848,0x73a0f8,
9271,0x7ff62a04f6b0,0x12df6b0,7577877,0x73a115,
9272,0x7ff62a04f7b0,0x12df7b0,7577924,0x73a144,
9273,0x7ff62a04f920,0x12df920,7577989,0x73a185,
9274,0x7ff62a04faf0,0x12dfaf0,7578018,0x73a1a2,
9275,0x7ff62a04fbf0,0x12dfbf0,7578047,0x73a1bf,
9276,0x7ff62a04fcf0,0x12dfcf0,7578076,0x73a1dc,
9277,0x7ff62a04fdf0,0x12dfdf0,7578105,0x73a1f9,
9278,0x7ff62a04fef0,0x12dfef0,7578134,0x73a216,
9279,0x7ff62a04fff0,0x12dfff0,7578181,0x73a245,
9280,0x7ff62a050160,0x12e0160,7578210,0x73a262,
9281,0x7ff62a050260,0x12e0260,7578239,0x73a27f,
9282,0x7ff62a050360,0x12e0360,7578268,0x73a29c,
9283,0x7ff62a050460,0x12e0460,7578315,0x73a2cb,
9284,0x7ff62a0505d0,0x12e05d0,7578344,0x73a2e8,
9285,0x7ff62a0506d0,0x12e06d0,7578373,0x73a305,
9286,0x7ff62a0507d0,0x12e07d0,7578402,0x73a322,
9287,0x7ff62a0508d0,0x12e08d0,7578431,0x73a33f,
9288,0x7ff62a0509d0,0x12e09d0,7578460,0x73a35c,
9289,0x7ff62a050ad0,0x12e0ad0,7578489,0x73a379,
9290,0x7ff62a050bd0,0x12e0bd0,7578518,0x73a396,
9291,0x7ff62a050cd0,0x12e0cd0,7578547,0x73a3b3,
9292,0x7ff62a050dd0,0x12e0dd0,7578576,0x73a3d0,
9293,0x7ff62a050ed0,0x12e0ed0,7578605,0x73a3ed,
9294,0x7ff62a050fd0,0x12e0fd0,7578634,0x73a40a,
9295,0x7ff62a0510d0,0x12e10d0,7578663,0x73a427,
9296,0x7ff62a0511d0,0x12e11d0,7578692,0x73a444,
9297,0x7ff62a0512d0,0x12e12d0,7578721,0x73a461,
9298,0x7ff62a0513d0,0x12e13d0,7578750,0x73a47e,
9299,0x7ff62a0514d0,0x12e14d0,7578779,0x73a49b,
9300,0x7ff62a0515d0,0x12e15d0,7578808,0x73a4b8,
9301,0x7ff62a0516d0,0x12e16d0,7578837,0x73a4d5,
9302,0x7ff62a0517d0,0x12e17d0,7578884,0x73a504,
9303,0x7ff62a051940,0x12e1940,7578913,0x73a521,
9304,0x7ff62a051a40,0x12e1a40,7578942,0x73a53e,
9305,0x7ff62a051b40,0x12e1b40,7578993,0x73a571,
9306,0x7ff62a051ca0,0x12e1ca0,7579136,0x73a600,
9307,0x7ff62a051fc0,0x12e1fc0,7579183,0x73a62f,
9308,0x7ff62a052130,0x12e2130,7579230,0x73a65e,
9309,0x7ff62a0522a0,0x12e22a0,7579277,0x73a68d,
9310,0x7ff62a052410,0x12e2410,7579324,0x73a6bc,
9311,0x7ff62a052580,0x12e2580,7579353,0x73a6d9,
9312,0x7ff62a052680,0x12e2680,7579382,0x73a6f6,
9313,0x7ff62a052780,0x12e2780,7579411,0x73a713,
9314,0x7ff62a052880,0x12e2880,7579440,0x73a730,
9315,0x7ff62a052980,0x12e2980,7579469,0x73a74d,
9316,0x7ff62a052a80,0x12e2a80,7579498,0x73a76a,
9317,0x7ff62a052b80,0x12e2b80,7579527,0x73a787,
9318,0x7ff62a052c80,0x12e2c80,7579556,0x73a7a4,
9319,0x7ff62a052d80,0x12e2d80,7579720,0x73a848,
9320,0x7ff62a053100,0x12e3100,7579898,0x73a8fa,
9321,0x7ff62a0534a0,0x12e34a0,7579977,0x73a949,
9322,0x7ff62a053730,0x12e3730,7580260,0x73aa64,
9323,0x7ff62a053e30,0x12e3e30,7580409,0x73aaf9,
9324,0x7ff62a0541b0,0x12e41b0,7580438,0x73ab16,
9325,0x7ff62a0542b0,0x12e42b0,7580467,0x73ab33,
9326,0x7ff62a0543b0,0x12e43b0,7580496,0x73ab50,
9327,0x7ff62a0544b0,0x12e44b0,7580525,0x73ab6d,
9328,0x7ff62a0545b0,0x12e45b0,7580554,0x73ab8a,
9329,0x7ff62a0546b0,0x12e46b0,7580583,0x73aba7,
9330,0x7ff62a0547b0,0x12e47b0,7580612,0x73abc4,
9331,0x7ff62a0548b0,0x12e48b0,7580641,0x73abe1,
9332,0x7ff62a0549b0,0x12e49b0,7580670,0x73abfe,
9333,0x7ff62a054ab0,0x12e4ab0,7580699,0x73ac1b,
9334,0x7ff62a054bb0,0x12e4bb0,7580728,0x73ac38,
9335,0x7ff62a054cb0,0x12e4cb0,7580757,0x73ac55,
9336,0x7ff62a054db0,0x12e4db0,7580786,0x73ac72,
9337,0x7ff62a054eb0,0x12e4eb0,7580815,0x73ac8f,
9338,0x7ff62a054fb0,0x12e4fb0,7580844,0x73acac,
9339,0x7ff62a0550b0,0x12e50b0,7580873,0x73acc9,
9340,0x7ff62a0551b0,0x12e51b0,7580902,0x73ace6,
9341,0x7ff62a0552b0,0x12e52b0,7580949,0x73ad15,
9342,0x7ff62a055420,0x12e5420,7580978,0x73ad32,
9343,0x7ff62a055520,0x12e5520,7581007,0x73ad4f,
9344,0x7ff62a055620,0x12e5620,7581036,0x73ad6c,
9345,0x7ff62a055720,0x12e5720,7581083,0x73ad9b,
9346,0x7ff62a055890,0x12e5890,7581112,0x73adb8,
9347,0x7ff62a055990,0x12e5990,7581141,0x73add5,
9348,0x7ff62a055a90,0x12e5a90,7581255,0x73ae47,
9349,0x7ff628dc6040,0x56040,7581260,0x73ae4c,
9350,0x7ff62a055d00,0x12e5d00,7581307,0x73ae7b,
9351,0x7ff62a055e70,0x12e5e70,7581336,0x73ae98,
9352,0x7ff62a055f70,0x12e5f70,7581365,0x73aeb5,
9353,0x7ff62a056070,0x12e6070,7581394,0x73aed2,
9354,0x7ff62a056170,0x12e6170,7581423,0x73aeef,
9355,0x7ff628dc6040,0x56040,7581428,0x73aef4,
9356,0x7ff628dc6040,0x56040,7581433,0x73aef9,
9357,0x7ff62a056270,0x12e6270,7581462,0x73af16,
9358,0x7ff628dc6040,0x56040,7581467,0x73af1b,
9359,0x7ff628dc6040,0x56040,7581472,0x73af20,
9360,0x7ff62a056370,0x12e6370,7581501,0x73af3d,
9361,0x7ff62a056470,0x12e6470,7581548,0x73af6c,
9362,0x7ff628dc6040,0x56040,7581553,0x73af71,
9363,0x7ff628dc6040,0x56040,7581558,0x73af76,
9364,0x7ff62a0565e0,0x12e65e0,7581587,0x73af93,
9365,0x7ff62a0566e0,0x12e66e0,7581634,0x73afc2,
9366,0x7ff62a056850,0x12e6850,7581681,0x73aff1,
9367,0x7ff62a0569c0,0x12e69c0,7581710,0x73b00e,
9368,0x7ff62a056ac0,0x12e6ac0,7581739,0x73b02b,
9369,0x7ff62a056bc0,0x12e6bc0,7581768,0x73b048,
9370,0x7ff62a056cc0,0x12e6cc0,7581797,0x73b065,
9371,0x7ff62a056dc0,0x12e6dc0,7581826,0x73b082,
9372,0x7ff62a056ec0,0x12e6ec0,7581855,0x73b09f,
9373,0x7ff62a056fc0,0x12e6fc0,7581884,0x73b0bc,
9374,0x7ff62a0570c0,0x12e70c0,7581913,0x73b0d9,
9375,0x7ff62a0571c0,0x12e71c0,7581942,0x73b0f6,
9376,0x7ff62a0572c0,0x12e72c0,7581971,0x73b113,
9377,0x7ff62a0573c0,0x12e73c0,7582018,0x73b142,
9378,0x7ff62a057530,0x12e7530,7582334,0x73b27e,
9379,0x7ff62a057bb0,0x12e7bb0,7582363,0x73b29b,
9380,0x7ff62a057cb0,0x12e7cb0,7582428,0x73b2dc,
9381,0x7ff62a057e80,0x12e7e80,7582457,0x73b2f9,
9382,0x7ff62a057f80,0x12e7f80,7582522,0x73b33a,
9383,0x7ff62a058150,0x12e8150,7582569,0x73b369,
9384,0x7ff62a0582c0,0x12e82c0,7582598,0x73b386,
9385,0x7ff62a0583c0,0x12e83c0,7582627,0x73b3a3,
9386,0x7ff62a0584c0,0x12e84c0,7582656,0x73b3c0,
9387,0x7ff62a0585c0,0x12e85c0,7582725,0x73b405,
9388,0x7ff62a058730,0x12e8730,7582810,0x73b45a,
9389,0x7ff62a058960,0x12e8960,7582889,0x73b4a9,
9390,0x7ff62a058ae0,0x12e8ae0,7584608,0x73bb60,
9391,0x7ff62a05b440,0x12eb440,7584718,0x73bbce,
9392,0x7ff62a02fd10,0x12bfd10,7584864,0x73bc60,
9393,0x7ff62a05b6c0,0x12eb6c0,7584985,0x73bcd9,
9394,0x7ff62a030090,0x12c0090,7585076,0x73bd34,
9395,0x7ff62a05b9e0,0x12eb9e0,7585248,0x73bde0,
9396,0x7ff62a05be10,0x12ebe10,7585648,0x73bf70,
9397,0x7ff62a05c880,0x12ec880,7585759,0x73bfdf,
9398,0x7ff62a0386d0,0x12c86d0,7585924,0x73c084,
9399,0x7ff62a02f2e0,0x12bf2e0,7586015,0x73c0df,
9400,0x7ff62a05caa0,0x12ecaa0,7586286,0x73c1ee,
9401,0x7ff62a05d1b0,0x12ed1b0,7586363,0x73c23b,
9402,0x7ff62a05d3e0,0x12ed3e0,7586537,0x73c2e9,
9403,0x7ff62a05d920,0x12ed920,7586642,0x73c352,
9404,0x7ff62a05dbf0,0x12edbf0,7586783,0x73c3df,
9405,0x7ff62a05e0e0,0x12ee0e0,7586916,0x73c464,
9406,0x7ff62a05e3f0,0x12ee3f0,7586984,0x73c4a8,
9407,0x7ff62a02f2e0,0x12bf2e0,7587075,0x73c503,
9408,0x7ff62a05e5a0,0x12ee5a0,7587279,0x73c5cf,
9409,0x7ff62a05ea60,0x12eea60,7587469,0x73c68d,
9410,0x7ff62a05ef20,0x12eef20,7587549,0x73c6dd,
9411,0x7ff62a05f0f0,0x12ef0f0,7587661,0x73c74d,
9412,0x7ff62a05f3c0,0x12ef3c0,7587752,0x73c7a8,
9413,0x7ff62a05f640,0x12ef640,7587947,0x73c86b,
9414,0x7ff62a05fbf0,0x12efbf0,7587971,0x73c883,
9415,0x7ff62a05fcd0,0x12efcd0,7588034,0x73c8c2,
9416,0x7ff62a05fe40,0x12efe40,7588178,0x73c952,
9417,0x7ff62a0601f0,0x12f01f0,7588433,0x73ca51,
9418,0x7ff62a02f2e0,0x12bf2e0,7588524,0x73caac,
9419,0x7ff62a0608d0,0x12f08d0,7588595,0x73caf3,
9420,0x7ff62a060ad0,0x12f0ad0,7588751,0x73cb8f,
9421,0x7ff62a060f50,0x12f0f50,7588920,0x73cc38,
9422,0x7ff62a0613c0,0x12f13c0,7589202,0x73cd52,
9423,0x7ff62a061a80,0x12f1a80,7589219,0x73cd63,
9424,0x7ff62a061b30,0x12f1b30,7589415,0x73ce27,
9425,0x7ff62a062050,0x12f2050,7589528,0x73ce98,
9426,0x7ff62a062370,0x12f2370,7589701,0x73cf45,
9427,0x7ff62a0627c0,0x12f27c0,7589883,0x73cffb,
9428,0x7ff62a0534a0,0x12e34a0,7589962,0x73d04a,
9429,0x7ff62a062b60,0x12f2b60,7590236,0x73d15c,
9430,0x7ff62a053e30,0x12e3e30,7590385,0x73d1f1,
9431,0x7ff62a063230,0x12f3230,7590593,0x73d2c1,
9432,0x7ff62a0636d0,0x12f36d0,7591041,0x73d481,
9433,0x7ff62a0641a0,0x12f41a0,7591134,0x73d4de,
9434,0x7ff62a064430,0x12f4430,7591316,0x73d594,
9435,0x7ff62a064880,0x12f4880,7591607,0x73d6b7,
9436,0x7ff62a064fa0,0x12f4fa0,7591643,0x73d6db,
9437,0x7ff62a0650d0,0x12f50d0,7591744,0x73d740,
9438,0x7ff62a065300,0x12f5300,7591780,0x73d764,
9439,0x7ff62a065430,0x12f5430,7591863,0x73d7b7,
9440,0x7ff62a065630,0x12f5630,7591899,0x73d7db,
9441,0x7ff62a065760,0x12f5760,7591935,0x73d7ff,
9442,0x7ff62a065890,0x12f5890,7591971,0x73d823,
9443,0x7ff62a0659c0,0x12f59c0,7592032,0x73d860,
9444,0x7ff62a065b90,0x12f5b90,7592156,0x73d8dc,
9445,0x7ff62a065e00,0x12f5e00,7592286,0x73d95e,
9446,0x7ff62a02f560,0x12bf560,7592468,0x73da14,
9447,0x7ff62a02f2e0,0x12bf2e0,7592559,0x73da6f,
9448,0x7ff62a066110,0x12f6110,7592734,0x73db1e,
9449,0x7ff62a0665a0,0x12f65a0,7592770,0x73db42,
9450,0x7ff62a0666d0,0x12f66d0,7592856,0x73db98,
9451,0x7ff62a066930,0x12f6930,7592942,0x73dbee,
9452,0x7ff62a066b90,0x12f6b90,7592978,0x73dc12,
9453,0x7ff62a066cc0,0x12f6cc0,7593061,0x73dc65,
9454,0x7ff62a066ec0,0x12f6ec0,7593097,0x73dc89,
9455,0x7ff62a066ff0,0x12f6ff0,7593133,0x73dcad,
9456,0x7ff62a067120,0x12f7120,7593169,0x73dcd1,
9457,0x7ff628dc6040,0x56040,7593174,0x73dcd6,
9458,0x7ff62a067250,0x12f7250,7593210,0x73dcfa,
9459,0x7ff62a067390,0x12f7390,7593246,0x73dd1e,
9460,0x7ff62a0674c0,0x12f74c0,7593282,0x73dd42,
9461,0x7ff62a067600,0x12f7600,7593318,0x73dd66,
9462,0x7ff62a067740,0x12f7740,7593354,0x73dd8a,
9463,0x7ff62a067880,0x12f7880,7593390,0x73ddae,
9464,0x7ff62a0679c0,0x12f79c0,7593426,0x73ddd2,
9465,0x7ff62a067af0,0x12f7af0,7593462,0x73ddf6,
9466,0x7ff628dc6040,0x56040,7593467,0x73ddfb,
9467,0x7ff62a067c20,0x12f7c20,7593503,0x73de1f,
9468,0x7ff62a067d50,0x12f7d50,7593564,0x73de5c,
9469,0x7ff62a067f20,0x12f7f20,7593600,0x73de80,
9470,0x7ff62a068060,0x12f8060,7593636,0x73dea4,
9471,0x7ff62a068190,0x12f8190,7593672,0x73dec8,
9472,0x7ff62a0682c0,0x12f82c0,7593708,0x73deec,
9473,0x7ff62a068400,0x12f8400,7593744,0x73df10,
9474,0x7ff62a068530,0x12f8530,7593805,0x73df4d,
9475,0x7ff62a068700,0x12f8700,7593892,0x73dfa4,
9476,0x7ff62a068910,0x12f8910,7594160,0x73e0b0,
9477,0x7ff62a068ea0,0x12f8ea0,7594280,0x73e128,
9478,0x7ff62a069130,0x12f9130,7594400,0x73e1a0,
9479,0x7ff62a0693c0,0x12f93c0,7594519,0x73e217,
9480,0x7ff62a069650,0x12f9650,7594641,0x73e291,
9481,0x7ff62a0698f0,0x12f98f0,7594763,0x73e30b,
9482,0x7ff62a069b90,0x12f9b90,7594885,0x73e385,
9483,0x7ff62a069e30,0x12f9e30,7595057,0x73e431,
9484,0x7ff62a06a1b0,0x12fa1b0,7595229,0x73e4dd,
9485,0x7ff628dc6040,0x56040,7595234,0x73e4e2,
9486,0x7ff628dc6040,0x56040,7595239,0x73e4e7,
9487,0x7ff62a06a530,0x12fa530,7595262,0x73e4fe,
9488,0x7ff62a06a610,0x12fa610,7595527,0x73e607,
9489,0x7ff62a06ab80,0x12fab80,7595609,0x73e659,
9490,0x7ff62a06ad70,0x12fad70,7595657,0x73e689,
9491,0x7ff62a06aef0,0x12faef0,7595705,0x73e6b9,
9492,0x7ff62a06b070,0x12fb070,7595753,0x73e6e9,
9493,0x7ff62a06b1f0,0x12fb1f0,7595801,0x73e719,
9494,0x7ff62a06b370,0x12fb370,7595849,0x73e749,
9495,0x7ff62a06b4f0,0x12fb4f0,7595897,0x73e779,
9496,0x7ff62a06b670,0x12fb670,7595983,0x73e7cf,
9497,0x7ff62a06b8d0,0x12fb8d0,7596019,0x73e7f3,
9498,0x7ff62a06ba10,0x12fba10,7596105,0x73e849,
9499,0x7ff62a06bc80,0x12fbc80,7596141,0x73e86d,
9500,0x7ff62a06bdc0,0x12fbdc0,7596191,0x73e89f,
9501,0x7ff62a06bf80,0x12fbf80,7596238,0x73e8ce,
9502,0x7ff62a06c0f0,0x12fc0f0,7596304,0x73e910,
9503,0x7ff62a06c2a0,0x12fc2a0,7596333,0x73e92d,
9504,0x7ff62a06c3a0,0x12fc3a0,7596382,0x73e95e,
9505,0x7ff62a06c520,0x12fc520,7596549,0x73ea05,
9506,0x7ff62a06c900,0x12fc900,7596598,0x73ea36,
9507,0x7ff62a06ca80,0x12fca80,7596647,0x73ea67,
9508,0x7ff62a06cc00,0x12fcc00,7596696,0x73ea98,
9509,0x7ff62a06cd80,0x12fcd80,7596745,0x73eac9,
9510,0x7ff62a06cf00,0x12fcf00,7596794,0x73eafa,
9511,0x7ff62a06d080,0x12fd080,7596825,0x73eb19,
9512,0x7ff62a06d1a0,0x12fd1a0,7596854,0x73eb36,
9513,0x7ff62a06d2a0,0x12fd2a0,7596901,0x73eb65,
9514,0x7ff62a06d410,0x12fd410,7596948,0x73eb94,
9515,0x7ff62a06d580,0x12fd580,7596995,0x73ebc3,
9516,0x7ff62a06d6f0,0x12fd6f0,7597026,0x73ebe2,
9517,0x7ff62a06d810,0x12fd810,7597093,0x73ec25,
9518,0x7ff62a06d9f0,0x12fd9f0,7597144,0x73ec58,
9519,0x7ff62a06db90,0x12fdb90,7597173,0x73ec75,
9520,0x7ff62a06dc90,0x12fdc90,7597222,0x73eca6,
9521,0x7ff62a06de10,0x12fde10,7597271,0x73ecd7,
9522,0x7ff62a06df90,0x12fdf90,7597322,0x73ed0a,
9523,0x7ff62a06e130,0x12fe130,7597351,0x73ed27,
9524,0x7ff62a06e230,0x12fe230,7597398,0x73ed56,
9525,0x7ff62a06e3a0,0x12fe3a0,7597445,0x73ed85,
9526,0x7ff62a06e510,0x12fe510,7597514,0x73edca,
9527,0x7ff62a06e710,0x12fe710,7597561,0x73edf9,
9528,0x7ff62a06e880,0x12fe880,7597608,0x73ee28,
9529,0x7ff62a06e9f0,0x12fe9f0,7597642,0x73ee4a,
9530,0x7ff62a06eb10,0x12feb10,7597791,0x73eedf,
9531,0x7ff62a06eef0,0x12feef0,7597825,0x73ef01,
9532,0x7ff62a06f010,0x12ff010,7597859,0x73ef23,
9533,0x7ff62a06f130,0x12ff130,7597893,0x73ef45,
9534,0x7ff62a06f250,0x12ff250,7597927,0x73ef67,
9535,0x7ff62a06f370,0x12ff370,7597984,0x73efa0,
9536,0x7ff62a06f510,0x12ff510,7598018,0x73efc2,
9537,0x7ff62a06f630,0x12ff630,7598085,0x73f005,
9538,0x7ff62a06f7f0,0x12ff7f0,7598119,0x73f027,
9539,0x7ff62a06f910,0x12ff910,7598153,0x73f049,
9540,0x7ff62a06fa30,0x12ffa30,7598290,0x73f0d2,
9541,0x7ff62a06fdb0,0x12ffdb0,7598324,0x73f0f4,
9542,0x7ff62a06fed0,0x12ffed0,7598358,0x73f116,
9543,0x7ff62a06fff0,0x12ffff0,7598392,0x73f138,
9544,0x7ff62a070110,0x1300110,7598426,0x73f15a,
9545,0x7ff62a070230,0x1300230,7598483,0x73f193,
9546,0x7ff62a0703d0,0x13003d0,7598517,0x73f1b5,
9547,0x7ff62a0704f0,0x13004f0,7598574,0x73f1ee,
9548,0x7ff62a070690,0x1300690,7598631,0x73f227,
9549,0x7ff62a070830,0x1300830,7598665,0x73f249,
9550,0x7ff62a070950,0x1300950,7598699,0x73f26b,
9551,0x7ff62a070a70,0x1300a70,7598733,0x73f28d,
9552,0x7ff62a070b90,0x1300b90,7598767,0x73f2af,
9553,0x7ff62a070cb0,0x1300cb0,7598824,0x73f2e8,
9554,0x7ff62a070e50,0x1300e50,7598881,0x73f321,
9555,0x7ff62a070ff0,0x1300ff0,7598931,0x73f353,
9556,0x7ff62a0711b0,0x13011b0,7598979,0x73f383,
9557,0x7ff62a071330,0x1301330,7599081,0x73f3e9,
9558,0x7ff62a071570,0x1301570,7599170,0x73f442,
9559,0x7ff62a04a3b0,0x12da3b0,7599273,0x73f4a9,
9560,0x7ff62a0717a0,0x13017a0,7599346,0x73f4f2,
9561,0x7ff62a0719c0,0x13019c0,7599450,0x73f55a,
9562,0x7ff62a071c70,0x1301c70,7599544,0x73f5b8,
9563,0x7ff62a071ea0,0x1301ea0,7599617,0x73f601,
9564,0x7ff62a0720c0,0x13020c0,7599665,0x73f631,
9565,0x7ff62a072240,0x1302240,7599738,0x73f67a,
9566,0x7ff62a072460,0x1302460,7599842,0x73f6e2,
9567,0x7ff62a072710,0x1302710,7599915,0x73f72b,
9568,0x7ff62a072930,0x1302930,7600019,0x73f793,
9569,0x7ff62a072be0,0x1302be0,7600092,0x73f7dc,
9570,0x7ff62a072e00,0x1302e00,7600196,0x73f844,
9571,0x7ff62a0730b0,0x13030b0,7600325,0x73f8c5,
9572,0x7ff62a073400,0x1303400,7600373,0x73f8f5,
9573,0x7ff62a073580,0x1303580,7600446,0x73f93e,
9574,0x7ff62a0737a0,0x13037a0,7600610,0x73f9e2,
9575,0x7ff62a073b80,0x1303b80,7600683,0x73fa2b,
9576,0x7ff62a073da0,0x1303da0,7600734,0x73fa5e,
9577,0x7ff62a073f40,0x1303f40,7600815,0x73faaf,
9578,0x7ff62a074120,0x1304120,7600866,0x73fae2,
9579,0x7ff62a0742c0,0x13042c0,7600927,0x73fb1f,
9580,0x7ff62a074490,0x1304490,7601132,0x73fbec,
9581,0x7ff62a0748c0,0x13048c0,7601183,0x73fc1f,
9582,0x7ff62a074a60,0x1304a60,7601244,0x73fc5c,
9583,0x7ff62a074c30,0x1304c30,7601295,0x73fc8f,
9584,0x7ff62a074dc0,0x1304dc0,7601346,0x73fcc2,
9585,0x7ff62a074f60,0x1304f60,7601397,0x73fcf5,
9586,0x7ff62a075100,0x1305100,7601433,0x73fd19,
9587,0x7ff62a075240,0x1305240,7601469,0x73fd3d,
9588,0x7ff62a075380,0x1305380,7601520,0x73fd70,
9589,0x7ff62a075520,0x1305520,7601571,0x73fda3,
9590,0x7ff62a0756c0,0x13056c0,7601632,0x73fde0,
9591,0x7ff62a075890,0x1305890,7601668,0x73fe04,
9592,0x7ff62a0759d0,0x13059d0,7601744,0x73fe50,
9593,0x7ff62a075c00,0x1305c00,7601780,0x73fe74,
9594,0x7ff62a075d40,0x1305d40,7601816,0x73fe98,
9595,0x7ff62a075e80,0x1305e80,7601852,0x73febc,
9596,0x7ff62a075fc0,0x1305fc0,7601903,0x73feef,
9597,0x7ff62a076160,0x1306160,7602035,0x73ff73,
9598,0x7ff62a076460,0x1306460,7602167,0x73fff7,
9599,0x7ff62a076760,0x1306760,7602218,0x74002a,
9600,0x7ff62a076900,0x1306900,7602268,0x74005c,
9601,0x7ff62a076ac0,0x1306ac0,7602296,0x740078,
9602,0x7ff62a076bb0,0x1306bb0,7602379,0x7400cb,
9603,0x7ff62a076e10,0x1306e10,7602547,0x740173,
9604,0x7ff62a077150,0x1307150,7602608,0x7401b0,
9605,0x7ff62a077320,0x1307320,7602691,0x740203,
9606,0x7ff62a077580,0x1307580,7602752,0x740240,
9607,0x7ff62a077750,0x1307750,7602813,0x74027d,
9608,0x7ff62a077920,0x1307920,7602924,0x7402ec,
9609,0x7ff62a077c10,0x1307c10,7603007,0x74033f,
9610,0x7ff62a077e70,0x1307e70,7603065,0x740379,
9611,0x7ff62a078040,0x1308040,7603123,0x7403b3,
9612,0x7ff62a078210,0x1308210,7603178,0x7403ea,
9613,0x7ff62a0783d0,0x13083d0,7603236,0x740424,
9614,0x7ff62a0785a0,0x13085a0,7603297,0x740461,
9615,0x7ff62a078770,0x1308770,7603405,0x7404cd,
9616,0x7ff62a078a60,0x1308a60,7603463,0x740507,
9617,0x7ff62a078c30,0x1308c30,7603549,0x74055d,
9618,0x7ff62a078ea0,0x1308ea0,7603610,0x74059a,
9619,0x7ff62a079070,0x1309070,7603696,0x7405f0,
9620,0x7ff62a0792e0,0x13092e0,7603757,0x74062d,
9621,0x7ff62a0794b0,0x13094b0,7603818,0x74066a,
9622,0x7ff62a079680,0x1309680,7603887,0x7406af,
9623,0x7ff62a0797f0,0x13097f0,7603972,0x740704,
9624,0x7ff62a079a20,0x1309a20,7604042,0x74074a,
9625,0x7ff62a079b90,0x1309b90,7605632,0x740d80,
9626,0x7ff62a07c240,0x130c240,7607971,0x7416a3,
9627,0x7ff62a07e720,0x130e720,7608192,0x741780,
9628,0x7ff62a07e900,0x130e900,7610207,0x741f5f,
9629,0x7ff62a07e910,0x130e910,7610392,0x742018,
9630,0x7ff62a07ebe0,0x130ebe0,7610453,0x742055,
9631,0x7ff62a07ef50,0x130ef50,7611062,0x7422b6,
9632,0x7ff62a07ef60,0x130ef60,7611575,0x7424b7,
9633,0x7ff62a07fc70,0x130fc70,7611609,0x7424d9,
9634,0x7ff62a07fd90,0x130fd90,7612880,0x7429d0,
9635,0x7ff62a0811a0,0x13111a0,7613177,0x742af9,
9636,0x7ff62a0819b0,0x13119b0,7613334,0x742b96,
9637,0x7ff62a081cf0,0x1311cf0,7613422,0x742bee,
9638,0x7ff62a081f00,0x1311f00,7613819,0x742d7b,
9639,0x7ff62a081f10,0x1311f10,7613907,0x742dd3,
9640,0x7ff62a081f20,0x1311f20,7613995,0x742e2b,
9641,0x7ff62a081f30,0x1311f30,7614131,0x742eb3,
9642,0x7ff62a081f40,0x1311f40,7614170,0x742eda,
9643,0x7ff62a081f50,0x1311f50,7614263,0x742f37,
9644,0x7ff62a081f60,0x1311f60,7614540,0x74304c,
9645,0x7ff62a081f70,0x1311f70,7614781,0x74313d,
9646,0x7ff62a081f80,0x1311f80,7614909,0x7431bd,
9647,0x7ff62a0822e0,0x13122e0,7615098,0x74327a,
9648,0x7ff62a0822f0,0x13122f0,7615148,0x7432ac,
9649,0x7ff62a082420,0x1312420,7615198,0x7432de,
9650,0x7ff62a082550,0x1312550,7615216,0x7432f0,
9651,0x7ff62a0825e0,0x13125e0,7615234,0x743302,
9652,0x7ff62a082670,0x1312670,7615252,0x743314,
9653,0x7ff62a082700,0x1312700,7615270,0x743326,
9654,0x7ff62a082790,0x1312790,7615288,0x743338,
9655,0x7ff62a082820,0x1312820,7615306,0x74334a,
9656,0x7ff62a0828b0,0x13128b0,7615412,0x7433b4,
9657,0x7ff62a082af0,0x1312af0,7616923,0x74399b,
9658,0x7ff62a084a90,0x1314a90,7617262,0x743aee,
9659,0x7ff62a085460,0x1315460,7617623,0x743c57,
9660,0x7ff62a0859c0,0x13159c0,7618056,0x743e08,
9661,0x7ff62a086250,0x1316250,7618157,0x743e6d,
9662,0x7ff62a0864e0,0x13164e0,7618265,0x743ed9,
9663,0x7ff62a086770,0x1316770,7618365,0x743f3d,
9664,0x7ff62a0869e0,0x13169e0,7618529,0x743fe1,
9665,0x7ff62a086d10,0x1316d10,7618656,0x744060,
9666,0x7ff62a086fa0,0x1316fa0,7618680,0x744078,
9667,0x7ff62a087080,0x1317080,7618704,0x744090,
9668,0x7ff62a087160,0x1317160,7618714,0x74409a,
9669,0x7ff62a0871e0,0x13171e0,7618963,0x744193,
9670,0x7ff62a087780,0x1317780,7619121,0x744231,
9671,0x7ff62a087c70,0x1317c70,7619271,0x7442c7,
9672,0x7ff62a088120,0x1318120,7619465,0x744389,
9673,0x7ff62a088680,0x1318680,7619559,0x7443e7,
9674,0x7ff62a0888d0,0x13188d0,7619584,0x744400,
9675,0x7ff62a088970,0x1318970,7620311,0x7446d7,
9676,0x7ff62a089850,0x1319850,7620973,0x74496d,
9677,0x7ff62a08a3b0,0x131a3b0,7621395,0x744b13,
9678,0x7ff62a08af80,0x131af80,7623008,0x745160,
9679,0x7ff62a08da00,0x131da00,7624198,0x745606,
9680,0x7ff62a08f590,0x131f590,7624714,0x74580a,
9681,0x7ff62a090000,0x1320000,7624819,0x745873,
9682,0x7ff62a0902c0,0x13202c0,7625109,0x745995,
9683,0x7ff62a090870,0x1320870,7625572,0x745b64,
9684,0x7ff62a091170,0x1321170,7625971,0x745cf3,
9685,0x7ff62a0918b0,0x13218b0,7626171,0x745dbb,
9686,0x7ff62a091cf0,0x1321cf0,7626274,0x745e22,
9687,0x7ff62a091f80,0x1321f80,7627065,0x746139,
9688,0x7ff62a093460,0x1323460,7627780,0x746404,
9689,0x7ff62a0943e0,0x13243e0,7627857,0x746451,
9690,0x7ff62a0945a0,0x13245a0,7627903,0x74647f,
9691,0x7ff62a0946a0,0x13246a0,7628002,0x7464e2,
9692,0x7ff62a0948b0,0x13248b0,7628096,0x746540,
9693,0x7ff62a094ad0,0x1324ad0,7628140,0x74656c,
9694,0x7ff62a094c00,0x1324c00,7628239,0x7465cf,
9695,0x7ff62a094e10,0x1324e10,7630141,0x746d3d,
9696,0x7ff62a098610,0x1328610,7630275,0x746dc3,
9697,0x7ff62a098960,0x1328960,7630532,0x746ec4,
9698,0x7ff62a098ef0,0x1328ef0,7630897,0x747031,
9699,0x7ff62a099570,0x1329570,7631703,0x747357,
9700,0x7ff62a09ada0,0x132ada0,7632096,0x7474e0,
9701,0x7ff62a09c080,0x132c080,7633085,0x7478bd,
9702,0x7ff62a09d790,0x132d790,7633645,0x747aed,
9703,0x7ff62a09e610,0x132e610,7633724,0x747b3c,
9704,0x7ff62a09e750,0x132e750,7633747,0x747b53,
9705,0x7ff62a09e810,0x132e810,7633818,0x747b9a,
9706,0x7ff62a09e9a0,0x132e9a0,7633891,0x747be3,
9707,0x7ff62a09eb40,0x132eb40,7633941,0x747c15,
9708,0x7ff62a09ecf0,0x132ecf0,7633995,0x747c4b,
9709,0x7ff62a09eed0,0x132eed0,7634394,0x747dda,
9710,0x7ff62a09f6a0,0x132f6a0,7634737,0x747f31,
9711,0x7ff62a09fda0,0x132fda0,7634787,0x747f63,
9712,0x7ff62a09ff50,0x132ff50,7634841,0x747f99,
9713,0x7ff62a0a0130,0x1330130,7635102,0x74809e,
9714,0x7ff62a0a0690,0x1330690,7635373,0x7481ad,
9715,0x7ff62a0a0c60,0x1330c60,7635423,0x7481df,
9716,0x7ff62a0a0e10,0x1330e10,7635477,0x748215,
9717,0x7ff62a0a0ff0,0x1330ff0,7635721,0x748309,
9718,0x7ff62a0a15e0,0x13315e0,7635962,0x7483fa,
9719,0x7ff62a0a1c00,0x1331c00,7636039,0x748447,
9720,0x7ff62a0a1f10,0x1331f10,7636139,0x7484ab,
9721,0x7ff62a0a2170,0x1332170,7636200,0x7484e8,
9722,0x7ff62a0a24e0,0x13324e0,7636261,0x748525,
9723,0x7ff62a0a2850,0x1332850,7636585,0x748669,
9724,0x7ff62a0a2e10,0x1332e10,7636816,0x748750,
9725,0x7ff62a0a3250,0x1333250,7637089,0x748861,
9726,0x7ff62a0a3780,0x1333780,7637288,0x748928,
9727,0x7ff628dc6040,0x56040,7637293,0x74892d,
9728,0x7ff628dc6040,0x56040,7637298,0x748932,
9729,0x7ff628dc6040,0x56040,7637303,0x748937,
9730,0x7ff628dc6040,0x56040,7637308,0x74893c,
9731,0x7ff628dc6040,0x56040,7637313,0x748941,
9732,0x7ff628dc6040,0x56040,7637318,0x748946,
9733,0x7ff628dc6040,0x56040,7637323,0x74894b,
9734,0x7ff628dc6040,0x56040,7637328,0x748950,
9735,0x7ff62a0a3b80,0x1333b80,7638377,0x748d69,
9736,0x7ff62a0a5c90,0x1335c90,7638927,0x748f8f,
9737,0x7ff62a0a6830,0x1336830,7639181,0x74908d,
9738,0x7ff62a0a6dd0,0x1336dd0,7639279,0x7490ef,
9739,0x7ff62a0a7050,0x1337050,7639356,0x74913c,
9740,0x7ff62a0a7260,0x1337260,7639499,0x7491cb,
9741,0x7ff62a0a75d0,0x13375d0,7639639,0x749257,
9742,0x7ff62a0a7930,0x1337930,7639757,0x7492cd,
9743,0x7ff62a0a7c20,0x1337c20,7639869,0x74933d,
9744,0x7ff62a0a7f00,0x1337f00,7639882,0x74934a,
9745,0x7ff62a0a7fb0,0x1337fb0,7639910,0x749366,
9746,0x7ff62a0a8090,0x1338090,7639920,0x749370,
9747,0x7ff62a0a8110,0x1338110,7639930,0x74937a,
9748,0x7ff628e35ce0,0xc5ce0,7639937,0x749381,
9749,0x7ff628e35ce0,0xc5ce0,7639944,0x749388,
9750,0x7ff628dc6040,0x56040,7639949,0x74938d,
9751,0x7ff62a0a8190,0x1338190,7640068,0x749404,
9752,0x7ff62a0a8550,0x1338550,7640167,0x749467,
9753,0x7ff62a0a8800,0x1338800,7640258,0x7494c2,
9754,0x7ff62a0a8aa0,0x1338aa0,7640298,0x7494ea,
9755,0x7ff62a0a8b90,0x1338b90,7640338,0x749512,
9756,0x7ff62a0a8c80,0x1338c80,7640541,0x7495dd,
9757,0x7ff62a0a9270,0x1339270,7640662,0x749656,
9758,0x7ff62a0a94b0,0x13394b0,7640916,0x749754,
9759,0x7ff62a0a9e60,0x1339e60,7641004,0x7497ac,
9760,0x7ff62a0aa0f0,0x133a0f0,7641263,0x7498af,
9761,0x7ff62a0aa610,0x133a610,7641338,0x7498fa,
9762,0x7ff62a0aa800,0x133a800,7641408,0x749940,
9763,0x7ff62a0aa970,0x133a970,7641502,0x74999e,
9764,0x7ff62a0aabd0,0x133abd0,7641545,0x7499c9,
9765,0x7ff62a0aacc0,0x133acc0,7641777,0x749ab1,
9766,0x7ff62a0ab0d0,0x133b0d0,7642125,0x749c0d,
9767,0x7ff62a0ab670,0x133b670,7642192,0x749c50,
9768,0x7ff62a0ab820,0x133b820,7642476,0x749d6c,
9769,0x7ff62a0abef0,0x133bef0,7642568,0x749dc8,
9770,0x7ff62a0ac250,0x133c250,7642667,0x749e2b,
9771,0x7ff62a0ac4e0,0x133c4e0,7642766,0x749e8e,
9772,0x7ff62a0ac7c0,0x133c7c0,7642848,0x749ee0,
9773,0x7ff62a0acae0,0x133cae0,7643249,0x74a071,
9774,0x7ff62a0ad060,0x133d060,7643344,0x74a0d0,
9775,0x7ff62a0ad290,0x133d290,7643376,0x74a0f0,
9776,0x7ff62a0ad390,0x133d390,7643433,0x74a129,
9777,0x7ff62a0ad4f0,0x133d4f0,7643670,0x74a216,
9778,0x7ff62a0ad9f0,0x133d9f0,7644011,0x74a36b,
9779,0x7ff62a0ae570,0x133e570,7644158,0x74a3fe,
9780,0x7ff62a0ae910,0x133e910,7644199,0x74a427,
9781,0x7ff62a0aea40,0x133ea40,7644274,0x74a472,
9782,0x7ff62a0aec10,0x133ec10,7644480,0x74a540,
9783,0x7ff62a0af130,0x133f130,7644599,0x74a5b7,
9784,0x7ff62a0af400,0x133f400,7644678,0x74a606,
9785,0x7ff62a0af660,0x133f660,7644720,0x74a630,
9786,0x7ff62a0af7f0,0x133f7f0,7644912,0x74a6f0,
9787,0x7ff62a0afe70,0x133fe70,7644970,0x74a72a,
9788,0x7ff62a0b00c0,0x13400c0,7645016,0x74a758,
9789,0x7ff62a0b0280,0x1340280,7645077,0x74a795,
9790,0x7ff62a0b0490,0x1340490,7645184,0x74a800,
9791,0x7ff62a0b07d0,0x13407d0,7645226,0x74a82a,
9792,0x7ff62a0b0960,0x1340960,7645298,0x74a872,
9793,0x7ff62a0b0bc0,0x1340bc0,7645367,0x74a8b7,
9794,0x7ff62a0b0e10,0x1340e10,7645440,0x74a900,
9795,0x7ff62a0b1040,0x1341040,7645456,0x74a910,
9796,0x7ff62a0b1100,0x1341100,7645586,0x74a992,
9797,0x7ff62a0b1490,0x1341490,7645640,0x74a9c8,
9798,0x7ff62a0b1660,0x1341660,7645694,0x74a9fe,
9799,0x7ff62a0b1840,0x1341840,7645814,0x74aa76,
9800,0x7ff62a0b1b20,0x1341b20,7645912,0x74aad8,
9801,0x7ff62a0b1dc0,0x1341dc0,7646010,0x74ab3a,
9802,0x7ff62a0b2170,0x1342170,7646049,0x74ab61,
9803,0x7ff62a0b22d0,0x13422d0,7646096,0x74ab90,
9804,0x7ff62a0b23f0,0x13423f0,7646573,0x74ad6d,
9805,0x7ff62a0b2910,0x1342910,7646688,0x74ade0,
9806,0x7ff62a0b2b90,0x1342b90,7646827,0x74ae6b,
9807,0x7ff62a0b2e60,0x1342e60,7646985,0x74af09,
9808,0x7ff62a0b3210,0x1343210,7647063,0x74af57,
9809,0x7ff62a0b33d0,0x13433d0,7647101,0x74af7d,
9810,0x7ff62a0b3540,0x1343540,7647123,0x74af93,
9811,0x7ff62a0b3620,0x1343620,7647145,0x74afa9,
9812,0x7ff62a0b3700,0x1343700,7647162,0x74afba,
9813,0x7ff62a0b37c0,0x13437c0,7647861,0x74b275,
9814,0x7ff62a0b4680,0x1344680,7648175,0x74b3af,
9815,0x7ff62a0b4d40,0x1344d40,7648312,0x74b438,
9816,0x7ff62a0b50b0,0x13450b0,7648436,0x74b4b4,
9817,0x7ff62a0b53a0,0x13453a0,7648502,0x74b4f6,
9818,0x7ff62a0b5570,0x1345570,7648676,0x74b5a4,
9819,0x7ff62a0b5b00,0x1345b00,7648817,0x74b631,
9820,0x7ff62a0b5e40,0x1345e40,7648889,0x74b679,
9821,0x7ff62a0b6050,0x1346050,7649006,0x74b6ee,
9822,0x7ff62a0b6360,0x1346360,7649094,0x74b746,
9823,0x7ff62a0b6690,0x1346690,7649376,0x74b860,
9824,0x7ff62a0b6c00,0x1346c00,7649407,0x74b87f,
9825,0x7ff62a0b6d10,0x1346d10,7649472,0x74b8c0,
9826,0x7ff62a0b6ea0,0x1346ea0,7649493,0x74b8d5,
9827,0x7ff62a0b6f80,0x1346f80,7649644,0x74b96c,
9828,0x7ff62a0b7750,0x1347750,7649920,0x74ba80,
9829,0x7ff628dc6040,0x56040,7649925,0x74ba85,
9830,0x7ff628dc6040,0x56040,7649930,0x74ba8a,
9831,0x7ff62a0b7d20,0x1347d20,7650037,0x74baf5,
9832,0x7ff62a0b80c0,0x13480c0,7650640,0x74bd50,
9833,0x7ff62a0b8a60,0x1348a60,7650679,0x74bd77,
9834,0x7ff62a0b8b30,0x1348b30,7650889,0x74be49,
9835,0x7ff62a0b8e30,0x1348e30,7651705,0x74c179,
9836,0x7ff62a0b9c20,0x1349c20,7652336,0x74c3f0,
9837,0x7ff62a0bab70,0x134ab70,7652745,0x74c589,
9838,0x7ff62a0bb520,0x134b520,7653040,0x74c6b0,
9839,0x7ff62a0bbc00,0x134bc00,7653348,0x74c7e4,
9840,0x7ff62a0bc290,0x134c290,7653737,0x74c969,
9841,0x7ff62a0bcdc0,0x134cdc0,7653747,0x74c973,
9842,0x7ff62a0bce40,0x134ce40,7653760,0x74c980,
9843,0x7ff62a0bced0,0x134ced0,7653773,0x74c98d,
9844,0x7ff62a0bcf60,0x134cf60,7653792,0x74c9a0,
9845,0x7ff628dc6040,0x56040,7653797,0x74c9a5,
9846,0x7ff62a0bcfe0,0x134cfe0,7653807,0x74c9af,
9847,0x7ff62a0bd060,0x134d060,7653888,0x74ca00,
9848,0x7ff62a0bd230,0x134d230,7654124,0x74caec,
9849,0x7ff62a0bdd90,0x134dd90,7654325,0x74cbb5,
9850,0x7ff62a0be7d0,0x134e7d0,7654338,0x74cbc2,
9851,0x7ff62a0be860,0x134e860,7654407,0x74cc07,
9852,0x7ff62a0bea10,0x134ea10,7655114,0x74ceca,
9853,0x7ff62a0bfc40,0x134fc40,7656078,0x74d28e,
9854,0x7ff62a0c0850,0x1350850,7656088,0x74d298,
9855,0x7ff62a0c08d0,0x13508d0,7656103,0x74d2a7,
9856,0x7ff62a0c0960,0x1350960,7656121,0x74d2b9,
9857,0x7ff62a0c0a00,0x1350a00,7656151,0x74d2d7,
9858,0x7ff62a0c0ac0,0x1350ac0,7656207,0x74d30f,
9859,0x7ff62a0c0c00,0x1350c00,7656217,0x74d319,
9860,0x7ff62a0c0c80,0x1350c80,7656227,0x74d323,
9861,0x7ff62a0c0d00,0x1350d00,7656240,0x74d330,
9862,0x7ff62a0c0d90,0x1350d90,7656250,0x74d33a,
9863,0x7ff62a0c0e10,0x1350e10,7656359,0x74d3a7,
9864,0x7ff62a0c1080,0x1351080,7656390,0x74d3c6,
9865,0x7ff62a0c1130,0x1351130,7656401,0x74d3d1,
9866,0x7ff62a0c11b0,0x13511b0,7656504,0x74d438,
9867,0x7ff62a0c1370,0x1351370,7656630,0x74d4b6,
9868,0x7ff62a0c15f0,0x13515f0,7656640,0x74d4c0,
9869,0x7ff62a0c1670,0x1351670,7656668,0x74d4dc,
9870,0x7ff62a0c1730,0x1351730,7656685,0x74d4ed,
9871,0x7ff62a0c17c0,0x13517c0,7656695,0x74d4f7,
9872,0x7ff62a0c1840,0x1351840,7656708,0x74d504,
9873,0x7ff62a0c18d0,0x13518d0,7656718,0x74d50e,
9874,0x7ff62a0c1950,0x1351950,7657147,0x74d6bb,
9875,0x7ff62a0c2330,0x1352330,7657206,0x74d6f6,
9876,0x7ff62a0c2450,0x1352450,7657265,0x74d731,
9877,0x7ff62a0c2570,0x1352570,7657292,0x74d74c,
9878,0x7ff62a0c2630,0x1352630,7657421,0x74d7cd,
9879,0x7ff62a0c2860,0x1352860,7657589,0x74d875,
9880,0x7ff62a0c2ce0,0x1352ce0,7657679,0x74d8cf,
9881,0x7ff62a0c2ed0,0x1352ed0,7657711,0x74d8ef,
9882,0x7ff62a0c2fb0,0x1352fb0,7657749,0x74d915,
9883,0x7ff62a0c30b0,0x13530b0,7657798,0x74d946,
9884,0x7ff62a0c3220,0x1353220,7657813,0x74d955,
9885,0x7ff62a0c3290,0x1353290,7657907,0x74d9b3,
9886,0x7ff62a0c34f0,0x13534f0,7658022,0x74da26,
9887,0x7ff62a0c3790,0x1353790,7658035,0x74da33,
9888,0x7ff62a0c3820,0x1353820,7658048,0x74da40,
9889,0x7ff62a0c38b0,0x13538b0,7658061,0x74da4d,
9890,0x7ff62a0c3940,0x1353940,7658283,0x74db2b,
9891,0x7ff62a0c3d20,0x1353d20,7658296,0x74db38,
9892,0x7ff62a0c3db0,0x1353db0,7658309,0x74db45,
9893,0x7ff62a0c3e40,0x1353e40,7658322,0x74db52,
9894,0x7ff62a0c3ed0,0x1353ed0,7658332,0x74db5c,
9895,0x7ff628dc6040,0x56040,7658337,0x74db61,
9896,0x7ff62a0c3f50,0x1353f50,7658380,0x74db8c,
9897,0x7ff62a0c4020,0x1354020,7660009,0x74e1e9,
9898,0x7ff62a0c6880,0x1356880,7660682,0x74e48a,
9899,0x7ff62a0c7230,0x1357230,7660805,0x74e505,
9900,0x7ff62a0c74f0,0x13574f0,7661003,0x74e5cb,
9901,0x7ff62a0c7850,0x1357850,7661107,0x74e633,
9902,0x7ff62a0c79d0,0x13579d0,7661570,0x74e802,
9903,0x7ff62a0c8700,0x1358700,7661774,0x74e8ce,
9904,0x7ff62a0c8bb0,0x1358bb0,7662152,0x74ea48,
9905,0x7ff62a0c93b0,0x13593b0,7665789,0x74f87d,
9906,0x7ff62a0cd120,0x135d120,7665942,0x74f916,
9907,0x7ff62a0cd320,0x135d320,7666634,0x74fbca,
9908,0x7ff62a0cdfd0,0x135dfd0,7666668,0x74fbec,
9909,0x7ff62a0ce090,0x135e090,7667332,0x74fe84,
9910,0x7ff628dc6040,0x56040,7667337,0x74fe89,
9911,0x7ff62a0cea60,0x135ea60,7667624,0x74ffa8,
9912,0x7ff62a0cef10,0x135ef10,7667648,0x74ffc0,
9913,0x7ff628e592f0,0xe92f0,7668020,0x750134,
9914,0x7ff62a0cef90,0x135ef90,7668226,0x750202,
9915,0x7ff62a0cf530,0x135f530,7668348,0x75027c,
9916,0x7ff62a0cf890,0x135f890,7668779,0x75042b,
9917,0x7ff62a0d01c0,0x13601c0,7668828,0x75045c,
9918,0x7ff62a0d0320,0x1360320,7668838,0x750466,
9919,0x7ff62a0d03a0,0x13603a0,7668851,0x750473,
9920,0x7ff62a0d0430,0x1360430,7668951,0x7504d7,
9921,0x7ff62a0d0520,0x1360520,7669207,0x7505d7,
9922,0x7ff62a0d08e0,0x13608e0,7669313,0x750641,
9923,0x7ff62a0d0ad0,0x1360ad0,7669430,0x7506b6,
9924,0x7ff62a0d0ce0,0x1360ce0,7669440,0x7506c0,
9925,0x7ff62a0d0d50,0x1360d50,7669636,0x750784,
9926,0x7ff62a0d1130,0x1361130,7669651,0x750793,
9927,0x7ff62a0d11a0,0x13611a0,7669661,0x75079d,
9928,0x7ff62a0d1220,0x1361220,7670194,0x7509b2,
9929,0x7ff62a0d1cd0,0x1361cd0,7670816,0x750c20,
9930,0x7ff62a0d2b20,0x1362b20,7670916,0x750c84,
9931,0x7ff62a0d2dc0,0x1362dc0,7671046,0x750d06,
9932,0x7ff62a0d30f0,0x13630f0,7671193,0x750d99,
9933,0x7ff62a0d3450,0x1363450,7671546,0x750efa,
9934,0x7ff62a0d3d20,0x1363d20,7671612,0x750f3c,
9935,0x7ff62a0d3f00,0x1363f00,7672269,0x7511cd,
9936,0x7ff62a0d4f70,0x1364f70,7672514,0x7512c2,
9937,0x7ff62a0d54a0,0x13654a0,7672554,0x7512ea,
9938,0x7ff62a0d55a0,0x13655a0,7672610,0x751322,
9939,0x7ff62a0d56f0,0x13656f0,7672692,0x751374,
9940,0x7ff62a0d5930,0x1365930,7672840,0x751408,
9941,0x7ff62a0d5d40,0x1365d40,7673178,0x75155a,
9942,0x7ff62a0d64e0,0x13664e0,7673418,0x75164a,
9943,0x7ff62a0d6af0,0x1366af0,7674102,0x7518f6,
9944,0x7ff62a0d79c0,0x13679c0,7674210,0x751962,
9945,0x7ff62a0d7cb0,0x1367cb0,7674268,0x75199c,
9946,0x7ff62a0d7e80,0x1367e80,7674564,0x751ac4,
9947,0x7ff62a0d8560,0x1368560,7675204,0x751d44,
9948,0x7ff62a0d91e0,0x13691e0,7675459,0x751e43,
9949,0x7ff62a0d99a0,0x13699a0,7675644,0x751efc,
9950,0x7ff62a0d9db0,0x1369db0,7679234,0x752d02,
9951,0x7ff62a0de6b0,0x136e6b0,7680179,0x7530b3,
9952,0x7ff62a0dfc80,0x136fc80,7680840,0x753348,
9953,0x7ff628dc6040,0x56040,7680845,0x75334d,
9954,0x7ff62a0e0e10,0x1370e10,7680860,0x75335c,
9955,0x7ff62a0e0e80,0x1370e80,7680870,0x753366,
9956,0x7ff62a0e0f00,0x1370f00,7680943,0x7533af,
9957,0x7ff62a0e1140,0x1371140,7681597,0x75363d,
9958,0x7ff62a0e22f0,0x13722f0,7681930,0x75378a,
9959,0x7ff62a0e29d0,0x13729d0,7681953,0x7537a1,
9960,0x7ff62a0e2a80,0x1372a80,7681966,0x7537ae,
9961,0x7ff62a0e2b10,0x1372b10,7682144,0x753860,
9962,0x7ff62a0e2fb0,0x1372fb0,7682169,0x753879,
9963,0x7ff62a0e3030,0x1373030,7682184,0x753888,
9964,0x7ff62a0e30a0,0x13730a0,7682204,0x75389c,
9965,0x7ff62a0e3120,0x1373120,7682224,0x7538b0,
9966,0x7ff62a0e3200,0x1373200,7682234,0x7538ba,
9967,0x7ff62a0e3280,0x1373280,7682249,0x7538c9,
9968,0x7ff62a0e32f0,0x13732f0,7682398,0x75395e,
9969,0x7ff62a0e3620,0x1373620,7682561,0x753a01,
9970,0x7ff62a0e3a00,0x1373a00,7682931,0x753b73,
9971,0x7ff62a0e4050,0x1374050,7683048,0x753be8,
9972,0x7ff62a0e4340,0x1374340,7683107,0x753c23,
9973,0x7ff62a0e4460,0x1374460,7683328,0x753d00,
9974,0x7ff62a0e4c10,0x1374c10,7683497,0x753da9,
9975,0x7ff62a0e5030,0x1375030,7683886,0x753f2e,
9976,0x7ff62a0e5b20,0x1375b20,7683923,0x753f53,
9977,0x7ff62a0e5cd0,0x1375cd0,7684325,0x7540e5,
9978,0x7ff62a0e6580,0x1376580,7684335,0x7540ef,
9979,0x7ff628e35ce0,0xc5ce0,7684342,0x7540f6,
9980,0x7ff62a0e65f0,0x13765f0,7684352,0x754100,
9981,0x7ff62a0e6670,0x1376670,7685075,0x7543d3,
9982,0x7ff62a0e7450,0x1377450,7685267,0x754493,
9983,0x7ff62a0e7810,0x1377810,7686054,0x7547a6,
9984,0x7ff62a0e9000,0x1379000,7687696,0x754e10,
9985,0x7ff62a0eb220,0x137b220,7687709,0x754e1d,
9986,0x7ff62a0eb2b0,0x137b2b0,7687787,0x754e6b,
9987,0x7ff62a0eb600,0x137b600,7687868,0x754ebc,
9988,0x7ff62a0eb7e0,0x137b7e0,7687919,0x754eef,
9989,0x7ff62a0eb960,0x137b960,7688050,0x754f72,
9990,0x7ff62a0ebcb0,0x137bcb0,7688162,0x754fe2,
9991,0x7ff62a0ebf10,0x137bf10,7688211,0x755013,
9992,0x7ff62a0ec070,0x137c070,7688236,0x75502c,
9993,0x7ff62a0ec150,0x137c150,7688261,0x755045,
9994,0x7ff62a0ec230,0x137c230,7688310,0x755076,
9995,0x7ff62a0ec390,0x137c390,7688359,0x7550a7,
9996,0x7ff62a0ec4f0,0x137c4f0,7689261,0x75542d,
9997,0x7ff62a0ede10,0x137de10,7689311,0x75545f,
9998,0x7ff62a0edf80,0x137df80,7689365,0x755495,
9999,0x7ff62a0ee100,0x137e100,7689498,0x75551a,
10000,0x7ff62a0ee2a0,0x137e2a0,7691120,0x755b70,
10001,0x7ff62a0f0a50,0x1380a50,7691159,0x755b97,
10002,0x7ff62a0f0b60,0x1380b60,7691201,0x755bc1,
10003,0x7ff62a0f0c90,0x1380c90,7691245,0x755bed,
10004,0x7ff62a0f0e00,0x1380e00,7691280,0x755c10,
10005,0x7ff62a0f0f20,0x1380f20,7691311,0x755c2f,
10006,0x7ff62a0f1140,0x1381140,7691328,0x755c40,
10007,0x7ff62a0f11d0,0x13811d0,7691519,0x755cff,
10008,0x7ff62a0f1580,0x1381580,7692181,0x755f95,
10009,0x7ff62a0f2370,0x1382370,7692571,0x75611b,
10010,0x7ff62a0f2bc0,0x1382bc0,7692600,0x756138,
10011,0x7ff62a0f2c70,0x1382c70,7692780,0x7561ec,
10012,0x7ff62a0f2fd0,0x1382fd0,7692790,0x7561f6,
10013,0x7ff62a0f3050,0x1383050,7692969,0x7562a9,
10014,0x7ff62a0f3480,0x1383480,7693055,0x7562ff,
10015,0x7ff62a0f36c0,0x13836c0,7693517,0x7564cd,
10016,0x7ff62a0f3ef0,0x1383ef0,7694634,0x75692a,
10017,0x7ff62a0f57e0,0x13857e0,7694997,0x756a95,
10018,0x7ff62a0f6070,0x1386070,7695116,0x756b0c,
10019,0x7ff62a0f61d0,0x13861d0,7696197,0x756f45,
10020,0x7ff62a0f7b80,0x1387b80,7696377,0x756ff9,
10021,0x7ff62a0f7f90,0x1387f90,7696616,0x7570e8,
10022,0x7ff62a0f8400,0x1388400,7696992,0x757260,
10023,0x7ff62a0f8a70,0x1388a70,7697196,0x75732c,
10024,0x7ff62a0f9040,0x1389040,7697369,0x7573d9,
10025,0x7ff62a0f9600,0x1389600,7697556,0x757494,
10026,0x7ff62a0f9a20,0x1389a20,7697566,0x75749e,
10027,0x7ff62a0f9a90,0x1389a90,7698492,0x75783c,
10028,0x7ff62a0fa980,0x138a980,7699668,0x757cd4,
10029,0x7ff62a0fbf30,0x138bf30,7701267,0x758313,
10030,0x7ff62a0fe3c0,0x138e3c0,7701943,0x7585b7,
10031,0x7ff62a0ff5a0,0x138f5a0,7703090,0x758a32,
10032,0x7ff62a100d80,0x1390d80,7703103,0x758a3f,
10033,0x7ff62a100e10,0x1390e10,7703148,0x758a6c,
10034,0x7ff62a100f40,0x1390f40,7703202,0x758aa2,
10035,0x7ff62a101080,0x1391080,7703236,0x758ac4,
10036,0x7ff62a101120,0x1391120,7703314,0x758b12,
10037,0x7ff62a101270,0x1391270,7703819,0x758d0b,
10038,0x7ff62a101c10,0x1391c10,7703831,0x758d17,
10039,0x7ff62a101c90,0x1391c90,7703926,0x758d76,
10040,0x7ff62a101df0,0x1391df0,7703973,0x758da5,
10041,0x7ff62a101ee0,0x1391ee0,7704913,0x759151,
10042,0x7ff62a1034c0,0x13934c0,7705026,0x7591c2,
10043,0x7ff62a103740,0x1393740,7705075,0x7591f3,
10044,0x7ff62a1038f0,0x13938f0,7705312,0x7592e0,
10045,0x7ff62a103e40,0x1393e40,7705371,0x75931b,
10046,0x7ff62a103fe0,0x1393fe0,7705549,0x7593cd,
10047,0x7ff62a104670,0x1394670,7705644,0x75942c,
10048,0x7ff62a104930,0x1394930,7707237,0x759a65,
10049,0x7ff62a1065c0,0x13965c0,7708384,0x759ee0,
10050,0x7ff62a107b80,0x1397b80,7708394,0x759eea,
10051,0x7ff62a107c00,0x1397c00,7708701,0x75a01d,
10052,0x7ff62a1081c0,0x13981c0,7709008,0x75a150,
10053,0x7ff62a108780,0x1398780,7709126,0x75a1c6,
10054,0x7ff62a108960,0x1398960,7709315,0x75a283,
10055,0x7ff62a108cf0,0x1398cf0,7710165,0x75a5d5,
10056,0x7ff62a109b40,0x1399b40,7711009,0x75a921,
10057,0x7ff62a10afb0,0x139afb0,7711453,0x75aadd,
10058,0x7ff62a10b640,0x139b640,7711538,0x75ab32,
10059,0x7ff62a10b8d0,0x139b8d0,7711568,0x75ab50,
10060,0x7ff62a10b970,0x139b970,7711731,0x75abf3,
10061,0x7ff62a10bbd0,0x139bbd0,7711872,0x75ac80,
10062,0x7ff62a10bdd0,0x139bdd0,7712040,0x75ad28,
10063,0x7ff62a10c0a0,0x139c0a0,7715059,0x75b8f3,
10064,0x7ff62a10fdf0,0x139fdf0,7715621,0x75bb25,
10065,0x7ff62a110a20,0x13a0a20,7715763,0x75bbb3,
10066,0x7ff62a110c70,0x13a0c70,7716837,0x75bfe5,
10067,0x7ff62a111ce0,0x13a1ce0,7716891,0x75c01b,
10068,0x7ff62a111ea0,0x13a1ea0,7716907,0x75c02b,
10069,0x7ff62a111f30,0x13a1f30,7717117,0x75c0fd,
10070,0x7ff62a112420,0x13a2420,7717507,0x75c283,
10071,0x7ff62a112d50,0x13a2d50,7720685,0x75ceed,
10072,0x7ff62a1182d0,0x13a82d0,7722114,0x75d482,
10073,0x7ff62a11a070,0x13aa070,7722308,0x75d544,
10074,0x7ff62a11a5c0,0x13aa5c0,7724714,0x75deaa,
10075,0x7ff62a11e740,0x13ae740,7725092,0x75e024,
10076,0x7ff628dc6040,0x56040,7725097,0x75e029,
10077,0x7ff629a4c0b0,0xcdc0b0,7725154,0x75e062,
10078,0x7ff62a11ef20,0x13aef20,7725210,0x75e09a,
10079,0x7ff62a11f100,0x13af100,7725242,0x75e0ba,
10080,0x7ff62a11f1f0,0x13af1f0,7726294,0x75e4d6,
10081,0x7ff62a120750,0x13b0750,7726490,0x75e59a,
10082,0x7ff62a120d00,0x13b0d00,7726515,0x75e5b3,
10083,0x7ff62a120d80,0x13b0d80,7726528,0x75e5c0,
10084,0x7ff62a120e10,0x13b0e10,7726650,0x75e63a,
10085,0x7ff62a121130,0x13b1130,7726669,0x75e64d,
10086,0x7ff62a1211e0,0x13b11e0,7726679,0x75e657,
10087,0x7ff62a121260,0x13b1260,7726723,0x75e683,
10088,0x7ff62a1213f0,0x13b13f0,7726743,0x75e697,
10089,0x7ff62a121490,0x13b1490,7726760,0x75e6a8,
10090,0x7ff62a121540,0x13b1540,7726781,0x75e6bd,
10091,0x7ff62a121620,0x13b1620,7726796,0x75e6cc,
10092,0x7ff62a121690,0x13b1690,7726880,0x75e720,
10093,0x7ff62a1218f0,0x13b18f0,7727008,0x75e7a0,
10094,0x7ff62a121ab0,0x13b1ab0,7727539,0x75e9b3,
10095,0x7ff62a1225a0,0x13b25a0,7727822,0x75eace,
10096,0x7ff62a122a80,0x13b2a80,7727862,0x75eaf6,
10097,0x7ff62a122b80,0x13b2b80,7727902,0x75eb1e,
10098,0x7ff62a122c80,0x13b2c80,7727917,0x75eb2d,
10099,0x7ff62a122d00,0x13b2d00,7728656,0x75ee10,
10100,0x7ff62a123660,0x13b3660,7728720,0x75ee50,
10101,0x7ff62a1237b0,0x13b37b0,7728774,0x75ee86,
10102,0x7ff62a1238a0,0x13b38a0,7728827,0x75eebb,
10103,0x7ff62a1239e0,0x13b39e0,7728897,0x75ef01,
10104,0x7ff62a123bc0,0x13b3bc0,7728915,0x75ef13,
10105,0x7ff62a123c50,0x13b3c50,7728966,0x75ef46,
10106,0x7ff62a123d70,0x13b3d70,7729166,0x75f00e,
10107,0x7ff62a124190,0x13b4190,7729208,0x75f038,
10108,0x7ff62a1242b0,0x13b42b0,7729260,0x75f06c,
10109,0x7ff62a1244c0,0x13b44c0,7729296,0x75f090,
10110,0x7ff628dba700,0x4a700,7729325,0x75f0ad,
10111,0x7ff62a1246c0,0x13b46c0,7729763,0x75f263,
10112,0x7ff62a124770,0x13b4770,7730828,0x75f68c,
10113,0x7ff62a126040,0x13b6040,7735391,0x76085f,
10114,0x7ff62a12cb80,0x13bcb80,7736420,0x760c64,
10115,0x7ff62a12ed70,0x13bed70,7736516,0x760cc4,
10116,0x7ff62a12f2a0,0x13bf2a0,7736603,0x760d1b,
10117,0x7ff62a12f7a0,0x13bf7a0,7736861,0x760e1d,
10118,0x7ff62a1302c0,0x13c02c0,7737264,0x760fb0,
10119,0x7ff62a130d80,0x13c0d80,7737523,0x7610b3,
10120,0x7ff62a131100,0x13c1100,7737611,0x76110b,
10121,0x7ff62a131340,0x13c1340,7737652,0x761134,
10122,0x7ff62a131490,0x13c1490,7737718,0x761176,
10123,0x7ff62a131610,0x13c1610,7737774,0x7611ae,
10124,0x7ff62a1317d0,0x13c17d0,7737855,0x7611ff,
10125,0x7ff62a1319d0,0x13c19d0,7738131,0x761313,
10126,0x7ff62a132030,0x13c2030,7738375,0x761407,
10127,0x7ff62a132610,0x13c2610,7738413,0x76142d,
10128,0x7ff62a132760,0x13c2760,7738657,0x761521,
10129,0x7ff62a132d40,0x13c2d40,7738703,0x76154f,
10130,0x7ff62a132e80,0x13c2e80,7738731,0x76156b,
10131,0x7ff62a132f60,0x13c2f60,7738810,0x7615ba,
10132,0x7ff62a133140,0x13c3140,7738838,0x7615d6,
10133,0x7ff62a133220,0x13c3220,7738893,0x76160d,
10134,0x7ff62a133380,0x13c3380,7738948,0x761644,
10135,0x7ff62a1334e0,0x13c34e0,7739059,0x7616b3,
10136,0x7ff62a1337a0,0x13c37a0,7739083,0x7616cb,
10137,0x7ff62a133860,0x13c3860,7739107,0x7616e3,
10138,0x7ff62a133920,0x13c3920,7739147,0x76170b,
10139,0x7ff62a133a30,0x13c3a30,7739189,0x761735,
10140,0x7ff62a133b60,0x13c3b60,7739231,0x76175f,
10141,0x7ff62a133c90,0x13c3c90,7739241,0x761769,
10142,0x7ff62a133d10,0x13c3d10,7739319,0x7617b7,
10143,0x7ff62a133f00,0x13c3f00,7739397,0x761805,
10144,0x7ff62a1340f0,0x13c40f0,7739460,0x761844,
10145,0x7ff62a134260,0x13c4260,7739575,0x7618b7,
10146,0x7ff62a1344b0,0x13c44b0,7739690,0x76192a,
10147,0x7ff62a134700,0x13c4700,7739771,0x76197b,
10148,0x7ff62a1348b0,0x13c48b0,7740185,0x761b19,
10149,0x7ff62a134ef0,0x13c4ef0,7740238,0x761b4e,
10150,0x7ff62a135050,0x13c5050,7740291,0x761b83,
10151,0x7ff62a1351b0,0x13c51b0,7740332,0x761bac,
10152,0x7ff62a1352f0,0x13c52f0,7740398,0x761bee,
10153,0x7ff62a1354a0,0x13c54a0,7740423,0x761c07,
10154,0x7ff62a135590,0x13c5590,7740892,0x761ddc,
10155,0x7ff62a1360e0,0x13c60e0,7740917,0x761df5,
10156,0x7ff62a1361d0,0x13c61d0,7741110,0x761eb6,
10157,0x7ff62a136590,0x13c6590,7741164,0x761eec,
10158,0x7ff62a136700,0x13c6700,7741218,0x761f22,
10159,0x7ff62a136870,0x13c6870,7741252,0x761f44,
10160,0x7ff62a136980,0x13c6980,7741303,0x761f77,
10161,0x7ff62a136ab0,0x13c6ab0,7741354,0x761faa,
10162,0x7ff62a136be0,0x13c6be0,7741416,0x761fe8,
10163,0x7ff62a136d30,0x13c6d30,7741470,0x76201e,
10164,0x7ff62a136e70,0x13c6e70,7741511,0x762047,
10165,0x7ff62a136fa0,0x13c6fa0,7741582,0x76208e,
10166,0x7ff62a1371b0,0x13c71b0,7741622,0x7620b6,
10167,0x7ff62a1372c0,0x13c72c0,7741698,0x762102,
10168,0x7ff62a137460,0x13c7460,7741723,0x76211b,
10169,0x7ff62a137540,0x13c7540,7741750,0x762136,
10170,0x7ff62a137620,0x13c7620,7741794,0x762162,
10171,0x7ff62a137750,0x13c7750,7741841,0x762191,
10172,0x7ff62a137880,0x13c7880,7741888,0x7621c0,
10173,0x7ff62a1379b0,0x13c79b0,7741935,0x7621ef,
10174,0x7ff62a137ae0,0x13c7ae0,7741959,0x762207,
10175,0x7ff62a137bc0,0x13c7bc0,7742181,0x7622e5,
10176,0x7ff62a1381e0,0x13c81e0,7742565,0x762465,
10177,0x7ff62a138910,0x13c8910,7742589,0x76247d,
10178,0x7ff62a1389f0,0x13c89f0,7742661,0x7624c5,
10179,0x7ff62a138bf0,0x13c8bf0,7743234,0x762702,
10180,0x7ff62a139740,0x13c9740,7743259,0x76271b,
10181,0x7ff62a139820,0x13c9820,7743304,0x762748,
10182,0x7ff62a139960,0x13c9960,7743331,0x762763,
10183,0x7ff62a139a40,0x13c9a40,7743384,0x762798,
10184,0x7ff62a139bf0,0x13c9bf0,7743437,0x7627cd,
10185,0x7ff62a139da0,0x13c9da0,7743490,0x762802,
10186,0x7ff62a139f50,0x13c9f50,7743543,0x762837,
10187,0x7ff62a13a100,0x13ca100,7743669,0x7628b5,
10188,0x7ff62a13a3e0,0x13ca3e0,7743795,0x762933,
10189,0x7ff62a13a6c0,0x13ca6c0,7743829,0x762955,
10190,0x7ff62a13a7b0,0x13ca7b0,7743854,0x76296e,
10191,0x7ff62a13a890,0x13ca890,7743891,0x762993,
10192,0x7ff62a13a9a0,0x13ca9a0,7744033,0x762a21,
10193,0x7ff62a13ad00,0x13cad00,7744810,0x762d2a,
10194,0x7ff62a13c000,0x13cc000,7744850,0x762d52,
10195,0x7ff62a13c130,0x13cc130,7744884,0x762d74,
10196,0x7ff62a13c220,0x13cc220,7745159,0x762e87,
10197,0x7ff62a13c940,0x13cc940,7745397,0x762f75,
10198,0x7ff62a13ce30,0x13cce30,7745434,0x762f9a,
10199,0x7ff62a13cf20,0x13ccf20,7745837,0x76312d,
10200,0x7ff62a13d760,0x13cd760,7745884,0x76315c,
10201,0x7ff62a13d8c0,0x13cd8c0,7746015,0x7631df,
10202,0x7ff62a13dbe0,0x13cdbe0,7746106,0x76323a,
10203,0x7ff62a13de60,0x13cde60,7746191,0x76328f,
10204,0x7ff62a13e0b0,0x13ce0b0,7748270,0x763aae,
10205,0x7ff62a1414e0,0x13d14e0,7748468,0x763b74,
10206,0x7ff62a141900,0x13d1900,7748661,0x763c35,
10207,0x7ff62a141d80,0x13d1d80,7748972,0x763d6c,
10208,0x7ff62a1421d0,0x13d21d0,7749034,0x763daa,
10209,0x7ff62a142320,0x13d2320,7749169,0x763e31,
10210,0x7ff62a142610,0x13d2610,7749652,0x764014,
10211,0x7ff62a1430e0,0x13d30e0,7749820,0x7640bc,
10212,0x7ff62a143450,0x13d3450,7749954,0x764142,
10213,0x7ff62a143710,0x13d3710,7750055,0x7641a7,
10214,0x7ff62a143950,0x13d3950,7750154,0x76420a,
10215,0x7ff62a143b50,0x13d3b50,7750454,0x764336,
10216,0x7ff62a144220,0x13d4220,7751820,0x76488c,
10217,0x7ff62a145710,0x13d5710,7752588,0x764b8c,
10218,0x7ff62a146440,0x13d6440,7752907,0x764ccb,
10219,0x7ff62a146b20,0x13d6b20,7753049,0x764d59,
10220,0x7ff62a146dc0,0x13d6dc0,7753628,0x764f9c,
10221,0x7ff62a147820,0x13d7820,7757665,0x765f61,
10222,0x7ff62a14c950,0x13dc950,7757887,0x76603f,
10223,0x7ff62a14cd80,0x13dcd80,7757982,0x76609e,
10224,0x7ff62a14cfc0,0x13dcfc0,7758043,0x7660db,
10225,0x7ff62a14d180,0x13dd180,7758186,0x76616a,
10226,0x7ff62a14d4c0,0x13dd4c0,7758421,0x766255,
10227,0x7ff62a14daa0,0x13ddaa0,7758760,0x7663a8,
10228,0x7ff62a14e170,0x13de170,7758816,0x7663e0,
10229,0x7ff62a14e290,0x13de290,7758871,0x766417,
10230,0x7ff62a14e340,0x13de340,7759042,0x7664c2,
10231,0x7ff62a14e680,0x13de680,7759084,0x7664ec,
10232,0x7ff62a14e780,0x13de780,7759142,0x766526,
10233,0x7ff62a14e8e0,0x13de8e0,7759187,0x766553,
10234,0x7ff62a14ea20,0x13dea20,7759200,0x766560,
10235,0x7ff62a14eaa0,0x13deaa0,7759220,0x766574,
10236,0x7ff62a14eb40,0x13deb40,7759484,0x76667c,
10237,0x7ff62a14f140,0x13df140,7759615,0x7666ff,
10238,0x7ff62a14f400,0x13df400,7759779,0x7667a3,
10239,0x7ff62a14f690,0x13df690,7759794,0x7667b2,
10240,0x7ff62a14f700,0x13df700,7760723,0x766b53,
10241,0x7ff62a150930,0x13e0930,7760733,0x766b5d,
10242,0x7ff62a1509b0,0x13e09b0,7760752,0x766b70,
10243,0x7ff62a150a40,0x13e0a40,7760799,0x766b9f,
10244,0x7ff62a150b80,0x13e0b80,7760947,0x766c33,
10245,0x7ff62a150e60,0x13e0e60,7761006,0x766c6e,
10246,0x7ff62a150fe0,0x13e0fe0,7761018,0x766c7a,
10247,0x7ff62a151060,0x13e1060,7761611,0x766ecb,
10248,0x7ff62a151e50,0x13e1e50,7761977,0x767039,
10249,0x7ff62a1525a0,0x13e25a0,7762071,0x767097,
10250,0x7ff62a1527e0,0x13e27e0,7762169,0x7670f9,
10251,0x7ff62a1529c0,0x13e29c0,7762300,0x76717c,
10252,0x7ff62a152c50,0x13e2c50,7762349,0x7671ad,
10253,0x7ff62a152d60,0x13e2d60,7762379,0x7671cb,
10254,0x7ff62a152e10,0x13e2e10,7762401,0x7671e1,
10255,0x7ff62a152e90,0x13e2e90,7762436,0x767204,
10256,0x7ff62a152f20,0x13e2f20,7762446,0x76720e,
10257,0x7ff62a152fa0,0x13e2fa0,7762456,0x767218,
10258,0x7ff62a153020,0x13e3020,7762798,0x76736e,
10259,0x7ff62a153840,0x13e3840,7762972,0x76741c,
10260,0x7ff62a153b30,0x13e3b30,7763059,0x767473,
10261,0x7ff62a153d70,0x13e3d70,7763154,0x7674d2,
10262,0x7ff62a153fd0,0x13e3fd0,7763167,0x7674df,
10263,0x7ff62a154050,0x13e4050,7763179,0x7674eb,
10264,0x7ff62a1540d0,0x13e40d0,7763201,0x767501,
10265,0x7ff62a154170,0x13e4170,7763221,0x767515,
10266,0x7ff62a1541f0,0x13e41f0,7763236,0x767524,
10267,0x7ff62a154260,0x13e4260,7763251,0x767533,
10268,0x7ff62a1542d0,0x13e42d0,7763264,0x767540,
10269,0x7ff62a154360,0x13e4360,7763521,0x767641,
10270,0x7ff62a1548a0,0x13e48a0,7765077,0x767c55,
10271,0x7ff62a156f00,0x13e6f00,7765111,0x767c77,
10272,0x7ff62a157010,0x13e7010,7765150,0x767c9e,
10273,0x7ff62a157170,0x13e7170,7765173,0x767cb5,
10274,0x7ff62a157210,0x13e7210,7765185,0x767cc1,
10275,0x7ff62a157290,0x13e7290,7765200,0x767cd0,
10276,0x7ff629918910,0xba8910,7765210,0x767cda,
10277,0x7ff62a157320,0x13e7320,7765292,0x767d2c,
10278,0x7ff629918910,0xba8910,7765312,0x767d40,
10279,0x7ff62a157530,0x13e7530,7765352,0x767d68,
10280,0x7ff62a157600,0x13e7600,7766815,0x76831f,
10281,0x7ff62a1596f0,0x13e96f0,7766851,0x768343,
10282,0x7ff62a1597d0,0x13e97d0,7766862,0x76834e,
10283,0x7ff62a159850,0x13e9850,7766886,0x768366,
10284,0x7ff62a159910,0x13e9910,7767344,0x768530,
10285,0x7ff62a15a610,0x13ea610,7767802,0x7686fa,
10286,0x7ff62a15b310,0x13eb310,7768288,0x7688e0,
10287,0x7ff62a15c220,0x13ec220,7768458,0x76898a,
10288,0x7ff62a15c490,0x13ec490,7768567,0x7689f7,
10289,0x7ff62a15c6d0,0x13ec6d0,7768631,0x768a37,
10290,0x7ff62a15c810,0x13ec810,7768886,0x768b36,
10291,0x7ff62a15cd70,0x13ecd70,7768962,0x768b82,
10292,0x7ff62a15d070,0x13ed070,7769001,0x768ba9,
10293,0x7ff62a15d220,0x13ed220,7769058,0x768be2,
10294,0x7ff62a15d310,0x13ed310,7769077,0x768bf5,
10295,0x7ff62a15d3b0,0x13ed3b0,7769149,0x768c3d,
10296,0x7ff62a15d570,0x13ed570,7769164,0x768c4c,
10297,0x7ff62a15d5e0,0x13ed5e0,7769177,0x768c59,
10298,0x7ff62a15d670,0x13ed670,7769200,0x768c70,
10299,0x7ff628dc6040,0x56040,7769205,0x768c75,
10300,0x7ff628dc6040,0x56040,7769210,0x768c7a,
10301,0x7ff62a15d6f0,0x13ed6f0,7769316,0x768ce4,
10302,0x7ff62a15d930,0x13ed930,7769661,0x768e3d,
10303,0x7ff62a15ded0,0x13eded0,7769795,0x768ec3,
10304,0x7ff629a24ea0,0xcb4ea0,7769834,0x768eea,
10305,0x7ff62a15e0d0,0x13ee0d0,7769928,0x768f48,
10306,0x7ff629a251b0,0xcb51b0,7770100,0x768ff4,
10307,0x7ff629a25600,0xcb5600,7770169,0x769039,
10308,0x7ff629a257b0,0xcb57b0,7770192,0x769050,
10309,0x7ff62a15e2c0,0x13ee2c0,7771041,0x7693a1,
10310,0x7ff62a15eef0,0x13eeef0,7772199,0x769827,
10311,0x7ff62a160140,0x13f0140,7772214,0x769836,
10312,0x7ff62a1601d0,0x13f01d0,7772774,0x769a66,
10313,0x7ff629a282c0,0xcb82c0,7773186,0x769c02,
10314,0x7ff62a160b40,0x13f0b40,7777257,0x76abe9,
10315,0x7ff629a2d670,0xcbd670,7777359,0x76ac4f,
10316,0x7ff62a164a70,0x13f4a70,7777630,0x76ad5e,
10317,0x7ff62a164fe0,0x13f4fe0,7777783,0x76adf7,
10318,0x7ff62a165260,0x13f5260,7778109,0x76af3d,
10319,0x7ff62a165860,0x13f5860,7779189,0x76b375,
10320,0x7ff62a166590,0x13f6590,7779378,0x76b432,
10321,0x7ff62a166ab0,0x13f6ab0,7779605,0x76b515,
10322,0x7ff62a167050,0x13f7050,7779795,0x76b5d3,
10323,0x7ff62a167520,0x13f7520,7780231,0x76b787,
10324,0x7ff62a167d80,0x13f7d80,7780432,0x76b850,
10325,0x7ff62a1681d0,0x13f81d0,7780478,0x76b87e,
10326,0x7ff62a168500,0x13f8500,7780966,0x76ba66,
10327,0x7ff62a168a10,0x13f8a10,7781117,0x76bafd,
10328,0x7ff62a168d60,0x13f8d60,7782431,0x76c01f,
10329,0x7ff62a169f10,0x13f9f10,7783361,0x76c3c1,
10330,0x7ff62a16b230,0x13fb230,7783806,0x76c57e,
10331,0x7ff62a16bdd0,0x13fbdd0,7785633,0x76cca1,
10332,0x7ff62a16e5d0,0x13fe5d0,7786102,0x76ce76,
10333,0x7ff62a16f410,0x13ff410,7786655,0x76d09f,
10334,0x7ff62a170440,0x1400440,7787286,0x76d316,
10335,0x7ff628dc6040,0x56040,7787296,0x76d320,
10336,0x7ff62a1717a0,0x14017a0,7787750,0x76d4e6,
10337,0x7ff62a171c40,0x1401c40,7787789,0x76d50d,
10338,0x7ff62a171d50,0x1401d50,7787841,0x76d541,
10339,0x7ff62a171ef0,0x1401ef0,7787912,0x76d588,
10340,0x7ff62a1720d0,0x14020d0,7787927,0x76d597,
10341,0x7ff62a172140,0x1402140,7788255,0x76d6df,
10342,0x7ff62a172730,0x1402730,7788504,0x76d7d8,
10343,0x7ff62a172cb0,0x1402cb0,7789192,0x76da88,
10344,0x7ff62a173940,0x1403940,7789295,0x76daef,
10345,0x7ff628deb110,0x7b110,7789363,0x76db33,
10346,0x7ff62a173ad0,0x1403ad0,7789521,0x76dbd1,
10347,0x7ff62a173d80,0x1403d80,7789659,0x76dc5b,
10348,0x7ff62a174020,0x1404020,7789739,0x76dcab,
10349,0x7ff628dc6040,0x56040,7789749,0x76dcb5,
10350,0x7ff62926f770,0x4ff770,7789759,0x76dcbf,
10351,0x7ff62a1741a0,0x14041a0,7790038,0x76ddd6,
10352,0x7ff62926f770,0x4ff770,7790064,0x76ddf0,
10353,0x7ff62a174680,0x1404680,7790209,0x76de81,
10354,0x7ff62a174790,0x1404790,7790287,0x76decf,
10355,0x7ff62a1749b0,0x14049b0,7790476,0x76df8c,
10356,0x7ff62a174c60,0x1404c60,7790861,0x76e10d,
10357,0x7ff6298a7630,0xb37630,7790891,0x76e12b,
10358,0x7ff6298a6e40,0xb36e40,7790921,0x76e149,
10359,0x7ff62a175210,0x1405210,7791088,0x76e1f0,
10360,0x7ff62a175480,0x1405480,7791151,0x76e22f,
10361,0x7ff62a175560,0x1405560,7791212,0x76e26c,
10362,0x7ff62a175740,0x1405740,7791280,0x76e2b0,
10363,0x7ff62a175920,0x1405920,7794361,0x76eeb9,
10364,0x7ff62a178e80,0x1408e80,7794672,0x76eff0,
10365,0x7ff62a179210,0x1409210,7795120,0x76f1b0,
10366,0x7ff62a179b80,0x1409b80,7797024,0x76f920,
10367,0x7ff62a17cc10,0x140cc10,7798120,0x76fd68,
10368,0x7ff62a17df90,0x140df90,7798227,0x76fdd3,
10369,0x7ff62a17e1f0,0x140e1f0,7798337,0x76fe41,
10370,0x7ff62a17e430,0x140e430,7798476,0x76fecc,
10371,0x7ff62a17e740,0x140e740,7798624,0x76ff60,
10372,0x7ff62a17ea50,0x140ea50,7799001,0x7700d9,
10373,0x7ff62a17f1c0,0x140f1c0,7799129,0x770159,
10374,0x7ff62a17f3b0,0x140f3b0,7799302,0x770206,
10375,0x7ff62a17f670,0x140f670,7799441,0x770291,
10376,0x7ff62a17f960,0x140f960,7799557,0x770305,
10377,0x7ff62a17fd40,0x140fd40,7799860,0x770434,
10378,0x7ff62a180470,0x1410470,7800453,0x770685,
10379,0x7ff62a181380,0x1411380,7800535,0x7706d7,
10380,0x7ff62a181580,0x1411580,7800679,0x770767,
10381,0x7ff62a1818c0,0x14118c0,7800832,0x770800,
10382,0x7ff62a181c00,0x1411c00,7804137,0x7714e9,
10383,0x7ff62a186b60,0x1416b60,7804324,0x7715a4,
10384,0x7ff62a186e90,0x1416e90,7804512,0x771660,
10385,0x7ff62a1871d0,0x14171d0,7804544,0x771680,
10386,0x7ff62a187270,0x1417270,7804567,0x771697,
10387,0x7ff62a187310,0x1417310,7804687,0x77170f,
10388,0x7ff62a187620,0x1417620,7805104,0x7718b0,
10389,0x7ff62a1880a0,0x14180a0,7806879,0x771f9f,
10390,0x7ff62a189ca0,0x1419ca0,7807161,0x7720b9,
10391,0x7ff62a18a130,0x141a130,7807734,0x7722f6,
10392,0x7ff62a18aa70,0x141aa70,7807808,0x772340,
10393,0x7ff62a18ac10,0x141ac10,7807831,0x772357,
10394,0x7ff62a18acb0,0x141acb0,7812231,0x773487,
10395,0x7ff62a18fc40,0x141fc40,7812268,0x7734ac,
10396,0x7ff62a18fda0,0x141fda0,7812712,0x773668,
10397,0x7ff62a190690,0x1420690,7813044,0x7737b4,
10398,0x7ff62a190f00,0x1420f00,7814616,0x773dd8,
10399,0x7ff62a193510,0x1423510,7820621,0x77554d,
10400,0x7ff62a19a970,0x142a970,7821262,0x7757ce,
10401,0x7ff62a19b900,0x142b900,7821893,0x775a45,
10402,0x7ff62a19c890,0x142c890,7824240,0x776370,
10403,0x7ff628dc6040,0x56040,7824245,0x776375,
10404,0x7ff62a1a0030,0x1430030,7824431,0x77642f,
10405,0x7ff62a1a0330,0x1430330,7824466,0x776452,
10406,0x7ff62a1a03c0,0x14303c0,7826316,0x776b8c,
10407,0x7ff62a1a2170,0x1432170,7826731,0x776d2b,
10408,0x7ff62a1a2ae0,0x1432ae0,7827213,0x776f0d,
10409,0x7ff62a1a3590,0x1433590,7828142,0x7772ae,
10410,0x7ff62a1a45c0,0x14345c0,7831028,0x777df4,
10411,0x7ff62a1a7690,0x1437690,7834172,0x778a3c,
10412,0x7ff62a1aaf00,0x143af00,7834717,0x778c5d,
10413,0x7ff62a1ab8e0,0x143b8e0,7836365,0x7792cd,
10414,0x7ff62a1ad570,0x143d570,7836699,0x77941b,
10415,0x7ff62a1adb80,0x143db80,7836778,0x77946a,
10416,0x7ff62a1addf0,0x143ddf0,7836912,0x7794f0,
10417,0x7ff62a1ae000,0x143e000,7836955,0x77951b,
10418,0x7ff62a1ae130,0x143e130,7837004,0x77954c,
10419,0x7ff62a1ae280,0x143e280,7837061,0x779585,
10420,0x7ff62a1ae3c0,0x143e3c0,7837169,0x7795f1,
10421,0x7ff6298a43e0,0xb343e0,7837202,0x779612,
10422,0x7ff6298a44e0,0xb344e0,7837293,0x77966d,
10423,0x7ff6298a4840,0xb34840,7837320,0x779688,
10424,0x7ff6298a4950,0xb34950,7837439,0x7796ff,
10425,0x7ff6298a4c90,0xb34c90,7837563,0x77977b,
10426,0x7ff6298a4ff0,0xb34ff0,7837605,0x7797a5,
10427,0x7ff62a1ae620,0x143e620,7837717,0x779815,
10428,0x7ff62a1ae940,0x143e940,7837776,0x779850,
10429,0x7ff62a1aeae0,0x143eae0,7838864,0x779c90,
10430,0x7ff629885840,0xb15840,7838881,0x779ca1,
10431,0x7ff6298858f0,0xb158f0,7838891,0x779cab,
10432,0x7ff629885960,0xb15960,7838908,0x779cbc,
10433,0x7ff629885a10,0xb15a10,7838918,0x779cc6,
10434,0x7ff62a1afc10,0x143fc10,7839252,0x779e14,
10435,0x7ff62a1b0510,0x1440510,7839577,0x779f59,
10436,0x7ff62a1b0d20,0x1440d20,7839641,0x779f99,
10437,0x7ff6298876a0,0xb176a0,7839651,0x779fa3,
10438,0x7ff62a1b0ed0,0x1440ed0,7839672,0x779fb8,
10439,0x7ff629a4c8f0,0xcdc8f0,7839710,0x779fde,
10440,0x7ff6298887f0,0xb187f0,7839736,0x779ff8,
10441,0x7ff6298888d0,0xb188d0,7839890,0x77a092,
10442,0x7ff62a1b0fb0,0x1440fb0,7840010,0x77a10a,
10443,0x7ff62a1b1340,0x1441340,7840080,0x77a150,
10444,0x7ff62a1b15b0,0x14415b0,7840466,0x77a2d2,
10445,0x7ff62a1b2670,0x1442670,7840489,0x77a2e9,
10446,0x7ff62a1b2770,0x1442770,7840569,0x77a339,
10447,0x7ff62a1b2a30,0x1442a30,7840674,0x77a3a2,
10448,0x7ff62a1b2d90,0x1442d90,7840873,0x77a469,
10449,0x7ff62a1b3320,0x1443320,7841744,0x77a7d0,
10450,0x7ff62a1b4b20,0x1444b20,7841951,0x77a89f,
10451,0x7ff62a1b5060,0x1445060,7842869,0x77ac35,
10452,0x7ff62a1b6a40,0x1446a40,7843209,0x77ad89,
10453,0x7ff62a1b71f0,0x14471f0,7843902,0x77b03e,
10454,0x7ff62a1b85f0,0x14485f0,7844302,0x77b1ce,
10455,0x7ff62a1b9050,0x1449050,7844510,0x77b29e,
10456,0x7ff62a1b95c0,0x14495c0,7844554,0x77b2ca,
10457,0x7ff62a1b96e0,0x14496e0,7845858,0x77b7e2,
10458,0x7ff62a1bb200,0x144b200,7846244,0x77b964,
10459,0x7ff62a1bbd20,0x144bd20,7846265,0x77b979,
10460,0x7ff62a1bbe00,0x144be00,7846313,0x77b9a9,
10461,0x7ff62a1bbfa0,0x144bfa0,7846356,0x77b9d4,
10462,0x7ff62a1bc190,0x144c190,7846736,0x77bb50,
10463,0x7ff62a1bd290,0x144d290,7846796,0x77bb8c,
10464,0x7ff62a1bd4f0,0x144d4f0,7847076,0x77bca4,
10465,0x7ff62a1bdf40,0x144df40,7847573,0x77be95,
10466,0x7ff62a1bf5a0,0x144f5a0,7847647,0x77bedf,
10467,0x7ff62a1bf880,0x144f880,7848011,0x77c04b,
10468,0x7ff62a1c05f0,0x14505f0,7848620,0x77c2ac,
10469,0x7ff62a1c1f90,0x1451f90,7848739,0x77c323,
10470,0x7ff62a1c2550,0x1452550,7849008,0x77c430,
10471,0x7ff62a1c3050,0x1453050,7849058,0x77c462,
10472,0x7ff62a1c31a0,0x14531a0,7851263,0x77ccff,
10473,0x7ff62a1c5930,0x1455930,7851369,0x77cd69,
10474,0x7ff62a1c5d00,0x1455d00,7851689,0x77cea9,
10475,0x7ff62a1c6580,0x1456580,7851840,0x77cf40,
10476,0x7ff62a1c6890,0x1456890,7851967,0x77cfbf,
10477,0x7ff62a1c6b50,0x1456b50,7852080,0x77d030,
10478,0x7ff62a1c6e60,0x1456e60,7854829,0x77daed,script_vm_entry3
10479,0x7ff62a1ca920,0x145a920,7855986,0x77df72,
10480,0x7ff62a1cb7d0,0x145b7d0,7860450,0x77f0e2,script_vm_entry4
10481,0x7ff62a1d0530,0x1460530,7860529,0x77f131,
10482,0x7ff62a1d06d0,0x14606d0,7861028,0x77f324,
10483,0x7ff62a1d0e10,0x1460e10,7861144,0x77f398,
10484,0x7ff62a1d1050,0x1461050,7861352,0x77f468,
10485,0x7ff62a1d16c0,0x14616c0,7861613,0x77f56d,
10486,0x7ff62a1d1b50,0x1461b50,7916001,0x78c9e1,
10487,0x7ff62a1f1030,0x1481030,7916496,0x78cbd0,
10488,0x7ff62a1f1cd0,0x1481cd0,7917206,0x78ce96,
10489,0x7ff62a1f2f10,0x1482f10,7917406,0x78cf5e,
10490,0x7ff62a1f3410,0x1483410,7917714,0x78d092,
10491,0x7ff62a1f3d40,0x1483d40,7922424,0x78e2f8,
10492,0x7ff62a1f9840,0x1489840,7922683,0x78e3fb,
10493,0x7ff62a1f9e10,0x1489e10,7922947,0x78e503,
10494,0x7ff62a1fa2d0,0x148a2d0,7923842,0x78e882,
10495,0x7ff62a1fb670,0x148b670,7924174,0x78e9ce,
10496,0x7ff62a1fbda0,0x148bda0,7925760,0x78f000,
10497,0x7ff62a1fe540,0x148e540,7926898,0x78f472,
10498,0x7ff62a200180,0x1490180,7926944,0x78f4a0,
10499,0x7ff62a2002c0,0x14902c0,7935359,0x79157f,
10500,0x7ff62a20b730,0x149b730,7935491,0x791603,
10501,0x7ff62a20bad0,0x149bad0,7935735,0x7916f7,
10502,0x7ff62a20c110,0x149c110,7935783,0x791727,
10503,0x7ff62a20c2a0,0x149c2a0,7936740,0x791ae4,
10504,0x7ff62a20d650,0x149d650,7936984,0x791bd8,
10505,0x7ff62a20dc90,0x149dc90,7937228,0x791ccc,
10506,0x7ff62a20e2d0,0x149e2d0,7937472,0x791dc0,
10507,0x7ff62a20e910,0x149e910,7937716,0x791eb4,
10508,0x7ff62a20ef50,0x149ef50,7937960,0x791fa8,
10509,0x7ff62a20f590,0x149f590,7938582,0x792216,
10510,0x7ff62a210490,0x14a0490,7940529,0x7929b1,
10511,0x7ff62a212ac0,0x14a2ac0,7941350,0x792ce6,
10512,0x7ff62a213d80,0x14a3d80,7941935,0x792f2f,
10513,0x7ff62a214c00,0x14a4c00,7942440,0x793128,
10514,0x7ff62a2158c0,0x14a58c0,7942574,0x7931ae,
10515,0x7ff62a215b60,0x14a5b60,7942869,0x7932d5,
10516,0x7ff62a216040,0x14a6040,7943369,0x7934c9,
10517,0x7ff62a216b10,0x14a6b10,7943456,0x793520,
10518,0x7ff62a216d30,0x14a6d30,7943509,0x793555,
10519,0x7ff62a216e50,0x14a6e50,7962976,0x798160,
10520,0x7ff62a2229f0,0x14b29f0,7963268,0x798284,
10521,0x7ff62a222f80,0x14b2f80,7964032,0x798580,
10522,0x7ff62a224180,0x14b4180,7966042,0x798d5a,
10523,0x7ff62a2269b0,0x14b69b0,7966787,0x799043,
10524,0x7ff62a227780,0x14b7780,7967174,0x7991c6,
10525,0x7ff62a227f50,0x14b7f50,7969129,0x799969,
10526,0x7ff62a22ab10,0x14bab10,7969271,0x7999f7,
10527,0x7ff62a22aec0,0x14baec0,7969734,0x799bc6,
10528,0x7ff62a22b8a0,0x14bb8a0,7970545,0x799ef1,
10529,0x7ff62a22c6e0,0x14bc6e0,7971198,0x79a17e,
10530,0x7ff62a22d520,0x14bd520,7972176,0x79a550,
10531,0x7ff62a22f010,0x14bf010,7972382,0x79a61e,
10532,0x7ff62a22f420,0x14bf420,7978939,0x79bfbb,
10533,0x7ff62a237900,0x14c7900,7979056,0x79c030,
10534,0x7ff62a237c00,0x14c7c00,7979747,0x79c2e3,
10535,0x7ff62a1f2f10,0x1482f10,7979947,0x79c3ab,
10536,0x7ff62a238dc0,0x14c8dc0,7980255,0x79c4df,
10537,0x7ff62a2396f0,0x14c96f0,7981424,0x79c970,
10538,0x7ff62a22c6e0,0x14bc6e0,7982077,0x79cbfd,
10539,0x7ff62a23b270,0x14cb270,7982749,0x79ce9d,
10540,0x7ff62a23c430,0x14cc430,7982919,0x79cf47,
10541,0x7ff62a23c8a0,0x14cc8a0,7984301,0x79d4ad,
10542,0x7ff62a23e720,0x14ce720,7990945,0x79eea1,
10543,0x7ff62a2486e0,0x14d86e0,7991572,0x79f114,
10544,0x7ff62a248ec0,0x14d8ec0,7992683,0x79f56b,
10545,0x7ff62a24a350,0x14da350,7992768,0x79f5c0,
10546,0x7ff62a24a5e0,0x14da5e0,7993167,0x79f74f,
10547,0x7ff62a24ae60,0x14dae60,7993603,0x79f903,
10548,0x7ff62a24b910,0x14db910,7994144,0x79fb20,
10549,0x7ff62a24c590,0x14dc590,7995752,0x7a0168,
10550,0x7ff62a24ec20,0x14dec20,7995792,0x7a0190,
10551,0x7ff62a24ed60,0x14ded60,8006373,0x7a2ae5,
10552,0x7ff62a259580,0x14e9580,8006481,0x7a2b51,
10553,0x7ff62a259830,0x14e9830,8006816,0x7a2ca0,
10554,0x7ff62a259ea0,0x14e9ea0,8007110,0x7a2dc6,
10555,0x7ff62a25a400,0x14ea400,8007416,0x7a2ef8,
10556,0x7ff62a25a950,0x14ea950,8007952,0x7a3110,
10557,0x7ff62a25b250,0x14eb250,8015968,0x7a5060,
10558,0x7ff62a267bf0,0x14f7bf0,8015988,0x7a5074,
10559,0x7ff62a267cd0,0x14f7cd0,8016023,0x7a5097,
10560,0x7ff62a267d90,0x14f7d90,8018778,0x7a5b5a,
10561,0x7ff62a26b5b0,0x14fb5b0,8019070,0x7a5c7e,
10562,0x7ff62a26bb00,0x14fbb00,8020230,0x7a6106,
10563,0x7ff62a26ddc0,0x14fddc0,8023972,0x7a6fa4,
10564,0x7ff62a271dc0,0x1501dc0,8024102,0x7a7026,
10565,0x7ff62a272230,0x1502230,8024137,0x7a7049,
10566,0x7ff62a2722f0,0x15022f0,8024163,0x7a7063,
10567,0x7ff62a272390,0x1502390,8025402,0x7a753a,
10568,0x7ff62a273bc0,0x1503bc0,8025654,0x7a7636,
10569,0x7ff62a2741a0,0x15041a0,8025925,0x7a7745,
10570,0x7ff62a2745c0,0x15045c0,8025967,0x7a776f,
10571,0x7ff62a2746f0,0x15046f0,8026558,0x7a79be,
10572,0x7ff62a275130,0x1505130,8026665,0x7a7a29,
10573,0x7ff628dc6040,0x56040,8026670,0x7a7a2e,
10574,0x7ff628dc6040,0x56040,8026675,0x7a7a33,
10575,0x7ff62a275290,0x1505290,8027540,0x7a7d94,
10576,0x7ff62a276170,0x1506170,8028107,0x7a7fcb,
10577,0x7ff62a276f60,0x1506f60,8028410,0x7a80fa,
10578,0x7ff62a2777e0,0x15077e0,8028423,0x7a8107,
10579,0x7ff62a277870,0x1507870,8028436,0x7a8114,
10580,0x7ff62a277900,0x1507900,8028496,0x7a8150,
10581,0x7ff62a277ab0,0x1507ab0,8028642,0x7a81e2,
10582,0x7ff62a277e10,0x1507e10,8029289,0x7a8469,
10583,0x7ff62a2790b0,0x15090b0,8029936,0x7a86f0,
10584,0x7ff62a27a350,0x150a350,8030583,0x7a8977,
10585,0x7ff62a27b5f0,0x150b5f0,8031234,0x7a8c02,
10586,0x7ff62a27c880,0x150c880,8031891,0x7a8e93,
10587,0x7ff62a27db30,0x150db30,8032548,0x7a9124,
10588,0x7ff62a27ede0,0x150ede0,8033212,0x7a93bc,
10589,0x7ff62a2800b0,0x15100b0,8033876,0x7a9654,
10590,0x7ff62a281380,0x1511380,8034544,0x7a98f0,
10591,0x7ff62a282650,0x1512650,8034741,0x7a99b5,
10592,0x7ff62a282a70,0x1512a70,8034834,0x7a9a12,
10593,0x7ff62a282cd0,0x1512cd0,8034995,0x7a9ab3,
10594,0x7ff62a283190,0x1513190,8035104,0x7a9b20,
10595,0x7ff62a2833e0,0x15133e0,8035352,0x7a9c18,
10596,0x7ff62a2838c0,0x15138c0,8035613,0x7a9d1d,
10597,0x7ff62a283dc0,0x1513dc0,8036046,0x7a9ece,
10598,0x7ff62a2846a0,0x15146a0,8036099,0x7a9f03,
10599,0x7ff62a284810,0x1514810,8037099,0x7aa2eb,
10600,0x7ff62a285c90,0x1515c90,8037413,0x7aa425,
10601,0x7ff62a2860e0,0x15160e0,8037488,0x7aa470,
10602,0x7ff62a2861d0,0x15161d0,8037573,0x7aa4c5,
10603,0x7ff62a2862d0,0x15162d0,8037680,0x7aa530,
10604,0x7ff62a2865c0,0x15165c0,8037923,0x7aa623,
10605,0x7ff62a286af0,0x1516af0,8038101,0x7aa6d5,
10606,0x7ff62a287180,0x1517180,8038197,0x7aa735,
10607,0x7ff62a2873a0,0x15173a0,8038432,0x7aa820,
10608,0x7ff62a2879e0,0x15179e0,8038477,0x7aa84d,
10609,0x7ff62a287b40,0x1517b40,8038512,0x7aa870,
10610,0x7ff62a287bf0,0x1517bf0,8038545,0x7aa891,
10611,0x7ff62a287ca0,0x1517ca0,8038555,0x7aa89b,
10612,0x7ff62a287d20,0x1517d20,8039003,0x7aaa5b,
10613,0x7ff62a2887f0,0x15187f0,8041577,0x7ab469,
10614,0x7ff62a28c4a0,0x151c4a0,8042524,0x7ab81c,
10615,0x7ff62a28e080,0x151e080,8044727,0x7ac0b7,
10616,0x7ff62a291720,0x1521720,8046328,0x7ac6f8,
10617,0x7ff62a294630,0x1524630,8047242,0x7aca8a,
10618,0x7ff62a295b50,0x1525b50,8047789,0x7accad,
10619,0x7ff62a296ad0,0x1526ad0,8048740,0x7ad064,
10620,0x7ff62a298520,0x1528520,8049798,0x7ad486,
10621,0x7ff62a29a550,0x152a550,8050002,0x7ad552,
10622,0x7ff62a29a8e0,0x152a8e0,8050592,0x7ad7a0,
10623,0x7ff62a29b770,0x152b770,8050736,0x7ad830,
10624,0x7ff62a29bad0,0x152bad0,8050784,0x7ad860,
10625,0x7ff62a29bbb0,0x152bbb0,8050816,0x7ad880,
10626,0x7ff62a29bc40,0x152bc40,8050822,0x7ad886,
10627,0x7ff62a29bc70,0x152bc70,8050828,0x7ad88c,
10628,0x7ff62a29bca0,0x152bca0,8050848,0x7ad8a0,
10629,0x7ff628d91230,0x21230,8055112,0x7ae948,
10630,0x7ff62a29bcd0,0x152bcd0,8055118,0x7ae94e,
10631,0x7ff62a29bd00,0x152bd00,8055124,0x7ae954,
10632,0x7ff62a29bd30,0x152bd30,8055130,0x7ae95a,
10633,0x7ff62a29bd60,0x152bd60,8055136,0x7ae960,
10634,0x7ff62a29bd90,0x152bd90,8055142,0x7ae966,
10635,0x7ff62a29bdc0,0x152bdc0,8055148,0x7ae96c,
10636,0x7ff62a29bdf0,0x152bdf0,8055154,0x7ae972,
10637,0x7ff62a29be20,0x152be20,8055160,0x7ae978,
10638,0x7ff62a29be50,0x152be50,8055168,0x7ae980,
10639,0x7ff62a29be80,0x152be80,8055216,0x7ae9b0,
10640,0x7ff62a29bf50,0x152bf50,8055232,0x7ae9c0,
10641,0x7ff62a29bfb0,0x152bfb0,8055280,0x7ae9f0,
10642,0x7ff62a29c030,0x152c030,8055344,0x7aea30,
10643,0x7ff62a29c180,0x152c180,8055488,0x7aeac0,
10644,0x7ff62a29c440,0x152c440,8055520,0x7aeae0,
10645,0x7ff62a29c4c0,0x152c4c0,8055584,0x7aeb20,
10646,0x7ff62a29c5a0,0x152c5a0,8055648,0x7aeb60,
10647,0x7ff62a29c7d0,0x152c7d0,8055664,0x7aeb70,
10648,0x7ff62a29c870,0x152c870,8055760,0x7aebd0,
10649,0x7ff62a29cb60,0x152cb60,8055824,0x7aec10,
10650,0x7ff62a29ce60,0x152ce60,8055920,0x7aec70,
10651,0x7ff62a29d0c0,0x152d0c0,8055968,0x7aeca0,
10652,0x7ff62a29d2d0,0x152d2d0,8056176,0x7aed70,
10653,0x7ff62a29d790,0x152d790,8056320,0x7aee00,
10654,0x7ff62a29dc40,0x152dc40,8056448,0x7aee80,
10655,0x7ff62a29e120,0x152e120,8056528,0x7aeed0,
10656,0x7ff62a29e230,0x152e230,8056544,0x7aeee0,
10657,0x7ff62a29e280,0x152e280,8056928,0x7af060,
10658,0x7ff62a29ec10,0x152ec10,8057232,0x7af190,
10659,0x7ff62a29f240,0x152f240,8057296,0x7af1d0,
10660,0x7ff62a29f440,0x152f440,8057328,0x7af1f0,
10661,0x7ff62a29f500,0x152f500,8057392,0x7af230,
10662,0x7ff62a29f6d0,0x152f6d0,8057552,0x7af2d0,
10663,0x7ff62a29fa70,0x152fa70,8057600,0x7af300,
10664,0x7ff62a29fbd0,0x152fbd0,8058032,0x7af4b0,
10665,0x7ff62a2a0550,0x1530550,8058096,0x7af4f0,
10666,0x7ff62a2a0760,0x1530760,8058416,0x7af630,
10667,0x7ff62a2a10c0,0x15310c0,8058480,0x7af670,
10668,0x7ff62a2a12d0,0x15312d0,8058816,0x7af7c0,
10669,0x7ff62a2a1d10,0x1531d10,8058960,0x7af850,
10670,0x7ff62a2a2130,0x1532130,8059392,0x7afa00,
10671,0x7ff62a2a2be0,0x1532be0,8059488,0x7afa60,
10672,0x7ff62a2a2fb0,0x1532fb0,8059536,0x7afa90,
10673,0x7ff62a2a3190,0x1533190,8059556,0x7afaa4,
10674,0x7ff62a2a3200,0x1533200,8059565,0x7afaad,
10675,0x7ff62a2a3230,0x1533230,8059728,0x7afb50,
10676,0x7ff62a2a35d0,0x15335d0,8059753,0x7afb69,
10677,0x7ff62a2a36a0,0x15336a0,8059762,0x7afb72,
10678,0x7ff62a2a36d0,0x15336d0,8060229,0x7afd45,
10679,0x7ff62a2a41f0,0x15341f0,8060272,0x7afd70,
10680,0x7ff62a2a4550,0x1534550,8060384,0x7afde0,
10681,0x7ff62a2a47b0,0x15347b0,8060394,0x7afdea,
10682,0x7ff62a2a47c0,0x15347c0,8060416,0x7afe00,
10683,0x7ff62a2a47d0,0x15347d0,8060436,0x7afe14,
10684,0x7ff62a2a4840,0x1534840,8060445,0x7afe1d,
10685,0x7ff62a2a4870,0x1534870,8060592,0x7afeb0,
10686,0x7ff62a2a4f00,0x1534f00,8060612,0x7afec4,
10687,0x7ff62a2a4f70,0x1534f70,8060621,0x7afecd,
10688,0x7ff62a2a4fa0,0x1534fa0,8060768,0x7aff60,
10689,0x7ff62a2a5630,0x1535630,8060788,0x7aff74,
10690,0x7ff62a2a56a0,0x15356a0,8060797,0x7aff7d,
10691,0x7ff62a2a56d0,0x15356d0,8060960,0x7b0020,
10692,0x7ff62a2a5dd0,0x1535dd0,8060980,0x7b0034,
10693,0x7ff62a2a5e40,0x1535e40,8060989,0x7b003d,
10694,0x7ff62a2a5e70,0x1535e70,8061120,0x7b00c0,
10695,0x7ff62a2a6280,0x1536280,8061200,0x7b0110,
10696,0x7ff62a2a64f0,0x15364f0,8061360,0x7b01b0,
10697,0x7ff62a2a6900,0x1536900,8061392,0x7b01d0,
10698,0x7ff62a2a6a00,0x1536a00,8062320,0x7b0570,
10699,0x7ff62a2a7880,0x1537880,8062352,0x7b0590,
10700,0x7ff62a2a7920,0x1537920,8062480,0x7b0610,
10701,0x7ff62a2a7bd0,0x1537bd0,8063040,0x7b0840,
10702,0x7ff62a2a87e0,0x15387e0,8063088,0x7b0870,
10703,0x7ff62a2a8940,0x1538940,8063392,0x7b09a0,
10704,0x7ff62a2a91b0,0x15391b0,8063456,0x7b09e0,
10705,0x7ff62a2a92e0,0x15392e0,8063504,0x7b0a10,
10706,0x7ff62a2a93f0,0x15393f0,8063520,0x7b0a20,
10707,0x7ff62a2a9540,0x1539540,8063648,0x7b0aa0,
10708,0x7ff62a2a9900,0x1539900,8063824,0x7b0b50,
10709,0x7ff62a2a9c80,0x1539c80,8063904,0x7b0ba0,
10710,0x7ff62a2a9e30,0x1539e30,8064208,0x7b0cd0,
10711,0x7ff62a2aa4e0,0x153a4e0,8064496,0x7b0df0,
10712,0x7ff62a2aab30,0x153ab30,8064544,0x7b0e20,
10713,0x7ff62a2aac00,0x153ac00,8064688,0x7b0eb0,
10714,0x7ff62a2aaf60,0x153af60,8064848,0x7b0f50,
10715,0x7ff62a2ab200,0x153b200,8064896,0x7b0f80,
10716,0x7ff62a2ab340,0x153b340,8064944,0x7b0fb0,
10717,0x7ff62a2ab480,0x153b480,8065056,0x7b1020,
10718,0x7ff62a2ab840,0x153b840,8065200,0x7b10b0,
10719,0x7ff62a2abbb0,0x153bbb0,8065456,0x7b11b0,
10720,0x7ff62a2ac0b0,0x153c0b0,8065504,0x7b11e0,
10721,0x7ff62a2ac1e0,0x153c1e0,8065680,0x7b1290,
10722,0x7ff62a2ac5d0,0x153c5d0,8065792,0x7b1300,
10723,0x7ff62a2ac810,0x153c810,8066000,0x7b13d0,
10724,0x7ff62a2ace80,0x153ce80,8066704,0x7b1690,
10725,0x7ff62a2ae180,0x153e180,8066928,0x7b1770,
10726,0x7ff62a2ae990,0x153e990,8067120,0x7b1830,
10727,0x7ff62a2aee00,0x153ee00,8067152,0x7b1850,
10728,0x7ff62a2aee90,0x153ee90,8067296,0x7b18e0,
10729,0x7ff62a2af420,0x153f420,8067479,0x7b1997,
10730,0x7ff62a2af8e0,0x153f8e0,8067492,0x7b19a4,
10731,0x7ff62a2afa50,0x153fa50,8067535,0x7b19cf,
10732,0x7ff62a2afbb0,0x153fbb0,8067544,0x7b19d8,
10733,0x7ff62a2afc20,0x153fc20,8067648,0x7b1a40,
10734,0x7ff62a2afe10,0x153fe10,8067696,0x7b1a70,
10735,0x7ff62a2aff50,0x153ff50,8068224,0x7b1c80,
10736,0x7ff62a2b0ae0,0x1540ae0,8068352,0x7b1d00,
10737,0x7ff62a2b0de0,0x1540de0,8068400,0x7b1d30,
10738,0x7ff62a2b0f40,0x1540f40,8068480,0x7b1d80,
10739,0x7ff62a2b1280,0x1541280,8068599,0x7b1df7,
10740,0x7ff62a2b15b0,0x15415b0,8068605,0x7b1dfd,
10741,0x7ff62a2b1640,0x1541640,8068624,0x7b1e10,
10742,0x7ff62a2b1720,0x1541720,8068734,0x7b1e7e,
10743,0x7ff62a2b19c0,0x15419c0,8068740,0x7b1e84,
10744,0x7ff62a2b1640,0x1541640,8068768,0x7b1ea0,
10745,0x7ff62a2b19f0,0x15419f0,8068960,0x7b1f60,
10746,0x7ff62a2b1de0,0x1541de0,8069136,0x7b2010,
10747,0x7ff62a2b2300,0x1542300,8069376,0x7b2100,
10748,0x7ff62a2b2870,0x1542870,8069840,0x7b22d0,
10749,0x7ff62a2b30a0,0x15430a0,8070064,0x7b23b0,
10750,0x7ff62a2b36c0,0x15436c0,8070304,0x7b24a0,
10751,0x7ff62a2b3c40,0x1543c40,8070407,0x7b2507,
10752,0x7ff62a2b3f20,0x1543f20,8070552,0x7b2598,
10753,0x7ff62a2b43c0,0x15443c0,8070564,0x7b25a4,
10754,0x7ff62a2b4430,0x1544430,8070566,0x7b25a6,
10755,0x7ff62a2b4490,0x1544490,8070571,0x7b25ab,
10756,0x7ff62a2b44e0,0x15444e0,8070578,0x7b25b2,
10757,0x7ff628dbb570,0x4b570,8070621,0x7b25dd,
10758,0x7ff62a2b4550,0x1544550,8070663,0x7b2607,
10759,0x7ff628dbb570,0x4b570,8070726,0x7b2646,
10760,0x7ff62a2b45a0,0x15445a0,8070728,0x7b2648,
10761,0x7ff62a2b45d0,0x15445d0,8070745,0x7b2659,
10762,0x7ff62a2b4710,0x1544710,8070755,0x7b2663,
10763,0x7ff62a2b4740,0x1544740,8070768,0x7b2670,
10764,0x7ff62a2b4790,0x1544790,8070791,0x7b2687,
10765,0x7ff62a2b4850,0x1544850,8070800,0x7b2690,
10766,0x7ff62a2b48b0,0x15448b0,8070864,0x7b26d0,
10767,0x7ff62a2b4b30,0x1544b30,8070885,0x7b26e5,
10768,0x7ff62a2b4cb0,0x1544cb0,8070908,0x7b26fc,
10769,0x7ff62a2b4da0,0x1544da0,8070933,0x7b2715,
10770,0x7ff62a2b4e20,0x1544e20,8071000,0x7b2758,
10771,0x7ff62a2b5040,0x1545040,8071022,0x7b276e,
10772,0x7ff62a2b50b0,0x15450b0,8071035,0x7b277b,
10773,0x7ff62a2b51b0,0x15451b0,8071077,0x7b27a5,
10774,0x7ff62a2b53c0,0x15453c0,8071097,0x7b27b9,
10775,0x7ff62a2b5430,0x1545430,8071117,0x7b27cd,
10776,0x7ff62a2b54e0,0x15454e0,8071154,0x7b27f2,
10777,0x7ff62a2b5670,0x1545670,8071173,0x7b2805,
10778,0x7ff62a2b5730,0x1545730,8071176,0x7b2808,
10779,0x7ff62a2b5800,0x1545800,8071178,0x7b280a,
10780,0x7ff62a2b5840,0x1545840,8071219,0x7b2833,
10781,0x7ff62a2b5a60,0x1545a60,8071264,0x7b2860,
10782,0x7ff62a2b5cd0,0x1545cd0,8071402,0x7b28ea,
10783,0x7ff62a2b5fb0,0x1545fb0,8071428,0x7b2904,
10784,0x7ff62a2b61a0,0x15461a0,8071444,0x7b2914,
10785,0x7ff62a2b62a0,0x15462a0,8071449,0x7b2919,
10786,0x7ff62a2b62e0,0x15462e0,8071464,0x7b2928,
10787,0x7ff62a2b63b0,0x15463b0,8071469,0x7b292d,
10788,0x7ff62a2b63c0,0x15463c0,8071524,0x7b2964,
10789,0x7ff62a2b4490,0x1544490,8071536,0x7b2970,
10790,0x7ff62a2b6550,0x1546550,8071583,0x7b299f,
10791,0x7ff62a2b67f0,0x15467f0,8071601,0x7b29b1,
10792,0x7ff62a2b6900,0x1546900,8071614,0x7b29be,
10793,0x7ff62a2b6a20,0x1546a20,8071681,0x7b2a01,
10794,0x7ff62a2b6f70,0x1546f70,8071792,0x7b2a70,
10795,0x7ff62a2b7280,0x1547280,8072352,0x7b2ca0,
10796,0x7ff62a2b85f0,0x15485f0,8072496,0x7b2d30,
10797,0x7ff62a2b8be0,0x1548be0,8072505,0x7b2d39,
10798,0x7ff62a2b8c20,0x1548c20,8072514,0x7b2d42,
10799,0x7ff62a2b8c80,0x1548c80,8072524,0x7b2d4c,
10800,0x7ff62a2b8ce0,0x1548ce0,8072539,0x7b2d5b,
10801,0x7ff62a2b8d90,0x1548d90,8072556,0x7b2d6c,
10802,0x7ff62a2b8e60,0x1548e60,8072604,0x7b2d9c,
10803,0x7ff62a2b9150,0x1549150,8072613,0x7b2da5,
10804,0x7ff62a2b9230,0x1549230,8072642,0x7b2dc2,
10805,0x7ff62a2b9300,0x1549300,8072672,0x7b2de0,
10806,0x7ff62a2b9450,0x1549450,8072795,0x7b2e5b,
10807,0x7ff62a2b9680,0x1549680,8072867,0x7b2ea3,
10808,0x7ff62a2b9900,0x1549900,8072874,0x7b2eaa,
10809,0x7ff62a2b9940,0x1549940,8073179,0x7b2fdb,
10810,0x7ff62a2ba460,0x154a460,8073230,0x7b300e,
10811,0x7ff62a2ba660,0x154a660,8073296,0x7b3050,
10812,0x7ff62a2ba8e0,0x154a8e0,8073488,0x7b3110,
10813,0x7ff62a2bac80,0x154ac80,8073552,0x7b3150,
10814,0x7ff62a2bae00,0x154ae00,8073696,0x7b31e0,
10815,0x7ff62a2bb190,0x154b190,8074032,0x7b3330,
10816,0x7ff62a2bb980,0x154b980,8074192,0x7b33d0,
10817,0x7ff62a2bbca0,0x154bca0,8074352,0x7b3470,
10818,0x7ff62a2bc070,0x154c070,8074448,0x7b34d0,
10819,0x7ff62a2bc230,0x154c230,8074480,0x7b34f0,
10820,0x7ff62a2bc2a0,0x154c2a0,8074496,0x7b3500,
10821,0x7ff62a2bc320,0x154c320,8074528,0x7b3520,
10822,0x7ff62a2bc450,0x154c450,8074560,0x7b3540,
10823,0x7ff62a2bc580,0x154c580,8074592,0x7b3560,
10824,0x7ff62a2bc670,0x154c670,8074624,0x7b3580,
10825,0x7ff62a2bc6f0,0x154c6f0,8074640,0x7b3590,
10826,0x7ff62a2bc770,0x154c770,8075216,0x7b37d0,
10827,0x7ff62a2bd2c0,0x154d2c0,8075504,0x7b38f0,
10828,0x7ff62a2bdaf0,0x154daf0,8075783,0x7b3a07,
10829,0x7ff62a2be380,0x154e380,8075802,0x7b3a1a,
10830,0x7ff62a2be3d0,0x154e3d0,8075813,0x7b3a25,
10831,0x7ff62a2be3d0,0x154e3d0,8075824,0x7b3a30,
10832,0x7ff62a2be3f0,0x154e3f0,8075830,0x7b3a36,
10833,0x7ff62a2be450,0x154e450,8075836,0x7b3a3c,
10834,0x7ff62a2be3f0,0x154e3f0,8075842,0x7b3a42,
10835,0x7ff628dbb570,0x4b570,8075870,0x7b3a5e,
10836,0x7ff62a2be3d0,0x154e3d0,8075897,0x7b3a79,
10837,0x7ff62a2be3d0,0x154e3d0,8075930,0x7b3a9a,
10838,0x7ff628dbb570,0x4b570,8075946,0x7b3aaa,
10839,0x7ff628dbb570,0x4b570,8075966,0x7b3abe,
10840,0x7ff628dbb570,0x4b570,8075982,0x7b3ace,
10841,0x7ff628dbb570,0x4b570,8076014,0x7b3aee,
10842,0x7ff62a2be3d0,0x154e3d0,8076045,0x7b3b0d,
10843,0x7ff62a2be3d0,0x154e3d0,8076082,0x7b3b32,
10844,0x7ff628dbb570,0x4b570,8076102,0x7b3b46,
10845,0x7ff628dbb570,0x4b570,8076126,0x7b3b5e,
10846,0x7ff628dbb570,0x4b570,8076146,0x7b3b72,
10847,0x7ff628dbb570,0x4b570,8076178,0x7b3b92,
10848,0x7ff62a2be3d0,0x154e3d0,8076209,0x7b3bb1,
10849,0x7ff62a2be3d0,0x154e3d0,8076246,0x7b3bd6,
10850,0x7ff628dbb570,0x4b570,8076266,0x7b3bea,
10851,0x7ff628dbb570,0x4b570,8076290,0x7b3c02,
10852,0x7ff628dbb570,0x4b570,8076310,0x7b3c16,
10853,0x7ff628dbb570,0x4b570,8076342,0x7b3c36,
10854,0x7ff62a2be3d0,0x154e3d0,8076373,0x7b3c55,
10855,0x7ff62a2be3d0,0x154e3d0,8076410,0x7b3c7a,
10856,0x7ff628dbb570,0x4b570,8076430,0x7b3c8e,
10857,0x7ff628dbb570,0x4b570,8076454,0x7b3ca6,
10858,0x7ff628dbb570,0x4b570,8076474,0x7b3cba,
10859,0x7ff628dbb570,0x4b570,8076506,0x7b3cda,
10860,0x7ff62a2be3d0,0x154e3d0,8076537,0x7b3cf9,
10861,0x7ff62a2be3d0,0x154e3d0,8076574,0x7b3d1e,
10862,0x7ff628dbb570,0x4b570,8076594,0x7b3d32,
10863,0x7ff628dbb570,0x4b570,8076618,0x7b3d4a,
10864,0x7ff628dbb570,0x4b570,8076638,0x7b3d5e,
10865,0x7ff628dbb570,0x4b570,8076670,0x7b3d7e,
10866,0x7ff62a2be3d0,0x154e3d0,8076701,0x7b3d9d,
10867,0x7ff62a2be3d0,0x154e3d0,8076738,0x7b3dc2,
10868,0x7ff628dbb570,0x4b570,8076758,0x7b3dd6,
10869,0x7ff628dbb570,0x4b570,8076782,0x7b3dee,
10870,0x7ff628dbb570,0x4b570,8076802,0x7b3e02,
10871,0x7ff628dbb570,0x4b570,8076834,0x7b3e22,
10872,0x7ff62a2be3d0,0x154e3d0,8076865,0x7b3e41,
10873,0x7ff62a2be3d0,0x154e3d0,8076902,0x7b3e66,
10874,0x7ff628dbb570,0x4b570,8076922,0x7b3e7a,
10875,0x7ff628dbb570,0x4b570,8076946,0x7b3e92,
10876,0x7ff628dbb570,0x4b570,8076966,0x7b3ea6,
10877,0x7ff62a2be4a0,0x154e4a0,8076985,0x7b3eb9,
10878,0x7ff62a2be4a0,0x154e4a0,8077004,0x7b3ecc,
10879,0x7ff62a2be4c0,0x154e4c0,8077080,0x7b3f18,
10880,0x7ff62a2be6c0,0x154e6c0,8077156,0x7b3f64,
10881,0x7ff62a2be8c0,0x154e8c0,8077208,0x7b3f98,
10882,0x7ff62a2bea20,0x154ea20,8077260,0x7b3fcc,
10883,0x7ff62a2beb80,0x154eb80,8077336,0x7b4018,
10884,0x7ff62a2bed80,0x154ed80,8077412,0x7b4064,
10885,0x7ff62a2be8c0,0x154e8c0,8077464,0x7b4098,
10886,0x7ff62a2bea20,0x154ea20,8077516,0x7b40cc,
10887,0x7ff62a2bef80,0x154ef80,8077537,0x7b40e1,
10888,0x7ff62a2bef80,0x154ef80,8077558,0x7b40f6,
10889,0x7ff62a2befc0,0x154efc0,8078076,0x7b42fc,
10890,0x7ff62a2c00b0,0x15500b0,8078254,0x7b43ae,
10891,0x7ff62a2c00f0,0x15500f0,8078772,0x7b45b4,
10892,0x7ff62a2c00b0,0x15500b0,8078953,0x7b4669,
10893,0x7ff62a2c11d0,0x15511d0,8078959,0x7b466f,
10894,0x7ff62a2c11d0,0x15511d0,8078965,0x7b4675,
10895,0x7ff62a2c11f0,0x15511f0,8078968,0x7b4678,
10896,0x7ff62a2c1250,0x1551250,8078976,0x7b4680,
10897,0x7ff62a2c12c0,0x15512c0,8079040,0x7b46c0,
10898,0x7ff62a2c1400,0x1551400,8079136,0x7b4720,
10899,0x7ff62a2c1570,0x1551570,8079408,0x7b4830,
10900,0x7ff62a2c1de0,0x1551de0,8079440,0x7b4850,
10901,0x7ff62a2c1f00,0x1551f00,8079600,0x7b48f0,
10902,0x7ff62a2c2420,0x1552420,8079712,0x7b4960,
10903,0x7ff62a2c25f0,0x15525f0,8080080,0x7b4ad0,
10904,0x7ff62a2c2d10,0x1552d10,8080576,0x7b4cc0,
10905,0x7ff62a2c3840,0x1553840,8081408,0x7b5000,
10906,0x7ff62a2c4df0,0x1554df0,8082224,0x7b5330,
10907,0x7ff62a2c6220,0x1556220,8082272,0x7b5360,
10908,0x7ff62a2c6320,0x1556320,8082288,0x7b5370,
10909,0x7ff62a2c6480,0x1556480,8082320,0x7b5390,
10910,0x7ff62a2c65f0,0x15565f0,8082368,0x7b53c0,
10911,0x7ff62a2c6830,0x1556830,8082464,0x7b5420,
10912,0x7ff62a2c6dd0,0x1556dd0,8082475,0x7b542b,
10913,0x7ff62a2c6e60,0x1556e60,8082496,0x7b5440,
10914,0x7ff62a2c6e70,0x1556e70,8082507,0x7b544b,
10915,0x7ff62a2c6f00,0x1556f00,8082518,0x7b5456,
10916,0x7ff62a2c6f90,0x1556f90,8082529,0x7b5461,
10917,0x7ff62a2c7020,0x1557020,8082540,0x7b546c,
10918,0x7ff62a2c70b0,0x15570b0,8082551,0x7b5477,
10919,0x7ff62a2c7140,0x1557140,8082562,0x7b5482,
10920,0x7ff62a2c71d0,0x15571d0,8082573,0x7b548d,
10921,0x7ff62a2c7260,0x1557260,8082592,0x7b54a0,
10922,0x7ff62a2c6dd0,0x1556dd0,8082603,0x7b54ab,
10923,0x7ff62a2c7270,0x1557270,8082614,0x7b54b6,
10924,0x7ff62a2c7300,0x1557300,8082625,0x7b54c1,
10925,0x7ff62a2c7390,0x1557390,8082640,0x7b54d0,
10926,0x7ff62a2c70b0,0x15570b0,8082651,0x7b54db,
10927,0x7ff62a2c73a0,0x15573a0,8082672,0x7b54f0,
10928,0x7ff62a2c73b0,0x15573b0,8082681,0x7b54f9,
10929,0x7ff62a2c73e0,0x15573e0,8082691,0x7b5503,
10930,0x7ff62a2c73b0,0x15573b0,8082700,0x7b550c,
10931,0x7ff62a2c73f0,0x15573f0,8082720,0x7b5520,
10932,0x7ff62a2c7400,0x1557400,8082729,0x7b5529,
10933,0x7ff62a2c7430,0x1557430,8082752,0x7b5540,
10934,0x7ff62a2c7440,0x1557440,8082761,0x7b5549,
10935,0x7ff62a2c7470,0x1557470,8082784,0x7b5560,
10936,0x7ff62a2c7400,0x1557400,8082793,0x7b5569,
10937,0x7ff62a2c7480,0x1557480,8082802,0x7b5572,
10938,0x7ff62a2c74b0,0x15574b0,8082816,0x7b5580,
10939,0x7ff62a2c7400,0x1557400,8082825,0x7b5589,
10940,0x7ff62a2c74c0,0x15574c0,8082848,0x7b55a0,
10941,0x7ff62a2c74d0,0x15574d0,8082857,0x7b55a9,
10942,0x7ff62a2c7500,0x1557500,8082880,0x7b55c0,
10943,0x7ff62a2c74d0,0x15574d0,8082889,0x7b55c9,
10944,0x7ff62a2c7510,0x1557510,8082912,0x7b55e0,
10945,0x7ff62a2c7400,0x1557400,8082921,0x7b55e9,
10946,0x7ff62a2c7520,0x1557520,8082944,0x7b5600,
10947,0x7ff62a2c6dd0,0x1556dd0,8082955,0x7b560b,
10948,0x7ff62a2c7530,0x1557530,8082966,0x7b5616,
10949,0x7ff62a2c75c0,0x15575c0,8082976,0x7b5620,
10950,0x7ff62a2c7270,0x1557270,8082987,0x7b562b,
10951,0x7ff62a2c75d0,0x15575d0,8083008,0x7b5640,
10952,0x7ff62a2c75e0,0x15575e0,0,0x0,
