Address (Hex),Address (Dec),Primary Purpose,Categories,Min Value,Max Value,Occurrences,Example Values
0023B6B8,2340536,Syncs Barrett's animation to opening music,Bar,192,192,1,C0
009204E8,9569512,"limit menu - description box X-Axis, Y-Axis, Width, Height","Box, Height, LimitMenu, PositionX, PositionY, Width",0,116,1,00 00 74 00
00920AD0,9571024,"equip menu - description box X-Axis, Y-Axis, Width, Height","Box, EquipMenu, Height, PositionX, PositionY, Width",0,116,1,00 00 74 00
06FF211,7336465,save text X-Axis,"PositionX, SaveLoadMenu, Text",13,13,1,0D
41B4E8,4306152,screen pos - increases pheonix glitch but overall better experience,Uncategorized,0,0,1,00
41B51A,4306202,"FMV/FIELD C0, STOCK 4C, FULL SCREEN E0",Field,224,224,1,E0
41C4C0,4310208,Certain statuses like Resist are intentionally not shown in the battle menu.  To place them back:,"Battle, StatusMenu",144,144,1,90 90 90 90 90 90
5BB847,6010951,"Battle text/graphics like ""Recovery"" position","Battle, Text",21,21,1,15
5BCFD0,6016976,mini avatar support,"Avatar, Battle, Opacity",0,232,11,E8 DE 74 35 00 90 90 90 90; E8 DE 74 35 00 90 90 90 90; E8 DE 74 35 00 90 90 90 90
5BCFD7,6016983,time BA normal  00 no fade in (shrinking black area),Uncategorized,0,0,1,00
630CEB,6491371,field boxes Y-Axis negative offset 91449D to change value,"Box, Field, PositionY",0,232,1,E8 9B 37 2E 00 90 90
630EA9,6491817,field boxes viewable lines offset (refresh dialog),"Box, Field",74,201,1,4A C9 91
630EFC,6491900,field dialog text block scroll amount (refresh dialog),"Field, Text",3,3,1,03
6311FA,6492666,field boxes viewable lines offset (refresh dialog),"Box, Field",74,201,1,4A C9 91
63124D,6492749,field dialog text block scroll amount (refresh dialog),"Field, Text",3,3,1,03
631382,6493058,field cursor X-Axis,"Cursor, Field, PositionX",0,0,1,00 00
63138A,6493066,cursor spacing Y-Axis,"Cursor, PositionY, Spacing",12,192,1,6B C0 0C
63138F,6493071,field cursor Y-Axis,"Cursor, Field, PositionY",5,8,3,08; 05; 08
63191A,6494490,field box padding top/bottom 914488 to change value,"Box, Field",0,232,1,E8 5C 2B 2E 00 90 90
631B34,6495028,field boxes viewable lines offset (refresh dialog),"Box, Field",74,201,1,4A C9 91
631D27,6495527,field dialog text choices X-Axis (refresh dialog),"Field, PositionX, Text",7,8,3,08; 07; 08
632CD7,6499543,field dialog text block scroll amount (refresh dialog),"Field, Text",3,3,1,03
632CEC,6499564,field dialog text block scroll amount (refresh dialog),"Field, Text",3,3,1,03
649A4A,6593098,modified code to only work when no dialog box on screen.,Box,0,232,1,E8 B1 C5 2C 00 90 90 90 90
6C20AF,7086255,Cursor Y-Axis,"Cursor, PositionY",32,32,1,20
6C20B2,7086258,Cursor X-Axis,"Cursor, PositionX",18,18,1,12
6C20E5,7086309,ghost cursor color box Y-Axis,"Box, Color, Cursor, PositionY",32,32,1,20
6C20E8,7086312,ghost cursor color box X-Axis,"Box, Color, Cursor, PositionX",18,18,1,12
6C213E,7086398,ghost cursor sound box Y-Axis,"Box, Cursor, PositionY",32,32,1,20
6C2141,7086401,ghost cursor sound box X-Axis,"Box, Cursor, PositionX",18,18,1,12
6C216F,7086447,sound box width,"Box, Width",60,60,1,3C
6C217F,7086463,sound box Y-Axis,"Box, PositionY",60,60,1,3C
6C218C,7086476,sound box X-Axis,"Box, PositionX",6,6,1,06
6C222D,7086637,sound box top numbers Y-Axis,"Box, PositionY",8,8,1,08
6C2234,7086644,sound box top numbers X-Axis,"Box, PositionX",34,34,1,22
6C22D1,7086801,sound box bottom numbers Y-Axis,"Box, PositionY",46,46,1,2E
6C22D8,7086808,sound box bottom numbers X-Axis,"Box, PositionX",34,34,1,22
6C2326,7086886,sound box bottom icon Y-Axis,"Box, Icon, PositionY",28,28,1,1C
6C235D,7086941,sound box cursor X-Axis,"Box, Cursor, PositionX",230,230,1,E6
6C239D,7087005,window color box Y-Axis,"Box, Color, PositionY",10,10,1,0A
6C23AA,7087018,window color box X-Axis,"Box, Color, PositionX",1,6,1,06 01
6C31FF,7090687,left text block Y-Axis,"PositionY, Text",38,232,1,6B C0 28 83 E8 26
6C3226,7090726,magic order Y-Axis,"MagicMenu, PositionY",38,234,1,6B D2 28 83 EA 26
6C325F,7090783,sound and music volume Y-Axis,PositionY,0,233,1,E9 3B 07 25 00 83 C2 02
6C32AA,7090858,Normal/Customize Y-Axis,PositionY,42,42,1,2A
6C32B1,7090865,Customize X-Axis,PositionX,11,11,1,0B
6C32F8,7090936,Initial/Memory Y-Axis,PositionY,82,82,1,52
6C32FF,7090943,Memory X-Axis,PositionX,11,11,1,0B
6C3346,7091014,Auto/Fixed Y-Axis,PositionY,26,26,1,1A
6C3350,7091024,Fixed X-Axis,PositionX,11,11,1,0B
6C33B5,7091125,Active/Recommended Y-Axis,PositionY,122,122,1,7A
6C33F9,7091193,Wait Y-Axis,PositionY,122,122,1,7A
6C33FC,7091196,Wait X-Axis,PositionX,1,248,1,F8 01
6C3454,7091284,restore/indirect/attack Y-Axis,PositionY,66,66,1,42
6C345E,7091294,restore/indirect/attack spacing X-Axis,"PositionX, Spacing",72,72,1,48
6C3461,7091297,restore/indirect/attack X-Axis,PositionX,96,96,1,60
6C3481,7091329,No. Y-Axis,PositionY,66,66,1,42
6C34B3,7091379,No. digit Y-Axis,PositionY,71,71,1,47
6C34B9,7091385,No. digit X-Axis,PositionX,37,37,1,25
6C34CD,7091405,Battle speed widget X-Axis,"Battle, PositionX",0,232,1,E8 E2 04 25 00 90
6C3508,7091464,Battle message widget X-Axis,"Battle, PositionX",0,232,1,E8 A7 04 25 00 90
6C3543,7091523,Field message widget X-Axis,"Field, PositionX",0,232,1,E8 6C 04 25 00 90
6C35AC,7091628,all Fast Y-Axis,PositionY,1,2,1,01 02
6C35B0,7091632,all Fast X-Axis,PositionX,1,8,1,08 01
6C35D6,7091670,all Slow Y-Axis,PositionY,1,2,1,01 02
6C35DA,7091674,all Slow X-Axis,PositionX,1,235,1,EB 01
6C35EA,7091690,all speed bars X-Axis,"Bar, PositionX",1,54,1,36 01
6C3602,7091714,all speed bars width,"Bar, Width",0,171,1,AB 00
6C3B60,7093088,color box cursor spacing X-Axis,"Box, Color, Cursor, PositionX, Spacing",92,92,1,5C
6C3B6D,7093101,color box cursor X-Axis,"Box, Color, Cursor, PositionX",228,228,1,E4
6C3BAE,7093166,color box ghost cursor spacing X-Axis,"Box, Color, Cursor, PositionX, Spacing",92,92,1,5C
6C3BBA,7093178,color box ghost cursor X-Axis,"Box, Color, Cursor, PositionX",10,228,1,0A E4
6C3BD3,7093203,RGB box RGB letters and numbers X-Axis,"Box, PositionX",17,17,1,11
6C3C3C,7093308,RGB box 'B' Y-Axis,"Box, PositionY",52,52,1,34
6C3CBD,7093437,RGB box top numbers X-Axis,"Box, PositionX",24,24,1,18
6C3CE1,7093473,RGB box top widget X-Axis,"Box, PositionX",88,88,1,58
6C3D56,7093590,RGB box middle numbers X-Axis,"Box, PositionX",24,24,1,18
6C3D79,7093625,RGB box middle widget X-Axis,"Box, PositionX",88,88,1,58
6C3DEC,7093740,RGB box bottom numbers X-Axis,"Box, PositionX",24,24,1,18
6C3E0E,7093774,RGB box bottom widget X-Axis,"Box, PositionX",88,88,1,58
6C3E4F,7093839,RGB box all bars X-Axis,"Bar, Box, PositionX",88,88,1,58
6C3EA1,7093921,RGB box cursor Y-Axis,"Box, Cursor, PositionY",74,74,1,4A
6C3EA4,7093924,RGB box cursor X-Axis,"Box, Cursor, PositionX",231,231,1,E7
6C3EB3,7093939,RGB box width,"Box, Width",106,106,1,6A
6C3ECF,7093967,RGB box X-Axis,"Box, PositionX",6,6,1,06
6C3EF4,7094004,selected color box bg width,"Box, Color, Width",42,42,1,2A
6C3F52,7094098,selected color box Y-Axis,"Box, Color, PositionY",10,10,1,0A
6C5A65,7101029,LVHPMP hp bar X-Axis,"Bar, PositionX",32,32,1,20
6C5A78,7101048,LVHPMP hp bar length,Bar,95,95,1,5F
6C5ADE,7101150,LVHPMP mp bar X-Axis,"Bar, PositionX",32,32,1,20
6C5AF1,7101169,LVHPMP mp bar length,Bar,95,95,1,5F
6C5D78,7101816,LVHPMP MAXHP X-Axis,PositionX,83,83,1,53
6C5E1A,7101978,LVHPMP MAXMP X-Axis,PositionX,83,83,1,53
6C5E2D,7101997,LVHPMP mp divider color palette,Color,7,7,1,07
6C5E31,7102001,LVHPMP mp divider height,Height,8,8,1,08
6C5E45,7102021,LVHPMP mp divider X-Axis,PositionX,75,75,1,4B
6C5E58,7102040,LVHPMP hp divider color palette,Color,7,7,1,07
6C5E5C,7102044,LVHPMP hp divider height,Height,8,8,1,08
6C5E70,7102064,LVHPMP hp divider X-Axis,PositionX,75,75,1,4B
6C62C2,7103170,main menu (OR ALL UI?) - HP bar X-Axis,"Bar, MainMenu, PositionX",32,32,1,20
6C62D5,7103189,main menu (OR ALL UI?) - HP bar length,"Bar, MainMenu",95,95,1,5F
6C633B,7103291,main menu (OR ALL UI?) - MP bar X-Axis,"Bar, MainMenu, PositionX",32,32,1,20
6C634E,7103310,main menu (OR ALL UI?) - MP bar length,"Bar, MainMenu",95,95,1,5F
6C6553,7103827,main menu (OR ALL UI?) - MAXHP Value X-Axis,"MainMenu, PositionX",83,83,1,53
6C65F2,7103986,main menu (OR ALL UI?) - MAXMP Value X-Axis,"MainMenu, PositionX",83,83,1,53
6C6605,7104005,main menu (OR ALL UI?) - MP divider color palette,"Color, MainMenu",7,7,1,07
6C6609,7104009,main menu (OR ALL UI?) - MP divider height,"Height, MainMenu",8,8,1,08
6C661D,7104029,main menu (OR ALL UI?) - MP divider X-Axis,"MainMenu, PositionX",75,75,1,4B
6C6630,7104048,main menu (OR ALL UI?) - HP divider color pallete,"Color, MainMenu",7,7,1,07
6C6634,7104052,main menu (OR ALL UI?) - HP divider height,"Height, MainMenu",8,8,1,08
6C6648,7104072,main menu (OR ALL UI?) - HP divider X-Axis,"MainMenu, PositionX",75,75,1,4B
6C6E73,7106163,gil 'g' X-Axis,PositionX,78,78,1,4E
6C6E91,7106193,gil value X-Axis,PositionX,1,223,1,DF 01
6C6EB6,7106230,gained gil 'g' X-Axis,PositionX,24,24,1,18
6C6ED5,7106261,gained gil value X-Axis,PositionX,0,202,1,CA 00
6C6EFB,7106299,left box cursor X-Axis,"Box, Cursor, PositionX",7,7,1,07
6C6F17,7106327,left box unknown cursor X-Axis,"Box, Cursor, PositionX",7,7,1,07
6C6F29,7106345,left box selection cursor X-Axis,"Box, Cursor, PositionX",22,22,1,16
6C6F3F,7106367,left box selection cursor spacing Y-Axis,"Box, Cursor, PositionY, Spacing",22,22,1,16
6C6FCC,7106508,post battle - left box item screen value spacing Y-Axis,"Battle, Box, ItemMenu, PositionY, Spacing",22,22,1,16
6C6FCF,7106511,left box item screen value Y-Axis,"Box, ItemMenu, PositionY",189,189,1,BD
6C6FD5,7106517,left box item screen value X-Axis,"Box, ItemMenu, PositionX",0,1,1,00 01
6C7013,7106579,post battle - right box item screen value spacing Y-Axis,"Battle, Box, ItemMenu, PositionY, Spacing",22,22,1,16
6C7015,7106581,right box item screen value Y-Axis,"Box, ItemMenu, PositionY",189,189,1,BD
6C701B,7106587,right box item screen value X-Axis,"Box, ItemMenu, PositionX",2,55,1,37 02
6C7045,7106629,gained gil no items X-Axis,"ItemMenu, PositionX",53,53,1,35
6C7097,7106711,gained gil/items Y-Axis,"ItemMenu, PositionY",23,23,1,17
6C7099,7106713,gained gil/items X-Axis,"ItemMenu, PositionX",53,53,1,35
6C70B9,7106745,item screen take evrything WORD Y-Axis,"ItemMenu, PositionY",150,150,1,96
6C70BE,7106750,item screen take evrything WORD X-Axis,"ItemMenu, PositionX",53,53,1,35
6C70DE,7106782,right box item screen item WORD Y-Axis,"Box, ItemMenu, PositionY",150,150,1,96
6C70E3,7106787,right box item screen item WORD X-Axis,"Box, ItemMenu, PositionX",1,122,1,7A 01
6C710B,7106827,item screen exit WORD X-Axis,"ItemMenu, PositionX",53,53,1,35
6C718D,7106957,post battle - left box item name spacing Y-Axis,"Battle, Box, ItemMenu, PositionY, Spacing",22,22,1,16
6C718F,7106959,left box item name Y-Axis,"Box, ItemMenu, PositionY",184,184,1,B8
6C7195,7106965,left box item name X-Axis,"Box, ItemMenu, PositionX",69,69,1,45
6C71DB,7107035,post battle - right box item screen name spacing Y-Axis,"Battle, Box, ItemMenu, PositionY, Spacing",22,22,1,16
6C71DE,7107038,right box item screen name Y-Axis,"Box, ItemMenu, PositionY",184,184,1,B8
6C71E4,7107044,right box item screen name X-Axis,"Box, ItemMenu, PositionX",1,138,1,8A 01
6C720E,7107086,gained gil items found Y-Axis,"ItemMenu, PositionY",23,23,1,17
6C7210,7107088,gained gil items found X-Axis,"ItemMenu, PositionX",53,53,1,35
6C7230,7107120,left box no items Y-Axis,"Box, ItemMenu, PositionY",150,150,1,96
6C7235,7107125,left box no items X-Axis,"Box, ItemMenu, PositionX",53,53,1,35
6C7C94,7109780,top left box 'p' Y-Axis,"Box, PositionY",18,18,1,12
6C7C9B,7109787,top left box 'p' X-Axis,"Box, PositionX",1,23,1,17 01
6C7CBD,7109821,top box exp value Y-Axis,"Box, PositionY",18,18,1,12
6C7CC4,7109828,top box exp value X-Axis,"Box, PositionX",0,181,1,B5 00
6C7CEC,7109868,top right box 'p' Y-Axis,"Box, PositionY",18,18,1,12
6C7CF2,7109874,top right box 'p' X-Axis,"Box, PositionX",1,23,1,17 01
6C7D14,7109908,top box ap value Y-Axis,"Box, PositionY",18,18,1,12
6C7D1A,7109914,top box ap value X-Axis,"Box, PositionX",0,181,1,B5 00
6C7D42,7109954,gained exp/ap Y-Axis,PositionY,23,23,1,17
6C7D49,7109961,gained exp/ap X-Axis,PositionX,56,56,1,38
6C82A9,7111337,bottom boxes EXP WORD Y-Axis,"Box, PositionY",24,24,1,18
6C82AC,7111340,bottom boxes  EXP WORD X-Axis,"Box, PositionX",1,34,1,22 01
6C82D9,7111385,Level WORD X-Axis,PositionX,142,142,1,8E
6C8303,7111427,next level WORD Y-Axis,PositionY,73,73,1,49
6C8306,7111430,next level WORD X-Axis,PositionX,0,244,1,F4 00
6C834E,7111502,exp bar height,"Bar, Height",10,10,1,0A
6C8358,7111512,exp bar width,"Bar, Width",0,234,1,E8 7C B5 24 00 C1 EA 05
6C8367,7111527,exp bar Y-Axis,"Bar, PositionY",81,81,1,51
6C836A,7111530,exp bar X-Axis,"Bar, Battle, PositionX",1,210,2,D2 01; D2 05
6C8392,7111570,exp box Y-Axis,"Box, PositionY",79,79,1,4F
6C8395,7111573,exp box X-Axis,"Battle, Box, PositionX",1,206,2,CE 01; CE 05
6C83C0,7111616,bottom boxes top 'p' Y-Axis,"Box, PositionY",29,29,1,1D
6C83C3,7111619,bottom boxes top 'p' X-Axis,"Box, PositionX",1,184,1,B8 01
6C83EE,7111662,bottom boxes bottom 'p' Y-Axis,"Box, PositionY",78,78,1,4E
6C83F1,7111665,bottom boxes bottom 'p' X-Axis,"Box, PositionX",1,184,1,B8 01
6C841C,7111708,bottom boxes exp value Y-Axis,"Box, PositionY",29,29,1,1D
6C841F,7111711,bottom boxes exp value X-Axis,"Box, PositionX",1,75,1,4B 01
6C844A,7111754,bottom boxes next level value Y-Axis,"Box, PositionY",78,78,1,4E
6C844D,7111757,bottom boxes next level value X-Axis,"Box, PositionX",1,75,1,4B 01
6C847A,7111802,bottom boxes level value Y-Axis,"Box, PositionY",78,78,1,4E
6C847D,7111805,bottom boxes level value X-Axis,"Box, PositionX",196,196,1,C4
6C8499,7111833,avatars Y-Axis,"Avatar, PositionY",12,12,1,0C
6C8605,7112197,level up text Y-Axis 0B,"PositionY, Text",10,10,1,0A
6C860C,7112204,level up text X-Axis 0D,"PositionX, Text",20,20,1,14
6C87DB,7112667,gained text,Text,0,185,1,B9 60 01 00 00 90
6C98AF,7116975,Box Y-axis,"Box, PositionY",0,0,1,00
6C9A8A,7117450,Box height,"Box, Height",66,66,1,42
6C9B3B,7117627,Text spacing,"Spacing, Text",26,26,1,1A
6C9B42,7117634,Text Y-axis,"PositionY, Text",13,13,1,0D
6C9B45,7117637,Text X-axis,"Box, MainMenu, PositionX, Text",1,252,2,FC 01; 15 02
6C9C7F,7117951,Box width,"Box, MainMenu, Width",117,138,3,75; 8A; 88
6C9C88,7117960,Box X-axis,"Box, MainMenu, PositionX",1,246,2,DD 01; F6
6CA1F6,7119350,"extend time to 999hr on counters, but main menu needs another hext to get it to display",MainMenu,54,238,1,7F EE 36
6CA88D,7121037,Cursor spacing Y-Axis,"Cursor, PositionY, Spacing",26,26,1,1A
6CA890,7121040,Cursor Y-axis,"Cursor, PositionY",17,17,1,11
6CA893,7121043,Cursor X-axis,"Cursor, MainMenu, PositionX",1,235,5,D2 01; EB 01; CA 01
6CA8C5,7121093,order ghost cursor Y-Axis - alternative value 53,"Cursor, PositionY",89,89,1,59
6CA8C8,7121096,order ghost cursor X-Axis,"Cursor, PositionX",0,0,1,00
6CA8E8,7121128,Cursor select spacing,"Cursor, Spacing",26,26,1,1A
6CA8EB,7121131,ghost cursor Y-axis,"Cursor, PositionY",17,17,1,11
6CA8EE,7121134,ghost cursor X-axis,"Cursor, PositionX",1,210,4,D2 01; CA 01; CA 01
6CA932,7121202,area box X-Axis,"Box, PositionX",71,137,4,89; 47; 47
6CA954,7121236,area box Y-Axis,"Box, PositionY",176,176,1,B0
6CA96C,7121260,area box text Y-Axis,"Box, PositionY, Text",9,9,1,09
6CA973,7121267,area box text X-Axis,"Box, PositionX, Text",12,12,1,0C
6CA97E,7121278,area box height,"Box, Height",42,42,1,2A
6CA980,7121280,area box width,"Box, Width",0,247,4,F7 00; 39 01; 39 01
6CA9BF,7121343,time/gil box X-Axis,"Box, PositionX",3,25,1,19 03
6CA9CB,7121355,time/gil box Y-Axis,"Box, PositionY",1,107,1,6B 01
6CA9D7,7121367,Time hour X-Axis digit capacity,PositionX,3,3,1,03
6CA9EC,7121388,Time hour Y-Axis,PositionY,14,14,1,0E
6CA9F3,7121395,Time hour X-Axis,PositionX,49,95,4,31; 45; 5F
6CAA02,7121410,"disable flashing on first colon, only on seconds, address to change colon color is 6CAA11",Color,7,224,1,90 90 90 90 90 90 90 90 90 1B C0 83 E0 07 6A 07
6CAA1C,7121436,Time hours colon Y-Axis,PositionY,16,16,1,10
6CAA23,7121443,Time minutes colon X-Axis,PositionX,80,116,4,50; 5A; 74
6CAA4A,7121482,Time minutes Y-Axis,PositionY,14,14,1,0E
6CAA51,7121489,Time minutes X-Axis,PositionX,89,127,4,59; 64; 7F
6CAA6C,7121516,Time minutes colon Y-Axis,PositionY,16,16,1,10
6CAA73,7121523,Time hour colon X-Axis,PositionX,110,121,4,6E; 79; 74
6CAA9B,7121563,Time seconds Y-Axis,PositionY,14,14,1,0E
6CAAA2,7121570,Time seconds X-Axis,PositionX,119,131,4,77; 83; 83
6CAAC0,7121600,Time word Y-Axis,"PositionY, Uncategorized",9,42,2,09; 2A
6CAAC7,7121607,Time word X-axis,PositionX,2,12,4,02; 09; 0C
6CAAE6,7121638,Gil amount Y-Axis,PositionY,39,42,3,27; 2A; 2A
6CAAED,7121645,Gil amount X-axis,PositionX,31,35,4,1F; 23; 1F
6CAB08,7121672,Gil word Y-Axis,PositionY,34,38,3,22; 26; 26
6CAB0F,7121679,Gil word X-axis,PositionX,2,13,4,02; 09; 0D
6CAB1A,7121690,Time/Gil box height,"Box, Height",66,66,1,42
6CAB1C,7121692,Time/Gil box width,"Box, Width",164,164,4,A4; A4; A4
6CAB27,7121703,Time/Gil box X-axis,"Box, PositionX",0,233,4,83 E9 0A; 83 E9 00; 83 E9 00
6CAC16,7121942,avatar Y,Avatar,2,192,11,83 C0 02; 83 C0 04; 83 C0 02
6CAC20,7121952,avatar X,Avatar,10,141,11,8D 44 0A 15; 8D 44 0A 15; 8D 44 0A 15
6CAC39,7121977,Next Level width main,Width,0,255,1,31 C9 8A 8D 88 FB FF FF 66 69 C9 84 00 31 D2 8A 91 AD FD DB 00 66 6B D2 3D C1 EA 05 52
6CAC5B,7122011,exp bar Y-Axis,"Bar, PositionY",49,50,4,32; 31; 31
6CAC62,7122018,Bar color X-axis,"Bar, Color, MainMenu, PositionX",5,75,5,4B; 4B 05; 49
6CAD4C,7122252,limit bar Y-Axis,"Bar, LimitMenu, PositionY",89,91,4,5B; 59; 59
6CAD53,7122259,Bar color flash X-axis,"Bar, Color, PositionX",75,75,4,4B; 4B; 4B
6CAD7B,7122299,exp box Y-Axis,"Box, PositionY",49,50,4,32; 31; 31
6CAD81,7122305,Bar border X-axis,"Bar, Box, MainMenu, PositionX",5,71,5,47; 47 05; 47
6CADA9,7122345,limit box Y-Axis,"Box, LimitMenu, PositionY",89,91,4,5B; 59; 59
6CADCE,7122382,next level text Y-Axis,"PositionY, Text",28,29,4,1D; 1C; 1C
6CADD5,7122389,next level text X-Axis,"MainMenu, PositionX, Text",5,87,2,48; 57 05
6CADF3,7122419,limit level text Y-Axis,"LimitMenu, PositionY, Text",68,70,4,46; 44; 44
6CADF9,7122425,limit level text X-Axis,"LimitMenu, PositionX, Text",72,72,1,48
6CAE35,7122485,limit level value Y-Axis,"LimitMenu, PositionY",72,75,4,4B; 48; 48
6CAE3B,7122491,limit level value X-Axis,"LimitMenu, PositionX",183,183,3,B7; B7; B7
6CC474,7128180,fastest text speed default,Text,0,0,1,00
6CDF19,7135001,control text pallete color,"Color, Text",6,6,1,06
6CDF2F,7135023,control text spacing Y-Axis,"PositionY, Spacing, Text",22,22,1,16
6CE015,7135253,controller select bg box X-Axis,"Box, PositionX",1,1,1,01
6CE01F,7135263,controller select bg box spacing Y-Axis,"Box, PositionY, Spacing",22,22,1,16
6CE022,7135266,controller select bg box Y-Axis,"Box, PositionY",126,126,1,7E
6CE02C,7135276,controller select bg box width,"Box, Width",4,4,1,04
6CE035,7135285,controller select bg box height,"Box, Height",20,20,1,14
6CE058,7135320,button/keys spacing Y-Axis,"PositionY, Spacing",22,22,1,16
6CE090,7135376,button/keys cursor spacing Y-Axis,"Cursor, PositionY, Spacing",22,22,1,16
6CE093,7135379,button/keys cursor Y-Axis,"Cursor, PositionY",128,128,1,80
6CF756,7141206,hide command box depending on sub-menu,"Box, ItemMenu, MagicMenu, StatusMenu, Text",0,232,15,E8 CE 4D 24 00 90; E8 CE 4D 24 00 90; E8 CE 4D 24 00 90
6CF79C,7141276,command box cursor spacing X-Axis,"Box, Cursor, PositionX, Spacing",72,72,6,48; 48; 48
6CF7BC,7141308,command box cursor X-Axis,"Box, Cursor, PositionX",1,236,4,01 E6; 01 EC; 01 EC
6CF7BD,7141309,command box cursor X-Axis,"Box, Cursor, PositionX",236,236,1,EC
6CF7E8,7141352,command box cursor spacing Y-Axis,"Box, Cursor, PositionY, Spacing",22,22,1,16
6CF7EC,7141356,command box cursor Y-Axis,"Box, Cursor, PositionY",11,12,2,0C; 0B
6CF823,7141411,limit box cursor X-Axis,"Box, Cursor, LimitMenu, PositionX",26,26,1,1A
6CF84E,7141454,limit box cursor spacing Y-Axis,"Box, Cursor, LimitMenu, PositionY, Spacing",24,24,1,18
6CF852,7141458,limit box cursor Y-Axis,"Box, Cursor, LimitMenu, PositionY",25,26,2,19; 1A
6CF877,7141495,defend/change cursor X-Axis,"Cursor, PositionX",17,26,7,1A; 1A; 1A
6CF898,7141528,defend/change cursor Y-Axis,"Cursor, PositionY",9,15,2,09; 0F
6CF8BD,7141565,item sub menu cursor X-Axis,"Cursor, ItemMenu, PositionX",0,255,10,F8 FF; 37; 0C
6CF8D3,7141587,item sub menu cursor spacing Y-Axis,"Cursor, ItemMenu, PositionY, Spacing",24,192,1,6B C0 18
6CF8D7,7141591,item sub menu cursor Y-Axis,"Cursor, ItemMenu, PositionY",1,126,2,7E 01; 65 01
6CF90E,7141646,magic sub menu cursor spacing X-Axis,"Cursor, MagicMenu, PositionX, Spacing",96,100,4,60; 60; 64
6CF914,7141652,magic sub menu cursor X-Axis,"Cursor, MagicMenu, PositionX",2,246,11,CB; F6; 06
6CF92F,7141679,magic sub menu cursor spacing Y-Axis,"Cursor, MagicMenu, PositionY, Spacing",24,210,1,6B D2 18
6CF934,7141684,magic sub menu cursor Y-Axis,"Cursor, MagicMenu, PositionY",1,126,2,7E 01; 65 01
6CF95C,7141724,summon sub menu cursor X-Axis,"Cursor, PositionX",2,255,11,FA FF; 36; 0B
6CF972,7141746,summon sub menu cursor spacing Y-Axis,"Cursor, PositionY, Spacing",24,210,1,6B D2 18
6CF977,7141751,summon sub menu cursor Y-Axis,"Cursor, PositionY",1,126,2,7E 01; 65 01
6CF9AC,7141804,"eskill sub menu cursor X-Axis, 3rd value for spacing, 9th for X-Axis offset","Cursor, PositionX, Spacing",0,246,6,69 D2 9C 00 00 00 83 EA 06 90; 69 D2 9C 00 00 00 83 EA CB 90; 69 D2 9C 00 00 00 83 EA F6 90
6CF9B4,7141812,eskill menu cursor X-Axis,"Cursor, PositionX",9,117,5,09; 4A; 75
6CF9D0,7141840,eskill sub menu cursor spacing Y-Axis,"Cursor, PositionY, Spacing",24,201,1,6B C9 18
6CF9D5,7141845,eskill sub menu cursor Y-Axis,"Cursor, PositionY",1,126,2,7E 01; 65 01
6CFA05,7141893,coin cursor X-Axis,"Cursor, PositionX",30,30,1,1E
6CFA34,7141940,coin cursor Y-Axis,"Cursor, PositionY",37,37,1,25
6CFA61,7141985,manip cursor X-Axis,"Cursor, PositionX",25,25,1,19
6CFA7A,7142010,manip cursor spacing Y-Axis,"Cursor, PositionY, Spacing",24,192,1,6B C0 18
6CFABE,7142078,battle square cursor spacing X-Axis,"Battle, Cursor, PositionX, Spacing",116,116,1,74
6CFAC5,7142085,battle square cursor X-Axis,"Battle, Cursor, PositionX",5,5,1,05
6CFADC,7142108,battle square cursor Y-Axis,"Battle, Cursor, PositionY",60,60,1,3C
6D0B2D,7146285,defend change boxes,"Box, PositionX",144,144,8,90 90 90 90; 90 90 90 90; 90 90 90 90
6D0B45,7146309,prevent defend/change box Y-Axis revert,"Box, PositionY",144,144,3,90 90 90 90 90; 90 90 90 90 90; 90 90 90 90 90
6D21A2,7152034,battle autosize and position help/attack,"Battle, Box, PositionY, Text",23,255,4,31 DB 66 8B 85 A8 FE FF FF 66 BA 58 FF 80 F9 17; 31 DB 66 8B 85 A8 FE FF FF 66 BA 58 FF 80 F9 17; 31 DB 66 8B 85 A8 FE FF FF 66 BA 30 FF 80 F9 17
6D7527,7173415,magic column count descriptions,MagicMenu,1,1,3,01; 01; 01
6D7581,7173505,magic column count cursor first column,"Cursor, MagicMenu",1,1,3,01; 01; 01
6D7A63,7174755,change Y-Axis,PositionY,6,12,2,06; 0C
6D7A8F,7174799,change X-Axis,PositionX,16,25,7,10; 10; 10
6D7AE1,7174881,defend Y-Axis,PositionY,6,12,2,06; 0C
6D7B0F,7174927,defend X-Axis,PositionX,16,26,7,10; 10; 10
6D7E4B,7175755,item box hidden area boxes and headers,"Box, ItemMenu",144,144,9,90 90; 90 90; 90 90
6D7E58,7175768,magic box hidden area boxes and headers,"Box, MagicMenu",144,144,9,90 90; 90 90; 90 90
6D7E64,7175780,summon box hidden area boxes and headers,Box,144,144,9,90 90; 90 90; 90 90
6D7E71,7175793,eskill (and summon?) box hidden area boxes and headers,Box,9,235,9,EB 09; EB 09; EB 09
6D7E76,7175798,remove part of main boxes visible on transparency,"Box, Opacity",0,0,1,00
6D84F2,7177458,pause text Y-Axis,"PositionY, Text",167,197,2,A7; C5
6D8507,7177479,pause text X-Axis,"PositionX, Text",255,255,1,FF
6D8512,7177490,Pause box height,"Box, Height",44,44,1,2C
6D8518,7177496,pause box width,"Box, Width",24,24,1,18
6D851B,7177499,pause box Y-Axis,"Box, PositionY",158,188,2,9E; BC
6D8530,7177520,pause box X-Axis,"Box, PositionX",13,14,2,0D; 0E
6D9885,7182469,item sub menu cursor row count Y-Axis (sub menu refresh),"Cursor, ItemMenu, PositionY",4,4,1,04
6D9B24,7183140,magic box column count cursor,"Box, Cursor, MagicMenu",1,1,3,01; 01; 01
6D9B2E,7183150,magic sub menu cursor row count Y-Axis (sub menu refresh),"Cursor, MagicMenu, PositionY",4,4,1,04
6D9B42,7183170,magic max row count,MagicMenu,54,54,3,36; 36; 36
6D9C3F,7183423,"magic column count, controls spell cast",MagicMenu,1,1,3,01; 01; 01
6D9C4F,7183439,magic column count selectable,MagicMenu,1,1,3,01; 01; 01
6DA008,7184392,summon sub menu cursor row count Y-Axis (sub menu refresh),"Cursor, PositionY",4,4,1,04
6DA2BA,7185082,enemy skill column count cursor,Cursor,1,1,3,01; 01; 01
6DA2D2,7185106,eskill sub menu cursor row count Y-Axis (sub menu refresh),"Cursor, PositionY",4,4,1,04
6DAED2,7188178,box viewing area all boxes offset Y-Axis,"Box, PositionY",2,193,5,83 C1 02; 83 C1 04; 83 C1 06
6DC987,7195015,hp bars X-Axis,"Bar, PositionX",1,243,17,84 01; BF 01; EA 01
6DC98D,7195021,hp bars spacing Y-Axis - C0 middle then 6B first then 3rd value,"Bar, PositionY, Spacing",24,192,1,6B C0 18
6DC991,7195025,hp bars Y-Axis,"Bar, PositionY",1,166,8,9D 01; A6; A6
6DC99D,7195037,hp bars length,"Bar, PositionX",0,181,10,2B 00; 2B 00; 2B 00
6DC9A3,7195043,hp bars height,"Bar, Height",0,1,1,01 00
6DCA0B,7195147,mp bars X-Axis,"Bar, PositionX",1,252,17,B8 01; F3 01; 1E 02
6DCA11,7195153,"mp bars spacing Y-Axis - set middle to D2, then first to 6B, then third as value","Bar, PositionY, Spacing",24,210,1,6B D2 18
6DCA16,7195158,mp bars Y-Axis,"Bar, PositionY",1,166,8,9D 01; A6; A6
6DCA22,7195170,mp bars length X-Axis,"Bar, PositionX",0,76,4,2B 00; 2A 00; 2A 00
6DCA28,7195176,mp bars height,"Bar, Height",0,1,1,01 00
6DD06F,7196783,wait header Y-Axis,PositionY,1,254,8,83 01; 88 01; 88 01
6DD074,7196788,wait header X-Axis,PositionX,2,163,13,33 02; 6E 02; 99 02
6DD08C,7196812,time header pallete,Uncategorized,7,7,6,07; 07; 07
6DD096,7196822,time header Y-Axis,PositionY,1,254,8,83 01; 88 01; 88 01
6DD09B,7196827,time header X-Axis,PositionX,2,163,13,33 02; 6E 02; 99 02
6DD0BE,7196862,name header Y-Axis,PositionY,1,131,2,83 01; 53 01
6DD0C3,7196867,name header X-Axis,PositionX,20,244,7,D8; AD; D8
6DD0E0,7196896,hp header Y-Axis,PositionY,1,254,8,83 01; 88 01; 88 01
6DD0E5,7196901,hp header X-Axis,"PositionX, Uncategorized",1,243,14,84 01; BF 01; EA 01
6DD105,7196933,mp header Y-Axis,PositionY,1,254,8,83 01; 88 01; 88 01
6DD10A,7196938,mp header X-Axis,"PositionX, Uncategorized",1,251,14,B7 01; F2 01; 1D 02
6DD12A,7196970,limit header Y-Axis,"LimitMenu, PositionY",1,254,8,83 01; 88 01; 88 01
6DD12F,7196975,limit header X-Axis,"LimitMenu, PositionX",2,195,13,53 02; 8E 02; B9 02
6DD14F,7197007,barrier header Y-Axis,"Bar, PositionY",1,255,9,83 01; 8B 01; 88 01
6DD154,7197012,barrier header X-Axis,"Bar, PositionX",0,227,13,E3 01; 1E 02; 49 02
6DD170,7197040,item box hidden area box contents,"Box, ItemMenu",144,144,9,90 90; 90 90; 90 90
6DD182,7197058,magic box hidden area box contents,"Box, MagicMenu",144,144,9,90 90; 90 90; 90 90
6DD194,7197076,eskill box hidden area box contents,Box,144,144,9,90 90; 90 90; 90 90
6DD1A6,7197094,summon box hidden area box contents,Box,144,144,9,90 90; 90 90; 90 90
6DD24C,7197260,status refresh toggle on hide button,StatusMenu,144,144,10,90 90; 90 90; 90 90
6DD31E,7197470,7777 name X-Axis,PositionX,1,244,22,49 01; 91 01; 2C 01
6DD3B6,7197622,7777 name spacing Y-Axis - C0 middle then 6B first then 3rd value,"PositionY, Spacing",24,192,1,6B C0 18
6DD3BA,7197626,7777 name Y-Axis,PositionY,1,146,15,89 01; 89 01; 89 01
6DD41A,7197722,"slow down name flash, affects all battle avatars as well, use multiples of 2","Avatar, Battle",2,2,1,02
6DD423,7197731,use extra pallete for battle avatars,"Avatar, Battle",8,8,1,08
6DD448,7197768,selected name spacing Y-Axis - C9 middle then 6B first then 3rd value,"PositionY, Spacing",24,201,1,6B C9 18
6DD44D,7197773,selected name Y-Axis,PositionY,1,146,15,89; 89; 89
6DD452,7197778,selected character X-Axis change to 2byte,"Avatar, PositionX",0,233,13,90 90 E9 D3 64 23 00; 90 90 E9 D3 64 23 00; 90 90 E9 D3 64 23 00
6DD453,7197779,selected name X-Axis,PositionX,20,244,6,D8; AD; D8
6DD496,7197846,allies name spacing Y-Axis C0 middle then 6B first then 3rd value,"PositionY, Spacing",24,192,1,6B C0 18
6DD49A,7197850,allies name Y-Axis,PositionY,1,146,15,89; 89; 89
6DD49F,7197855,allied characters X-Axis change to 2byte,"Avatar, PositionX",0,233,13,90 90 E9 77 64 23 00; 90 90 E9 77 64 23 00; 90 90 E9 77 64 23 00
6DD4A0,7197856,allies name X-Axis,PositionX,20,244,6,D8; AD; D8
6DD50C,7197964,time bar allies selected height,"Bar, Height",3,7,7,07; 07; 07
6DD534,7198004,"time bar selected spacing Y-Axis - set middle to D2, then first to 6B, then third as value","Bar, PositionY, Spacing",24,210,1,6B D2 18
6DD539,7198009,time bar selected Y-Axis,"Bar, PositionY",1,150,11,8F 01; 8F 01; 8F 01
6DD53F,7198015,time bar selected X-Axis,"Bar, PositionX",2,165,16,35 02; 70 02; 9B 02
6DD553,7198035,"time bar color allies, charged 55 33 00 FF, blue, green, red tint, XX","Bar, Color",0,137,3,10 89 89 80; 10 89 89 80; 00 50 6E 80
6DD558,7198040,time bar allies charged height,"Bar, Height",3,7,7,07; 07; 07
6DD580,7198080,time bar allies charged spacing Y-Axis - C0 middle then 6B first then 3rd value,"Bar, PositionY, Spacing",24,192,1,6B C0 18
6DD584,7198084,time bar allies charged Y-Axis,"Bar, PositionY",1,150,11,8F 01; 8F 01; 8F 01
6DD58A,7198090,time bar allies charged X-Axis,"Bar, PositionX",2,165,16,35 02; 70 02; 9B 02
6DD59B,7198107,"time bar color charging 22 16 00 FF, blue, green, red tint, XX","Bar, Color",0,128,3,70 70 70 80; 70 70 70 80; 00 50 6E 80
6DD5A9,7198121,time bar allies charging height,"Bar, Height",3,7,7,07; 07; 07
6DD5D1,7198161,"time bar allies charging spacing Y-Axis - set middle to D2, then first to 6B, then third as value","Bar, PositionY, Spacing",24,210,1,6B D2 18
6DD5D6,7198166,time bar allies charging Y-Axis,"Bar, PositionY",1,150,11,8F 01; 8F 01; 8F 01
6DD5DC,7198172,time bar allies charging X-Axis,"Bar, PositionX",2,165,16,35 02; 70 02; 9B 02
6DD5F2,7198194,time box pallete,Box,7,7,6,07; 07; 07
6DD5FF,7198207,time box spacing Y-Axis - C0 middle then 6B first then 3rd value,"Box, PositionY, Spacing",24,192,1,6B C0 18
6DD603,7198211,time box Y-Axis,"Box, PositionY",1,146,10,8C 01; 8C 01; 8C 01
6DD604,7198212,remove time box,Box,2,2,1,02
6DD609,7198217,time box X-Axis,"Box, PositionX",2,159,12,2F 02; 6A 02; 95 02
6DD693,7198355,limit bar height,"Bar, Height, LimitMenu",3,7,7,07; 07; 07
6DD6B9,7198393,limit bar spacing Y-Axis - C0 middle then 6B first then 3rd value,"Bar, LimitMenu, PositionY, Spacing",24,192,1,6B C0 18
6DD6BD,7198397,limit bar Y-Axis,"Bar, LimitMenu, PositionY",1,159,11,99 01; 99 01; 99 01
6DD6C3,7198403,limit bar X-Axis,"Bar, LimitMenu, PositionX",2,165,16,35 02; 70 02; 9B 02
6DD6D9,7198425,limit box pallete,"Box, LimitMenu",7,7,8,07; 07; 07
6DD6E6,7198438,limit box spacing Y-Axis - C9 middle then 6B first then 3rd value,"Box, LimitMenu, PositionY, Spacing",24,201,1,6B C9 18
6DD6EB,7198443,limit box Y-Axis,"Box, LimitMenu, PositionY",1,254,11,96 01; 96 01; 96 01
6DD6EC,7198444,remove limit box,"Box, LimitMenu",2,2,1,02
6DD6F1,7198449,limit box X-Axis,"Box, LimitMenu, PositionX",2,159,12,2F 02; 6A 02; 95 02
6DD71E,7198494,always render barriers command menu,Bar,144,144,10,90 90 90 90 90 90; 90 90 90 90 90 90; 90 90 90 90 90 90
6DD72F,7198511,barrier physical bar height,"Bar, Height",3,3,3,03; 03; 03
6DD74C,7198540,barrier physical bar spacing Y-Axis - C0 middle then 6B first then 3rd value,"Bar, PositionY, Spacing",24,192,1,6B C0 18
6DD750,7198544,barrier physical bar Y-Axis,"Bar, PositionY",1,160,10,8E 01; A0; 94
6DD756,7198550,barrier physical bar X-Axis,"Bar, PositionX",1,236,16,EC 01; 27 02; 52 02
6DD768,7198568,"barrier magic bar color 00 00 00 FF, blue, green, red, XX tint","Bar, Color, MagicMenu",0,153,3,00 99 55 80; 00 99 55 80; 96 64 00 80
6DD76D,7198573,barrier magic bar height,"Bar, Height, MagicMenu",3,3,3,03; 03; 03
6DD78A,7198602,barrier magic bar spacing Y-Axis - C9 middle then 6B first then 3rd value,"Bar, MagicMenu, PositionY, Spacing",24,201,1,6B C9 18
6DD78F,7198607,barrier magic bar Y-Axis,"Bar, MagicMenu, PositionY",1,165,10,98 01; A5; 9E
6DD795,7198613,barrier magic bar X-Axis,"Bar, MagicMenu, PositionX",1,236,16,EC 01; 27 02; 52 02
6DD7AB,7198635,barrier boxes pallete (hp/mp sprite),"Bar, Box",0,232,4,0F; 01 6A 08 6A 27 6A 1E 68 A0 00 00 00 0F BF 55 E8 6B D2 20 81 C2 82 01 00 00 52 68 6B 01; 01 6A 08 6A 27 6A 1E 68 A0 00 00 00 0F BF 55 E8 6B D2 20 81 C2 82 01 00 00 52 68 D5 01
6DD7BB,7198651,"barrier boxes spacing Y-Axis - set middle to D2, then first to 6B, then third as value","Bar, Box, PositionY, Spacing",24,210,1,6B D2 18
6DD7C0,7198656,barrier boxes Y-Axis,"Bar, Box, PositionY",1,255,7,8C 01; 92 01; 92 01
6DD7C6,7198662,barrier boxes X-Axis,"Bar, Box, PositionX",1,230,13,E6 01; 21 02; 4C 02
6DD80E,7198734,always render current hp and divider,Uncategorized,144,144,10,90 90 90 90 90 90; 90 90 90 90 90 90; 90 90 90 90 90 90
6DD853,7198803,alive hp palett,Uncategorized,6,6,1,06
6DD86A,7198826,"alive hp value spacing Y-Axis-  set middle to D2, then first to 6B, then third as value","PositionY, Spacing",24,210,1,6B D2 18
6DD86F,7198831,alive hp value Y-Axis,PositionY,1,149,9,8C 01; 95; 95
6DD875,7198837,alive hp value X-Axis,PositionX,1,241,17,82 01; BD 01; E8 01
6DD89F,7198879,"dead hp value spacing Y-Axis-  set middle to D2, then first to 6B, then third as value","PositionY, Spacing",24,210,1,6B D2 18
6DD8A4,7198884,dead hp value Y-Axis,PositionY,1,149,9,8C 01; 95; 95
6DD8AA,7198890,dead hp value X-Axis,PositionX,1,241,17,82 01; BD 01; E8 01
6DD8C0,7198912,hp divider color pallete,Color,7,7,1,07
6DD8D0,7198928,hp divider spacing Y-Axis - C0 middle then 6B first then 3rd value,"PositionY, Spacing",24,192,1,6B C0 18
6DD8D4,7198932,hp divider Y-Axis,PositionY,1,140,1,8C 01
6DD8D5,7198933,hp divider disable,Uncategorized,4,4,8,04; 04; 04
6DD8DA,7198938,hp divider X-Axis,PositionX,1,128,8,75 01; 4A 01; 75 01
6DD903,7198979,also always render maxhp,Uncategorized,2,2,2,02; 02
6DD952,7199058,maxhp spacing Y-Axis - C0 middle then 6B first then 3rd value,"PositionY, Spacing",24,192,1,6B C0 18
6DD956,7199062,maxhp Y-Axis,PositionY,1,140,1,8C 01
6DD957,7199063,maxhp disable - removed as was unable to keep visible with 3 column command menu,Uncategorized,4,4,8,04; 04; 04
6DD95C,7199068,maxhp X-Axis,PositionX,1,136,8,7D 01; 52 01; 7D 01
6DD9A7,7199143,alive mp palette color 06,Color,3,3,1,03
6DD9BE,7199166,"alive mp value spacing Y-Axis-  set middle to D2, then first to 6B, then third as value","PositionY, Spacing",24,210,1,6B D2 18
6DD9C3,7199171,alive mp value Y-Axis,PositionY,1,149,9,8C 01; 95; 95
6DD9C9,7199177,alive mp value X-Axis,PositionX,1,250,17,B6 01; F1 01; 1C 02
6DD9F3,7199219,"dead mp value spacing Y-Axis-  set middle to D2, then first to 6B, then third as value","PositionY, Spacing",24,210,1,6B D2 18
6DD9F8,7199224,dead mp value Y-Axis,PositionY,1,149,9,8C 01; 95; 95
6DD9FE,7199230,dead mp value X-Axis,PositionX,1,250,17,B6 01; F1 01; 1C 02
6DE3F8,7201784,always render command box text (item menu),"Box, ItemMenu, Text",144,144,3,90 90 90 90 90 90; 90 90 90 90 90 90; 90 90 90 90 90 90
6DE40E,7201806,always render command box text,"Box, Text",144,144,3,90 90 90 90 90 90; 90 90 90 90 90 90; 90 90 90 90 90 90
6DE424,7201828,always render command box text (enemy skill menu),"Box, Text",144,144,3,90 90 90 90 90 90; 90 90 90 90 90 90; 90 90 90 90 90 90
6DE43A,7201850,always render command box text (summon menu),"Box, Text",144,144,3,90 90 90 90 90 90; 90 90 90 90 90 90; 90 90 90 90 90 90
6DE4BF,7201983,command box limit text spacing X-Axis,"Box, LimitMenu, PositionX, Spacing, Text",72,72,6,48; 48; 48
6DE4CD,7201997,command box limit text X-Axis,"Box, LimitMenu, PositionX, Text",32,255,14,76; 61; 36
6DE5DF,7202271,command box limit text spacing Y-Axis,"Box, LimitMenu, PositionY, Spacing, Text",22,22,1,16
6DE5E1,7202273,command box limit text Y-Axis,"Box, LimitMenu, PositionY, Text",86,126,6,7E; 5C; 7A
6DE66B,7202411,command box coin text spacing Y-Axis,"Box, PositionY, Spacing, Text",22,22,1,16
6DE66D,7202413,command box coin text Y-Axis,"Box, PositionY, Text",86,126,6,7E; 5C; 7A
6DE677,7202423,command box coin text spacing X-Axis,"Box, PositionX, Spacing, Text",72,72,6,48; 48; 48
6DE685,7202437,command box coin text X-Axis,"Box, PositionX, Text",32,255,14,76; 61; 36
6DE6B1,7202481,command box throw text spacing Y-Axis,"Box, PositionY, Spacing, Text",22,22,1,16
6DE6B4,7202484,command box throw text Y-Axis,"Box, PositionY, Text",86,126,6,7E; 5C; 7A
6DE6BE,7202494,command box throw text spacing X-Axis,"Box, PositionX, Spacing, Text",72,72,6,48; 48; 48
6DE6CC,7202508,command box throw text X-Axis,"Box, PositionX, Text",32,255,14,76; 61; 36
6DE719,7202585,command box text spacing Y-Axis,"Box, PositionY, Spacing, Text",22,22,1,16
6DE71C,7202588,command box text Y-Axis,"Box, PositionY, Text",86,126,6,7E; 5C; 7A
6DE726,7202598,command box text spacing X-Axis,"Box, PositionX, Spacing, Text",72,72,6,48; 48; 48
6DE734,7202612,command box text X-Axis,"Box, PositionX, Text",32,255,14,76; 61; 36
6DE7A8,7202728,command box text support symbol pallete color - changed to white from coloured due to risk of merging with background,"Box, Color, Text",7,7,1,07
6DE7B9,7202745,command box text support symbol spacing Y-Axis,"Box, PositionY, Spacing, Text",22,22,1,16
6DE7BC,7202748,command box text support symbol Y-Axis,"Box, PositionY, Text",1,132,1,84 01
6DE7C6,7202758,command box text support symbol spacing X-Axis,"Box, PositionX, Spacing, Text",72,72,6,48; 48; 48
6DE7D9,7202777,command box text support symbol X-Axis,"Box, PositionX, Text",29,255,11,73; 5E; 33
6DEC31,7203889,item sub menu scroll bar height rows Y-Axis,"Bar, Height, ItemMenu, PositionY",4,4,1,04
6DEC50,7203920,item sub menu scroll bar X-Axis,"Bar, ItemMenu, PositionX",0,198,10,05 01; 46 01; 1B 01
6DEC56,7203926,item sub menu scroll bar Y-Axis,"Bar, ItemMenu, PositionY",1,121,2,78 01; 79
6DEC5C,7203932,item sub menu scroll bar width,"Bar, ItemMenu, Width",8,8,6,08; 08; 08
6DEC62,7203938,item sub menu scroll bar height,"Bar, Height, ItemMenu",99,99,1,63
6DEC99,7203993,item sub menu scroll bottom border row number,ItemMenu,5,5,1,05
6DECA1,7204001,item sub menu row count Y-Axis,"ItemMenu, PositionY",4,4,1,04
6DED10,7204112,offset for colon/value color on unusable items,"Color, ItemMenu",248,248,1,F8
6DED13,7204115,item sub menu colon/value colors,"Color, ItemMenu",8,21,3,08; 15; 15
6DED72,7204210,item sub menu icon spacing Y-Axis,"Icon, ItemMenu, PositionY, Spacing",24,201,1,6B C9 18
6DED78,7204216,item sub menu icon Y-Axis,"Icon, ItemMenu, PositionY",1,118,2,76 01; 5F 01
6DED7E,7204222,item sub menu icon X-Axis,"Icon, ItemMenu, PositionX",31,223,11,1F; 5F; 34
6DED7F,7204223,disable render of OG icons item battle,"Battle, Icon, ItemMenu",144,144,1,90 90 90 90 90
6DED9D,7204253,item sub menu colon spacing Y-Axis,"ItemMenu, PositionY, Spacing",24,210,1,6B D2 18
6DEDA3,7204259,item sub menu colon Y-Axis,"ItemMenu, PositionY",1,128,2,80 01; 6A 01
6DEDA4,7204260,item remove sub menu colon,ItemMenu,2,2,3,02; 02; 02
6DEDA9,7204265,item sub menu colon X-Axis,"ItemMenu, PositionX",0,243,9,DD; 1E 01; F3 00
6DEDD8,7204312,item sub menu value spacing Y-Axis,"ItemMenu, PositionY, Spacing",24,192,1,6B C0 18
6DEDDE,7204318,item sub menu value Y-Axis,"ItemMenu, PositionY",1,126,2,7E 01; 68 01
6DEDE4,7204324,item sub menu value X-Axis,"ItemMenu, PositionX",0,253,10,E7 00; 28 01; FD 00
6DEEC5,7204549,item sub menu text spacing Y-Axis,"ItemMenu, PositionY, Spacing, Text",24,210,1,6B D2 18
6DEECB,7204555,item sub menu text Y-Axis,"ItemMenu, PositionY, Text",1,122,2,7A 01; 64 01
6DEED1,7204561,item sub menu text X-Axis,"ItemMenu, PositionX, Text",0,255,22,23; DF; B4
6DF490,7206032,limit box text spacing Y-Axis,"Box, LimitMenu, PositionY, Spacing, Text",24,24,1,18
6DF492,7206034,limit box text Y-Axis,"Box, LimitMenu, PositionY, Text",114,143,2,8F; 72
6DF498,7206040,limit box text X-Axis,"Box, LimitMenu, PositionX, Text",32,255,13,80; 5B; 30
6DF4BA,7206074,limit box limit header Y-Axis,"Box, LimitMenu, PositionY",1,130,2,82 01; 64 01
6DF4BF,7206079,limit box limit header X-Axis,"Box, LimitMenu, PositionX",0,255,14,80; 5B; 30
6DF4E2,7206114,limit box lv header Y-Axis,"Box, LimitMenu, PositionY",1,129,2,81 01; 63 01
6DF4E7,7206119,limit box lv header X-Axis,"Box, LimitMenu, PositionX",0,255,14,8E; 69; 3E
6DF533,7206195,limit box level value header Y-Axis,"Box, LimitMenu, PositionY",1,125,2,7D 01; 5F 01
6DF538,7206200,limit box level value header X-Axis,"Box, LimitMenu, PositionX",0,255,14,C0; 9B; 70
6DF57C,7206268,limit box BG top left,"Box, LimitMenu",24,240,7,ED 42; A0 42; 18 42
6DF585,7206277,limit box BG,"Box, LimitMenu",191,240,1,F0 BF
6DF5C5,7206341,limit box BG bottom left,"Box, LimitMenu",16,240,13,ED 42; A0 42; 18 42
6DF62C,7206444,limit box BG top right,"Box, LimitMenu",89,212,4,D4 59; BF; BF
6DF675,7206517,limit box BG bottom right,"Box, LimitMenu",191,191,3,BF; BF; BF
6DF9F7,7207415,magic sub menu scroll bar height rows Y-Axis,"Bar, Height, MagicMenu, PositionY",4,4,1,04
6DF9FD,7207421,magic sub menu scroll bar row count Y-Axis,"Bar, MagicMenu, PositionY",54,54,3,36; 36; 36
6DFA0E,7207438,magic sub menu scroll bar X-Axis,"Bar, MagicMenu, PositionX",0,225,15,92 00; 86 00; CD 00
6DFA14,7207444,magic sub menu scroll bar Y-Axis,"Bar, MagicMenu, PositionY",1,127,7,7F; 7F; 7F
6DFA1A,7207450,magic sub menu scroll bar width,"Bar, MagicMenu, Width",8,8,6,08; 08; 08
6DFA20,7207456,magic sub menu scroll bar height,"Bar, Height, MagicMenu",86,86,6,56; 56; 56
6DFA48,7207496,magic column count fix display name,MagicMenu,1,1,3,01; 01; 01
6DFA77,7207543,magic sub menu scroll bottom border row number,MagicMenu,5,5,1,05
6DFA7F,7207551,magic sub menu row count Y-Axis,"MagicMenu, PositionY",4,4,1,04
6DFAC4,7207620,magic column count text,"MagicMenu, Text",1,1,3,01; 01; 01
6DFADA,7207642,magic column count text extra columns,"MagicMenu, Text",1,1,3,01; 01; 01
6DFB2C,7207724,magic column count text first column,"MagicMenu, Text",1,1,3,01; 01; 01
6DFB4B,7207755,magic sub menu text spacing Y-Axis,"MagicMenu, PositionY, Spacing, Text",24,192,1,6B C0 18
6DFB51,7207761,magic sub menu text Y-Axis,"MagicMenu, PositionY, Text",1,122,2,7A 01; 64 01
6DFB5B,7207771,magic sub menu text spacing X-Axis,"MagicMenu, PositionX, Spacing, Text",96,100,4,60; 60; 64
6DFB61,7207777,magic sub menu text X-Axis,"MagicMenu, PositionX, Text",34,227,10,61; 36; 26
6DFBAE,7207854,magic column count support symbols,MagicMenu,1,1,3,01; 01; 01
6DFC02,7207938,magic sub menu text support symbol palette color - changed to white from coloured due to risk of merging with background,"Color, MagicMenu, Text",7,7,1,07
6DFC16,7207958,magic sub menu text support symbol spacing Y-Axis,"MagicMenu, PositionY, Spacing, Text",24,210,1,6B D2 18
6DFC1C,7207964,magic sub menu text support symbol Y-Axis,"MagicMenu, PositionY, Text",1,128,2,80 01; 6A 01
6DFC26,7207974,magic sub menu text support symbol spacing X-Axis,"MagicMenu, PositionX, Spacing, Text",96,100,4,60; 60; 64
6DFC2C,7207980,magic sub menu text support symbol X-Axis,"MagicMenu, PositionX, Text",24,255,11,57; 2C; 1C
6DFC46,7208006,magic sub menu mpneeded contents Y-Axis,"MagicMenu, PositionY",1,114,1,72 01
6DFC4B,7208011,magic sub menu mpneeded contents X-Axis,"MagicMenu, PositionX",0,242,38,A4 00; 60 00; 35 00
6DFC75,7208053,all sub menu mpneeded logo pallette,Uncategorized,7,7,6,07; 07; 07
6DFC87,7208071,all sub menu mpneeded logo X-Axis,PositionX,7,254,9,0B; 0B; 0B
6DFD0E,7208206,magic column count info box fix,"Box, MagicMenu",1,1,3,01; 01; 01
6DFD58,7208280,all sub menu mpneeded All X-Axis,PositionX,1,2,7,02; 02; 02
6DFDFD,7208445,enemy skill column count mp cost,Uncategorized,16,16,3,10; 10; 10
6DFE6F,7208559,all sub menu mpneeded turbo/quadra X-Axis,PositionX,1,2,7,02; 02; 02
6DFEA7,7208615,all sub menu mpneeded turbo/quadra value Y-Axis,PositionY,61,61,1,3D
6DFEAE,7208622,all sub menu mpneeded turbo/quadra value X-Axis,PositionX,11,43,7,0B; 0B; 0B
6DFEF0,7208688,all sub menu mpneeded turbo/quadra X pallete,Uncategorized,13,13,6,0D; 0D; 0D
6DFEFE,7208702,all sub menu mpneeded turbo/quadra X Y-Axis,PositionY,61,61,1,3D
6DFF05,7208709,all sub menu mpneeded turbo/quadra X X-Axis,PositionX,32,65,7,20; 20; 20
6DFF51,7208785,all sub menu mpneeded summon/all usage value Y-Axis,PositionY,83,83,1,53
6DFF58,7208792,all sub menu mpneeded summon/all usage value X-Axis,PositionX,11,43,7,0B; 0B; 0B
6DFF7F,7208831,all sub menu mpneeded summon unlimited Y-Axis,"LimitMenu, PositionY",82,82,1,52
6DFF86,7208838,all sub menu mpneeded summon unlimited X-Axis,"LimitMenu, PositionX",8,39,7,08; 08; 08
6DFF9A,7208858,all sub menu mpneeded summon/all pallete,Uncategorized,13,13,6,0D; 0D; 0D
6DFFA8,7208872,all sub menu mpneeded summon/all X Y-Axis,PositionY,83,83,1,53
6DFFAF,7208879,all sub menu mpneeded summon/all X X-Axis,PositionX,32,65,7,20; 20; 20
6DFFD4,7208916,all sub menu mpneeded mp cost Y-Axis,PositionY,36,36,6,24; 24; 24
6E0005,7208965,all sub menu mpneeded MAXMP remove,Uncategorized,223,223,6,DF; DF; DF
6E000C,7208972,all sub menu mpneeded MAXMP X-Axis,PositionX,42,42,1,2A
6E0020,7208992,all sub menu mpneeded divider color pallette,Color,7,7,1,07
6E0031,7209009,all sub menu mpneeded / remove,Uncategorized,223,223,6,DF; DF; DF
6E0038,7209016,all sub menu mpneeded / X-Axis - adjusted to centre aligned as cannot adjust mp cost x-axis,PositionX,34,34,1,22
6E0706,7210758,summon sub menu scroll bar height rows Y-Axis,"Bar, Height, PositionY",4,4,1,04
6E071D,7210781,summon sub menu scroll bar X-Axis,"Bar, PositionX",0,254,11,C3 00; FE 00; D3 00
6E0723,7210787,summon sub menu scroll bar Y-Axis,"Bar, PositionY",1,127,3,78 01; 79; 7F
6E0729,7210793,summon sub menu scroll bar width,"Bar, Width",7,8,6,07; 08; 08
6E072F,7210799,summon sub menu scroll bar height,"Bar, Height",86,99,2,63; 56
6E0766,7210854,summon sub menu scroll bottom border row number,Uncategorized,5,5,1,05
6E076E,7210862,summon sub menu row count Y-Axis,PositionY,4,4,1,04
6E0806,7211014,summon sub menu text spacing Y-Axis,"PositionY, Spacing, Text",24,210,1,6B D2 18
6E080C,7211020,summon sub menu text Y-Axis,"PositionY, Text",1,122,2,7A 01; 64 01
6E0812,7211026,summon sub menu text X-Axis,"PositionX, Text",34,227,11,26; 61; 36
6E0823,7211043,summon sub menu mpneeded contents Y-Axis,PositionY,1,114,1,72 01
6E0828,7211048,summon sub menu mpneeded contents X-Axis,PositionX,0,230,34,D4 00; 90 00; 65 00
6E09F8,7211512,eskill sub menu scroll bar height rows Y-Axis,"Bar, Height, PositionY",4,4,1,04
6E0A0F,7211535,eskill sub menu scroll bar X-Axis,"Bar, PositionX",0,249,15,C6 00; B0; 01 01
6E0A15,7211541,eskill sub menu scroll bar Y-Axis,"Bar, PositionY",1,127,7,7F; 7F; 7F
6E0A1B,7211547,eskill sub menu scroll bar width,"Bar, Width",8,8,6,08; 08; 08
6E0A21,7211553,eskill sub menu scroll bar height,"Bar, Height",86,86,6,56; 56; 56
6E0A59,7211609,eskill sub menu scroll bottom border row number,Uncategorized,5,5,1,05
6E0A61,7211617,eskill sub menu row count Y-Axis,PositionY,4,4,1,04
6E0AE1,7211745,eskill column count text assignment,Text,8,8,3,08; 08; 08
6E0B0A,7211786,enemy skill column count text,Text,8,8,3,08; 08; 08
6E0B27,7211815,eskill sub menu text spacing Y-Axis,"PositionY, Spacing, Text",24,192,1,6B C0 18
6E0B2D,7211821,eskill sub menu text Y-Axis,"PositionY, Text",1,122,2,7A 01; 64 01
6E0B37,7211831,eskill sub menu text spacing X-Axis,"PositionX, Spacing, Text",0,156,6,9C 00; 9C 00; 9C 00
6E0B3D,7211837,eskill sub menu text X-Axis,"PositionX, Text",33,226,11,26; 61; 36
6E0B54,7211860,eskill sub menu mpneeded contents Y-Axis,PositionY,1,114,1,72 01
6E0B59,7211865,eskill sub menu mpneeded contents X-Axis,PositionX,0,233,38,D7 00; 92 00; 67 00
6E0D3B,7212347,"coin ""how much"" word Y-Axis",PositionY,1,120,1,78 01
6E0D40,7212352,"coin ""how much"" word X-Axis",PositionX,56,99,4,63; 38; 63
6E0D56,7212374,"coin ""gil"" word Y-Axis",PositionY,1,146,1,92 01
6E0D5B,7212379,"coin ""gil"" word X-Axis",PositionX,48,112,5,5B; 30; 70
6E0D74,7212404,"coin ""after"" word Y-Axis",PositionY,1,170,4,AA 01; 9A 01; 9A 01
6E0D79,7212409,"coin ""after"" word X-Axis",PositionX,48,112,5,5B; 30; 70
6E0D92,7212434,"coin ""gil on hand"" word Y-Axis",PositionY,1,194,1,C2 01
6E0D97,7212439,"coin ""gil on hand"" word X-Axis",PositionX,48,112,5,5B; 30; 70
6E0DB3,7212467,coin raise value Y-Axis,PositionY,1,150,1,96 01
6E0DB8,7212472,coin raise value X-Axis,PositionX,0,210,5,BD; 92; D2 00
6E0DDB,7212507,coin after value Y-Axis,PositionY,1,174,1,AE 01
6E0DE0,7212512,coin after value X-Axis,PositionX,0,210,5,BD; 92; D2 00
6E0DFD,7212541,coin current value Y-Axis,PositionY,1,198,1,C6 01
6E0E02,7212546,coin current value X-Axis,PositionX,0,210,5,BD; 92; D2 00
6E0E11,7212561,coin box bg X-Axis,"Box, PositionX",42,85,4,55; 2A; 55
6E0E18,7212568,coin box bg Y-Axis,"Box, PositionY",1,114,1,72 01
6E139C,7213980,status/cure/ether sub menu names spacing Y-Axis - C9 middle then 6B first then 3rd value,"PositionY, Spacing, StatusMenu",24,201,1,6B C9 18
6E13A1,7213985,status/cure/ether sub menu names Y-Axis,"PositionY, StatusMenu",1,141,1,8D 01
6E13A2,7213986,remove status/cure/ether sub menu names,StatusMenu,2,2,3,02; 02; 02
6E13A7,7213991,status/cure/ether sub menu names X-Axis,"PositionX, StatusMenu",0,255,10,28 00; 6B 00; 40 00
6E1412,7214098,menu stuff merged,Uncategorized,0,233,1,e9 58 03 00 00 90
6E1487,7214215,"cure sub menu alive hp spacing Y-Axis - set middle to D2, then first to 6B, then third as value","PositionY, Spacing",24,210,1,6B D2 18
6E148C,7214220,cure sub menu alive hp Y-Axis,PositionY,1,144,1,90 01
6E148D,7214221,remove cure sub menu alive hp,Uncategorized,2,2,3,02; 02; 02
6E1492,7214226,cure sub menu alive hp X-Axis,PositionX,0,219,10,98 00; DB 00; B0 00
6E14BC,7214268,"cure sub menu dead hp spacing Y-Axis - set middle to D2, then first to 6B, then third as value","PositionY, Spacing",24,210,1,6B D2 18
6E14C1,7214273,cure sub menu dead hp Y-Axis,PositionY,1,144,1,90 01
6E14C2,7214274,remove cure sub menu dead hp,Uncategorized,2,2,3,02; 02; 02
6E14C7,7214279,cure sub menu dead hp X-Axis,PositionX,0,219,10,98 00; DB 00; B0 00
6E14DD,7214301,cure sub menu hp divider color pallette,Color,7,7,1,07
6E14ED,7214317,cure sub menu hp divider spacing Y-Axis - C0 middle then 6B first then 3rd value,"PositionY, Spacing",24,192,1,6B C0 18
6E14F1,7214321,cure sub menu hp divider Y-Axis,PositionY,1,144,1,90 01
6E14F2,7214322,remove cure sub menu hp divider,Uncategorized,2,2,3,02; 02; 02
6E14F7,7214327,cure sub menu hp divider X-Axis,PositionX,0,221,10,C5 00; 08 01; DD 00
6E1530,7214384,"cure sub menu maxhp spacing Y-Axis - set middle to D2, then first to 6B, then third as value","PositionY, Spacing",24,210,1,6B D2 18
6E1535,7214389,cure sub menu maxhp Y-Axis,PositionY,1,144,1,90 01
6E1536,7214390,remove cure sub menu maxhp,Uncategorized,2,2,3,02; 02; 02
6E153B,7214395,cure sub menu maxhp X-Axis,PositionX,0,229,10,CD 00; 10 01; E5 00
6E154B,7214411,cure sub menu hp bar X-Axis,"Bar, PositionX",0,221,10,98 00; DD 00; B2 00
6E1551,7214417,cure sub menu hp bar spacing Y-Axis - C0 middle then 6B first then 3rd value,"Bar, PositionY, Spacing",24,192,1,6B C0 18
6E1555,7214421,cure sub menu hp bar Y-Axis,"Bar, PositionY",1,160,1,A0 01
6E1556,7214422,remove cure sub menu hp bar,Bar,2,2,3,02; 02; 02
6E1561,7214433,cure sub menu hp bar length X-Axis,"Bar, PositionX",0,95,1,5F 00
6E1626,7214630,"ether sub menu alive mp spacing Y-Axis - set middle to D2, then first to 6B, then third as value","PositionY, Spacing",24,210,1,6B D2 18
6E162B,7214635,ether sub menu alive mp Y-Axis,PositionY,1,144,1,90 01
6E162C,7214636,remove ether sub menu alive mp,Uncategorized,2,2,3,02; 02; 02
6E1631,7214641,ether sub menu alive mp X-Axis,PositionX,0,220,10,99 00; DC 00; B1 00
6E165B,7214683,"ether sub menu dead mp spacing Y-Axis - set middle to D2, then first to 6B, then third as value","PositionY, Spacing",24,210,1,6B D2 18
6E1660,7214688,ether sub menu dead mp Y-Axis,PositionY,1,144,1,90 01
6E1661,7214689,remove ether sub menu dead mp,Uncategorized,2,2,3,02; 02; 02
6E1666,7214694,ether sub menu dead mp X-Axis,PositionX,0,220,10,99 00; DC 00; B1 00
6E167C,7214716,ether sub menu mp divider color pallette,Color,7,7,1,07
6E168C,7214732,ether sub menu mp divider spacing Y-Axis - C0 middle then 6B first then 3rd value,"PositionY, Spacing",24,192,1,6B C0 18
6E1690,7214736,ether sub menu mp divider Y-Axis,PositionY,1,144,1,90 01
6E1691,7214737,remove ether sub menu mp divider,Uncategorized,2,2,3,02; 02; 02
6E1696,7214742,ether sub menu mp divider X-Axis,PositionX,0,222,10,C6 00; 09 01; DE 00
6E16CF,7214799,"ether sub menu maxmp spacing Y-Axis - set middle to D2, then first to 6B, then third as value","PositionY, Spacing",24,210,1,6B D2 18
6E16D4,7214804,ether sub menu maxmp Y-Axis,PositionY,1,144,1,90 01
6E16D5,7214805,remove ether sub menu maxmp,Uncategorized,2,2,3,02; 02; 02
6E16DA,7214810,ether sub menu maxmp X-Axis,PositionX,0,229,10,CD 00; 10 01; E5 00
6E16EA,7214826,ether sub menu mp bars X-Axis,"Bar, PositionX",0,222,10,9A 00; DE 00; B3 00
6E16F0,7214832,ether sub menu mp bars spaacing Y-Axis - C0 middle then 6B first then 3rd value,"Bar, PositionY",24,192,1,6B C0 18
6E16F4,7214836,ether sub menu mp bars Y-Axis,"Bar, PositionY",1,160,1,A0 01
6E16F5,7214837,remove ether sub menu mp bars,Bar,2,2,3,02; 02; 02
6E1700,7214848,ether sub menu mp bars length X-Axis,"Bar, PositionX",0,95,1,5F 00
6E1792,7214994,"slow down status rotation, will still speed up when is a lot of status on character",StatusMenu,31,31,1,1F
6E185E,7215198,"status sub menu status spacing Y-Axis - set middle to D2, then first to 6B, then third as value","PositionY, Spacing, StatusMenu",24,210,23,6B D2 18; 6B D2 18; 6B D2 18
6E1863,7215203,status sub menu status Y-Axis,"PositionY, StatusMenu",1,146,26,92 01; 92 01; 92 01
6E1869,7215209,status sub menu status X-Axis,"Icon, PositionX, StatusMenu",0,255,37,9A 01 00 00; 37 01 00 00; 2E 01 00 00
6E1891,7215249,status/cure/ether sub menu name header Y-Axis,"PositionY, StatusMenu",1,125,3,7D 01; 7D 01; 6B 01
6E1892,7215250,all sub boxes,"Box, StatusMenu",2,45,11,02; 2D; 02
6E1896,7215254,status/cure/ether sub menu name header X-Axis,"PositionX, StatusMenu",0,255,10,28 00; 6B 00; 40 00
6E18D4,7215316,cure sub menu hp header Y-Axis,PositionY,1,125,2,7D 01; 6B 01
6E18D5,7215317,remove cure sub menu hp header,Uncategorized,2,2,3,02; 02; 02
6E18D9,7215321,cure sub menu hp header X-Axis,"Box, PositionX",0,236,15,6C 00; 41 00; A9
6E18FB,7215355,ether sub menu mp header Y-Axis,PositionY,1,125,2,7D 01; 6B 01
6E18FC,7215356,remove ether sub menu mp header,Uncategorized,2,2,3,02; 02; 02
6E1900,7215360,ether sub menu mp header X-Axis,PositionX,0,221,10,98 00; DD 00; B2 00
6E1925,7215397,status sub menu status header Y-Axis,"PositionY, StatusMenu",1,125,2,7D 01; 6B 01
6E1926,7215398,remove status sub menu status header,StatusMenu,2,2,3,02; 02; 02
6E192A,7215402,status sub menu status header X-Axis,"PositionX, StatusMenu",0,207,10,8C 00; CF 00; A4 00
6E200E,7217166,manip text spacing Y-Axis,"PositionY, Spacing, Text",24,201,1,6B C9 18
6E2014,7217172,manip text Y-Axis,"PositionY, Text",1,134,1,86 01
6E201A,7217178,manip text X-Axis,"PositionX, Text",38,95,6,5F; 34; 5F
6E2182,7217538,cait sith reels tint height,Height,106,108,7,6A; 6A; 6A
6E2189,7217545,cait sith reels Y-Axis,PositionY,1,111,1,6F 01
6E2429,7218217,cait sith reels spinned icons Y-Axis,"Icon, PositionY",1,23,7,17 01; 17 01; 17 01
6E2447,7218247,"remove main boxes and help box when cait sith reel, and add back after",Box,0,232,1,E8 11 20 23 00 90 90
6E3162,7221602,remove main boxes and help box when tifa reel shows,Box,0,232,1,E8 E7 12 23 00 90
6E316D,7221613,tifa reels Y-Axis,PositionY,1,114,1,72 01
6E325A,7221850,tifa reels spinned Y-Axis,PositionY,1,84,1,54 01
6E3892,7223442,battle square keep goin text Y-Axis,"Battle, PositionY, Text",1,124,2,7C 01; 6C 01
6E3897,7223447,battle square keep goin text X-Axis,"Battle, PositionX, Text",48,48,1,30
6E38AD,7223469,battle square of course text Y-Axis,"Battle, PositionY, Text",1,164,2,A4 01; 94 01
6E38B2,7223474,battle square of course text X-Axis,"Battle, PositionX, Text",48,48,1,30
6E38F9,7223545,battle square current battle points text Y-Axis,"Battle, PositionY, Text",1,124,2,7C 01; 6C 01
6E38FE,7223550,battle square current battle points text X-Axis,"Battle, PositionX, Text",0,208,5,D0 00; D0 00; D0 00
6E3918,7223576,battle square current battle points value Y-Axis,"Battle, PositionY",1,169,2,A9 01; 99 01
6E391D,7223581,battle square current battle points value X-Axis,"Battle, PositionX",1,78,5,0E; 0E; 0E
6E395B,7223643,battle square reel height,"Battle, Height",106,112,2,70; 6A
6E3964,7223652,battle square reel Y-Axis,"Battle, PositionY",1,108,2,6C 01; 5C 01
6E3A35,7223861,battle square reel spinned Y-Axis,"Battle, PositionY",1,4,1,04 01
6E3B8D,7224205,battle square slot start text Y-Axis,"Battle, PositionY, Text",1,152,1,98 01
6E3BBB,7224251,battle square go for it text Y-Axis,"Battle, PositionY, Text",1,164,1,A4 01
6E3BC0,7224256,battle square go for it text X-Axis,"Battle, PositionX, Text",1,3,1,03 01
6E3C31,7224369,battle square status text Y-Axis,"Battle, PositionY, StatusMenu, Text",1,132,1,84 01
6E3C35,7224373,"battle square status text X-Axis Centred regardless of length - requires DLPB code, added in 09-DLPB","Battle, PositionX, StatusMenu, Text",34,253,1,E9 A3 FD 22
6E3C59,7224409,battle square great text Y-Axis,"Battle, PositionY, Text",1,152,2,98 01; 88 01
6E4B4C,7228236,worried about other members text Y-Axis,"PositionY, Text",130,130,1,82
6E4B60,7228256,both choices yellow color pallete,Color,6,6,1,06
6E4B67,7228263,yeah a little text Y-Axis,"PositionY, Text",1,173,2,AD; 98 01
6E4B6C,7228268,yeah a little text X-Axis,"PositionX, Text",64,72,2,40; 48
6E4B82,7228290,not really text Y-Axis,"PositionY, Text",1,173,2,AD; 98 01
6E4B8C,7228300,not really text X-Axis,"PositionX, Text",128,136,2,80; 88
6E7117,7237911,"dialog spacing Y-Axis, both values","PositionY, Spacing",24,24,1,18
6EB022,7254050,Add transparency support for FIELD dialogs - trueodin,"Field, Opacity",144,144,1,90 90 90 90 90 90
6EC0B0,7258288,field message box scrolling viewing offset Y-Axis 9139FC to change value,"Box, Field, PositionY",0,232,1,E8 40 79 22 00 90 50 51
6EC284,7258756,dialog text Y-Axis offset,"PositionY, Text",6,6,1,06
6F6377,7299959,main menu (OR ALL UI?) - LV HP MP spacing X-Axis,"MainMenu, PositionX, Spacing",11,11,2,0B; 0B
6F984C,7313484,all menus (NOT BATTLE) - All but last digits spacing X-Axis,"Battle, PositionX, Spacing",11,11,1,0B
6F9860,7313504,All but last digits spacing X-Axis,"PositionX, Spacing",11,11,1,0B
6F9A87,7314055,all menus (NOT BATTLE) - last digits spacing X-Axis,"Battle, PositionX, Spacing",11,11,1,0B
6F9A9B,7314075,last digits spacing X-Axis,"PositionX, Spacing",11,11,1,0B
6F9D28,7314728,materia effect - all but last digits spacing X-Axis,"MateriaMenu, PositionX, Spacing",11,11,1,0B
6F9F69,7315305,materia effect - last digits spacing X-Axis,"MateriaMenu, PositionX, Spacing",11,11,1,0B
6FEEA4,7335588,save file select cursor spacing Y-Axis,"Cursor, PositionY, SaveLoadMenu, Spacing",26,26,1,1A
6FEEB9,7335609,save file select cursor spacing X-Axis,"Cursor, PositionX, SaveLoadMenu, Spacing",83,93,2,5D; 53
6FEEBD,7335613,save file select cursor X-Axis,"Cursor, PositionX, SaveLoadMenu",235,253,2,EB; FD
6FEED6,7335638,save select text X-Axis,"PositionX, SaveLoadMenu, Text",13,13,1,0D
6FEF42,7335746,save file select box text Y-Axis,"Box, PositionY, SaveLoadMenu, Text",9,9,1,09
6FEF51,7335761,save file select box text X-Axis,"Box, PositionX, SaveLoadMenu, Text",20,40,2,14; 28
6FF0C1,7336129,save game ghost cursor Y-Axis,"Cursor, PositionY, SaveLoadMenu",110,110,1,6E
6FF0C4,7336132,save game ghost cursor X-Axis,"Cursor, PositionX, SaveLoadMenu",0,0,1,00
6FF0DF,7336159,save game cursor Y-Axis,"Cursor, PositionY, SaveLoadMenu",110,110,1,6E
6FF0E2,7336162,save game cursor X-Axis,"Cursor, PositionX, SaveLoadMenu",0,0,1,00
6FF226,7336486,save game WORD X-Axis,"PositionX, SaveLoadMenu",1,96,1,60 01
6FF25F,7336543,save game number X-Axis,"PositionX, SaveLoadMenu",1,127,1,7F 01
6FF2C1,7336641,save select alt text X-Axis,"PositionX, SaveLoadMenu, Text",13,13,1,0D
6FF386,7336838,Saving Box Text X-Axis,"Box, PositionX, Text",1,69,1,45 01
7000D6,7340246,right box - weapon text X-Axis,"Box, PositionX, Text",64,64,1,40
700115,7340309,right box - armour text X-Axis,"Box, PositionX, Text",64,64,1,40
700171,7340401,right box - accessory text X-Axis,"Box, PositionX, Text",64,64,1,40
700190,7340432,right box - Wpn WORD X-Axis,"Box, PositionX",8,8,1,08
7001B2,7340466,right box - Arm WORD X-Axis,"Box, PositionX",14,14,1,0E
7001D7,7340503,right box - Acc WORD X-Axis,"Box, PositionX",14,14,1,0E
700212,7340562,right box - weapon slots/box Y-Axis,"Box, PositionY",31,31,1,1F
700219,7340569,right box - weapon slots/box X-Axis,"Box, PositionX",65,68,2,44; 41
700255,7340629,right box - armour slots/box Y-Axis,"Box, PositionY",99,99,1,63
70025C,7340636,right box - armour slots/box X-Axis,"Box, PositionX",65,68,2,44; 41
7003F8,7341048,Materia slots BG Width,"MateriaMenu, Width",0,0,1,00 00
7003FE,7341054,Materia slots BG Height,"Height, MateriaMenu",0,0,1,00 00
70121F,7344671,left box - ghost cursor Y-Axis,"Box, Cursor, PositionY",68,68,1,44
701222,7344674,left box - ghost cursor X-Axis,"Box, Cursor, PositionX",0,0,1,00
701252,7344722,right box - ghost cursor Y-Axis,"Box, Cursor, PositionY",45,45,1,2D
701265,7344741,right box - ghost cursor spacing X-Axis,"Box, Cursor, PositionX, Spacing",82,82,1,52
701269,7344745,right box - ghost cursor X-Axis,"Box, Cursor, PositionX",2,2,1,02
7012E0,7344864,right box - cursor Y-Axis,"Box, Cursor, PositionY",46,46,1,2E
7012F3,7344883,right box - cursor spacing X-Axis,"Box, Cursor, PositionX, Spacing",82,82,1,52
7012F7,7344887,right box - cursor X-Axis,"Box, Cursor, PositionX",2,2,1,02
701338,7344952,top box lv/hp/mp block Y-Axis,"Box, PositionY",13,13,1,0D
701345,7344965,top box lv/hp/mp block X-Axis,"Box, PositionX",143,143,1,8F
701375,7345013,top box avatar Y-Axis,"Avatar, Box, PositionY",12,12,1,0C
701383,7345027,top box avatar X-Axis,"Avatar, Box, PositionX",54,54,1,36
7013CE,7345102,top box selected lv/hp/mp block Y-Axis,"Box, PositionY",13,13,1,0D
7013DB,7345115,top box selected lv/hp/mp block X-Axis,"Box, PositionX",143,143,1,8F
70140A,7345162,top box selected avatar Y-Axis,"Avatar, Box, PositionY",12,12,1,0C
701418,7345176,top box selected avatar X-Axis,"Avatar, Box, PositionX",54,54,1,36
701510,7345424,right box contents spacing X-Axis,"Box, PositionX, Spacing",82,82,1,52
7015C3,7345603,left box - avatar Y-Axis,"Avatar, Box, PositionY",24,24,1,18
7015C6,7345606,left box - avatar X-Axis,"Avatar, Box, PositionX",45,45,1,2D
701B7A,7347066,right box - exp bar Height,"Bar, Box, Height",12,12,1,0C
701B86,7347078,right box - exp bar width,"Bar, Box, Width",0,232,1,E8 35 1F 21 00 C1 E8 05
701B94,7347092,right box - exp bar Y-Axis,"Bar, Box, PositionY",88,88,1,58
701B97,7347095,right box - exp bar X-Axis,"Bar, Box, PositionX",1,246,2,EE 01; F6 05
701BBE,7347134,right box - exp box Y-Axis,"Box, PositionY",88,88,1,58
701BC1,7347137,right box - exp box X-Axis,"Box, PositionX",1,242,2,EA 01; F2 05
701BEB,7347179,right box - exp p X-Axis,"Box, PositionX",2,89,1,59 02
701C15,7347221,right box - next level p X-Axis,"Box, PositionX",2,89,1,59 02
701C46,7347270,right box - exp number X-Axis,"Box, PositionX",1,185,1,B9 01
701C77,7347319,right box - next level number X-Axis,"Box, PositionX",1,185,1,B9 01
701CA6,7347366,right box - EXP: WORD X-Axis,"Box, PositionX",1,105,1,69 01
701CEE,7347438,right box - next level: WORD X-Axis,"Box, PositionX",1,105,1,69 01
702242,7348802,limit menu set cursor Y-Axis,"Cursor, LimitMenu, PositionY",76,76,1,4C
7022E9,7348969,limit menu check cursor Y-Axis,"Cursor, LimitMenu, PositionY",2,77,1,02 4D
702370,7349104,limit menu check nested cursor spacing Y-Axis,"Cursor, LimitMenu, PositionY, Spacing",26,26,1,1A
702374,7349108,limit menu check nested cursor Y-Axis,"Cursor, LimitMenu, PositionY",94,94,1,5E
702384,7349124,limit menu check nested cursor X-Axis,"Cursor, LimitMenu, PositionX",20,20,1,14
70240D,7349261,limit menu change box cursor spacing Y-Axis,"Box, Cursor, LimitMenu, PositionY, Spacing",22,22,1,16
702411,7349265,limit menu change box cursor Y-Axis,"Box, Cursor, LimitMenu, PositionY",107,107,1,6B
70241F,7349279,limit menu change box cursor X-Axis,"Box, Cursor, LimitMenu, PositionX",90,90,1,5A
70243E,7349310,limit menu change text first line Y-Axis,"LimitMenu, PositionY, Text",16,16,1,10
70244B,7349323,limit menu change text first line X-Axis,"LimitMenu, PositionX, Text",40,40,1,28
70246A,7349354,limit menu change text second line Y-Axis,"LimitMenu, PositionY, Text",40,40,1,28
702478,7349368,limit menu change text second line X-Axis,"LimitMenu, PositionX, Text",40,40,1,28
702496,7349398,limit menu change text third line Y-Axis,"LimitMenu, PositionY, Text",80,80,1,50
7024A4,7349412,limit menu change text third line X-Axis,"LimitMenu, PositionX, Text",64,64,1,40
7024C3,7349443,limit menu change text yes Y-Axis,"LimitMenu, PositionY, Text",104,104,1,68
7024F1,7349489,limit menu change text no Y-Axis,"LimitMenu, PositionY, Text",126,126,1,7E
7025C7,7349703,limit menu level and value X-Axis,"LimitMenu, PositionX",43,43,1,2B
70269B,7349915,limit menu limits spacing Y-Axis,"LimitMenu, PositionY, Spacing",26,26,1,1A
7026AC,7349932,limit menu limits X-Axis,"LimitMenu, PositionX",63,63,1,3F
703188,7352712,limit menu hp/mv/lv block Y-Axis,"LimitMenu, PositionY",14,14,1,0E
7031A0,7352736,limit menu avatar Y-Axis,"Avatar, LimitMenu, PositionY",12,12,1,0C
7031BA,7352762,limit menu limit level WORD X-Axis,"LimitMenu, PositionX",82,82,1,52
7032FC,7353084,limit menu limit level number Y-Axis,"LimitMenu, PositionY",24,24,1,18
7032FE,7353086,limit menu limit level number X-Axis,"LimitMenu, PositionX",176,176,1,B0
703317,7353111,limit menu set WORD Y-Axis,"LimitMenu, PositionY",80,80,1,50
703332,7353138,limit menu check WORD Y-Axis,"LimitMenu, PositionY",80,80,1,50
7037CF,7354319,LV/HP/MP Y-axis,PositionY,15,15,1,0F
7037D1,7354321,LV/HP/MP X-axis,PositionX,101,101,1,65
7037E7,7354343,Avatar Y-axis,"Avatar, PositionY",12,12,1,0C
7037E9,7354345,Avatar X-axis,"Avatar, PositionX",12,12,1,0C
703B18,7355160,Command box Y-axis,"Box, PositionY",139,139,1,8B
703B1D,7355165,Command box X-axis,"Box, PositionX",62,62,1,3E
703B2A,7355178,All Equips Y-axis,"EquipMenu, PositionY",1,52,1,34 01
703B2F,7355183,All Equips X-axis,"EquipMenu, PositionX",1,19,1,13 01
703B3C,7355196,All Attributes text Y-axis (except Strength/Attack numbers),"PositionY, Text",125,125,1,7D
703B3E,7355198,All Attributes text X-axis (except Strength/Attack numbers),"PositionX, Text",51,51,1,33
703B5B,7355227,Element/Effect ALL text X-axis,"PositionX, Text",64,64,1,40
703E2C,7355948,Element WORD X-axis,PositionX,53,53,1,35
703E63,7356003,Element Halve Y-axis offset,PositionY,71,71,1,47
703E82,7356034,Element Invalid Y-axis offset,PositionY,144,144,1,90
703EA3,7356067,Element Absorb Y-axis offset,PositionY,215,215,1,D7
703FAD,7356333,Element line wrap width,Width,1,189,1,BD 01
703FF2,7356402,Element attributes bottom row Y-axis,PositionY,24,24,1,18
704021,7356449,Element attributes spacing X-axis,"PositionX, Spacing",8,10,1,0A 08
70405F,7356511,Effect WORD X-axis,PositionX,26,26,1,1A
70407E,7356542,Effect Attack WORD X-axis,PositionX,0,0,1,00
7040A3,7356579,Effect Defend WORD X-axis,PositionX,0,0,1,00
7040CE,7356622,Effect attributes top row X-axis,PositionX,87,87,1,57
70416D,7356781,Effect line wrap width,Width,2,39,1,27 02
704181,7356801,Effect attributes other rows X-axis,PositionX,87,87,1,57
7041B5,7356853,Effect text spacing Y-Axis,"PositionY, Spacing, Text",24,24,1,18
7041E4,7356900,Effect text spacing X-Axis,"PositionX, Spacing, Text",8,10,1,0A 08
704668,7358056,Wpn name text X-axis offset,"PositionX, Text",48,48,1,30
7046A7,7358119,Arm name text X-axis offset,"PositionX, Text",48,48,1,30
704701,7358209,Acc name text X-axis offset,"PositionX, Text",48,48,1,30
704720,7358240,Wpn WORD X-axis offset,PositionX,1,1,1,01
704742,7358274,Arm WORD X-axis offset,PositionX,7,7,1,07
704767,7358311,Acc WORD X-axis offset,PositionX,7,7,1,07
7047A3,7358371,Wpn materia slots Y-axis offset,"MateriaMenu, PositionY",29,29,1,1D
7047AA,7358378,Wpn materia slots X-axis offset,"MateriaMenu, PositionX",48,48,1,30
7047E6,7358438,Arm materia slots Y-axis offset,"MateriaMenu, PositionY",93,93,1,5D
7047ED,7358445,Arm materia slots X-axis offset,"MateriaMenu, PositionX",48,48,1,30
704989,7358857,Materia slots BG Width,"MateriaMenu, Width",0,0,1,00 00
70498F,7358863,Materia slots BG Height,"Height, MateriaMenu",0,0,1,00 00
704DB3,7359923,Strength number Y/X-axis,PositionX,0,199,1,68 81 00 00 00 68 C7 00 00 00 91
704DE9,7359977,Dexterity number Y-axis,PositionY,28,28,1,1C
704DF0,7359984,Dexterity number X-axis,PositionX,148,148,1,94
704E1F,7360031,Vitality number Y-axis,PositionY,52,52,1,34
704E25,7360037,Vitality number X-axis,PositionX,148,148,1,94
704E55,7360085,Magic number Y-axis,"MagicMenu, PositionY",76,76,1,4C
704E5C,7360092,Magic number X-axis,"MagicMenu, PositionX",148,148,1,94
704E8C,7360140,Spirit number Y-axis,PositionY,100,100,1,64
704E93,7360147,Spirit number X-axis,PositionX,148,148,1,94
704EC2,7360194,Luck number Y-axis,PositionY,124,124,1,7C
704EC8,7360200,Luck number X-axis,PositionX,148,148,1,94
704EDA,7360218,Bottom Attributes Block Y-Axis,PositionY,167,167,1,A7
70502B,7360555,Attack number Y/X-axis,PositionX,0,199,1,68 28 01 00 00 66 B8 C7 00 50
70504F,7360591,Attack% number Y-axis,PositionY,28,28,1,1C
705055,7360597,Attack% number X-axis,PositionX,148,148,1,94
705074,7360628,Defense number Y-axis,PositionY,52,52,1,34
70507A,7360634,Defense number X-axis,PositionX,148,148,1,94
705099,7360665,Defense% number Y-axis,PositionY,76,76,1,4C
70509F,7360671,Defense% number X-axis,PositionX,148,148,1,94
7050BE,7360702,Magic Attack number Y-axis,"MagicMenu, PositionY",100,100,1,64
7050C4,7360708,Magic Attack number X-axis,"MagicMenu, PositionX",148,148,1,94
7050E3,7360739,Magic Defense number Y-axis,"MagicMenu, PositionY",124,124,1,7C
7050E9,7360745,Magic Defense number X-axis,"MagicMenu, PositionX",148,148,1,94
705108,7360776,Magic Defense% number Y-axis,"MagicMenu, PositionY",148,148,1,94
705111,7360785,Magic Defense% number X-axis,"MagicMenu, PositionX",148,148,1,94
7055B8,7361976,Limit bar Y-Axis,"Bar, LimitMenu, PositionY",100,100,1,64
7055BA,7361978,Limit bar X-axis,"Bar, LimitMenu, PositionX",4,4,1,04
7055DD,7362013,Limit Box Y-Axis,"Box, LimitMenu, PositionY",100,100,1,64
7055DF,7362015,Limit Box X-Axis,"Box, LimitMenu, PositionX",0,0,1,00
705604,7362052,EXP: WORD X-axis,PositionX,1,47,1,2F 01
705627,7362087,Exp bar width,"Bar, Width",0,232,1,E8 94 E4 20 00 C1 E8 05
705631,7362097,Exp bar Y-Axis,"Bar, PositionY",60,60,1,3C
705633,7362099,Exp bar X-Axis,"Bar, Color, PositionX, StatusMenu",1,5,2,04 01; 04 05
705656,7362134,Exp box Y-Axis,"Box, PositionY",60,60,1,3C
705658,7362136,Exp box X-Axis,"Bar, Box, PositionX, StatusMenu",0,5,2,00 01; 00 05
70567D,7362173,"EXP ""p"" X-axis",PositionX,1,209,1,D1 01
7056A0,7362208,"next level ""p"" Y-axis",PositionY,43,43,1,2B
7056A2,7362210,"next level ""p"" X-axis",PositionX,1,209,1,D1 01
7056C8,7362248,EXP number Y-axis,PositionY,18,18,1,12
7056CA,7362250,EXP number X-axis,PositionX,100,100,1,64
7056F0,7362288,next level number Y-axis,PositionY,43,43,1,2B
7056F2,7362290,next level number X-axis,PositionX,100,100,1,64
705715,7362325,next level text Y-axis,"PositionY, Text",38,38,1,26
705717,7362327,next level text X-axis,"PositionX, Text",1,1,1,01 01
705730,7362352,Limit level text Y-axis,"LimitMenu, PositionY, Text",78,78,1,4E
705732,7362354,Limit level text X-axis,"LimitMenu, PositionX, Text",1,1,1,01 01
70575A,7362394,Limit level number Y-axis,"LimitMenu, PositionY",83,83,1,53
705769,7362409,Limit level number X-axis,"LimitMenu, PositionX",1,23,1,17 01
705D85,7363973,ROWS BEFORE SCROLL BAR APPEARS,Bar,12,12,1,0C
705D8F,7363983,SCROLL BAR ROW HEIGHT,"Bar, Height",12,12,1,0C
705DB4,7364020,EQUIP MENU - SCROLL BAR X-AXIS,"Bar, EquipMenu, PositionX",111,111,1,6F
705DBD,7364029,EQUIP MENU - SCROLL BAR Y-AXIS,"Bar, EquipMenu, PositionY",170,170,1,AA
705DC6,7364038,EQUIP MENU - SCROLL BAR WIDTH,"Bar, EquipMenu, Width",12,12,1,0C
705DE9,7364073,ROW RELATED PREVENTS GIBBERISH IN EMPTY BOXES WHEN SET,Box,12,12,1,0C
705DEF,7364079,VISIBLE ITEM ROWS,ItemMenu,12,12,1,0C
705EBA,7364282,TEXT SPACING Y-AXIS,"PositionY, Spacing, Text",24,24,1,18
705EC7,7364295,RIGHT BOX TEXT Y-AXIS,"Box, PositionY, Text",177,177,1,B1
705ECD,7364301,RIGHT BOX TEXT X-AXIS,"Box, PositionX, Text",187,187,1,BB
705F0E,7364366,CURSOR SPACING Y-AXIS,"Cursor, PositionY, Spacing",34,34,1,22
705F11,7364369,CURSOR Y-AXIS,"Cursor, PositionY",17,17,1,11
705F14,7364372,CURSOR X-AXIS,"Cursor, PositionX",0,240,1,F0 00
705F47,7364423,EQUIPPED ITEM SLOT WORD X-AXIS,"EquipMenu, ItemMenu, PositionX",53,53,1,35
705F6B,7364459,EQUIPPED ITEM GROWTH WORD X-AXIS,"EquipMenu, ItemMenu, PositionX",53,53,1,35
705FCC,7364556,Wpn Equipped Slots Y-Axis,"EquipMenu, PositionY",23,23,1,17
705FCF,7364559,Wpn Equipped Slots X-Axis,"EquipMenu, PositionX",150,150,1,96
70602C,7364652,Arm Equipped Slots Y-Axis,"EquipMenu, PositionY",23,23,1,17
70602F,7364655,Arm Equipped Slots X-Axis,"EquipMenu, PositionX",150,150,1,96
7060AA,7364778,EQUIPPED ITEM SLOTS WORD X-AXIS,"EquipMenu, ItemMenu, PositionX",178,178,1,B2
7060D4,7364820,GHOST CURSOR SPACING Y-AXIS,"Cursor, PositionY, Spacing",34,34,1,22
7060D7,7364823,GHOST CURSOR Y-AXIS,"Cursor, PositionY",17,17,1,11
7060DA,7364826,GHOST CURSOR X-AXIS,"Cursor, PositionX",0,240,2,EF; F0 00
7060F3,7364851,CURSOR SPACING Y-AXIS,"Cursor, PositionY, Spacing",24,24,1,18
7060F6,7364854,SELECTION CURSOR Y-AXIS,"Cursor, PositionY",181,181,1,B5
7060FC,7364860,SELECTION CURSOR X-AXIS,"Cursor, PositionX",144,144,1,90
706130,7364912,SLOT WORD X-AXIS,PositionX,53,53,1,35
706154,7364948,GROWTH WORD X-AXIS,PositionX,53,53,1,35
7061A5,7365029,Wpn Selected Slots Y-Axis,PositionY,23,23,1,17
7061A8,7365032,Wpn Selected Slots X-Axis,PositionX,150,150,1,96
7061F7,7365111,Arm Selected Slots Y-Axis,PositionY,23,23,1,17
7061FA,7365114,Arm Selected Slots X-Axis,PositionX,150,150,1,96
706277,7365239,GROWTH VALUE X-AXIS,PositionX,178,178,1,B2
7062BD,7365309,WPN/ARM/ACC WORDS X-AXIS,PositionX,1,26,1,1A 01
7062D6,7365334,BOTTOM BOX CONTENTS Y-AXIS,"Box, PositionY",29,29,1,1D
7062EF,7365359,NAME AND STATUS/LV/HP/MP/VALUES Y-AXIS,"PositionY, StatusMenu",13,13,1,0D
706306,7365382,AVATAR Y-AXIS,"Avatar, PositionY",12,12,1,0C
70633C,7365436,WPN NAME X-AXIS,PositionX,75,75,1,4B
706373,7365491,ARM NAME X-AXIS,PositionX,75,75,1,4B
7063C3,7365571,ACC NAME X-AXIS,PositionX,75,75,1,4B
7071D3,7369171,ROW RELATED PREVENTS MOUSE SCROLLING TO EMPTY SPACES WHEN SET,Uncategorized,12,12,1,0C
7071D9,7369177,CURSOR ROW COUNT Y-AXIS refresh menu,"Cursor, PositionY",12,12,1,0C
707733,7370547,Materia slots BG Width,"MateriaMenu, Width",0,0,1,00 00
707739,7370553,Materia slots BG Height,"Height, MateriaMenu",0,0,1,00 00
70879C,7374748,check box text Y-Axis,"Box, PositionY, Text",9,9,1,09
7087AB,7374763,check box text spacing X-Axis,"Box, PositionX, Spacing, Text",85,85,1,55
7087B4,7374772,check box text X-Axis,"Box, PositionX, Text",11,11,1,0B
7089B2,7375282,magic sub box scroll bar height,"Bar, Box, Height, MagicMenu",4,4,1,04
7089D0,7375312,materia menu - magic sub box scroll bar X-Axis,"Bar, Box, MagicMenu, MateriaMenu, PositionX",145,145,1,91
7089ED,7375341,materia menu - magic sub box scroll bar width,"Bar, Box, MagicMenu, MateriaMenu, Width",12,12,1,0C
708A29,7375401,magic sub box row count,"Box, MagicMenu",4,4,1,04
708ACB,7375563,magic sub box text spacing Y-Axis,"Box, MagicMenu, PositionY, Spacing, Text",24,24,1,18
708AEA,7375594,magic sub box text spacing X-Axis,"Box, MagicMenu, PositionX, Spacing, Text",118,118,1,76
708AF1,7375601,magic sub box text X-Axis,"Box, MagicMenu, PositionX, Text",43,43,1,2B
708BF3,7375859,magic sub box support symbol palette color,"Box, Color, MagicMenu",7,7,1,07
708C0E,7375886,magic sub box support symbol spacing Y-Axis,"Box, MagicMenu, PositionY, Spacing",24,24,1,18
708C12,7375890,magic sub box support symbol Y-Axis,"Box, MagicMenu, PositionY",19,19,1,13
708C2D,7375917,magic sub box support symbol spacing X-Axis,"Box, MagicMenu, PositionX, Spacing",118,118,1,76
708C34,7375924,magic sub box support symbol X-Axis,"Box, MagicMenu, PositionX",33,33,1,21
708D24,7376164,magic sub box mpneeded text X-Axis,"Box, MagicMenu, PositionX, Text",1,1,1,01
708E5B,7376475,mpneeded box Quadra Number Y-Axis,"Box, PositionY",65,65,1,41
708E62,7376482,mpneeded box Quadra Number X-Axis,"Box, PositionX",45,45,1,2D
708EAC,7376556,mpneeded box Quadra 'X' Y-Axis,"Box, PositionY",65,65,1,41
708EFD,7376637,mpneeded box summon/All Number Y-Axis,"Box, PositionY",89,89,1,59
708F04,7376644,mpneeded box summon/All Number X-Axis,"Box, PositionX",45,45,1,2D
708F4E,7376718,mpneeded box summon/All 'X' Y-Axis,"Box, PositionY",89,89,1,59
708FB9,7376825,mpneeded MP divider color,Color,7,7,1,07
70968D,7378573,summon sub box scroll bar height,"Bar, Box, Height",4,4,1,04
7096AB,7378603,materia menu - summon sub box scroll bar X-Axis,"Bar, Box, MateriaMenu, PositionX",145,145,1,91
7096C8,7378632,materia menu - summon sub box scroll bar width,"Bar, Box, MateriaMenu, Width",12,12,1,0C
709704,7378692,summon sub box row count,Box,4,4,1,04
709772,7378802,summon sub box spacing Y-Axis,"Box, PositionY, Spacing",24,24,1,18
70978E,7378830,summon sub box X-Axis,"Box, PositionX",43,43,1,2B
709A7D,7379581,eskill sub box scroll bar height,"Bar, Box, Height",4,4,1,04
709A9B,7379611,materia menu - eskill sub box scroll bar X-Axis,"Bar, Box, MateriaMenu, PositionX",145,145,1,91
709AB8,7379640,materia menu - eskill sub box scroll bar width,"Bar, Box, MateriaMenu, Width",12,12,1,0C
709AF4,7379700,eskill sub box visible row count,Box,4,4,1,04
709B8F,7379855,eskill sub box spacing Y-Axis,"Box, PositionY, Spacing",24,24,1,18
709B93,7379859,eskill sub box Y-Axis,"Box, PositionY",11,11,1,0B
709BB6,7379894,eskill sub box X-Axis,"Box, PositionX",43,43,1,2B
709F38,7380792,right box cursor row count Y-Axis (full menu refresh),"Box, Cursor, PositionY",11,11,1,0B
70A01D,7381021,Top Box Check Cursor Y-Axis,"Box, Cursor, PositionY",61,61,1,3D
70A020,7381024,Top Box Check Cursor X-Axis,"Box, Cursor, PositionX",238,238,1,EE
70A041,7381057,Top Box slots Cursor Y-Axis,"Box, Cursor, PositionY",61,61,1,3D
70A07A,7381114,Top Box slots ghost Cursor Y-Axis,"Box, Cursor, PositionY",61,61,1,3D
70A0A0,7381152,right box cursor spacing Y-Axis,"Box, Cursor, PositionY, Spacing",24,24,1,18
70A0A2,7381154,right box cursor Y-Axis,"Box, Cursor, PositionY",208,208,1,D0
70A0A8,7381160,right box cursor X-Axis,"Box, Cursor, PositionX",124,124,1,7C
70A0D0,7381200,Top Box Check Ghost Cursor Y-Axis,"Box, Cursor, PositionY",61,61,1,3D
70A0D3,7381203,Top Box Check Ghost Cursor X-Axis,"Box, Cursor, PositionX",238,238,1,EE
70A0EF,7381231,command box Check Cursor spacing X-Axis,"Box, Cursor, PositionX, Spacing",80,80,1,50
70A0F3,7381235,command box Check Cursor X-Axis,"Box, Cursor, PositionX",226,226,1,E2
70A121,7381281,command box Check Cursor Y-Axis,"Box, Cursor, PositionY",13,13,1,0D
70A1A5,7381413,Top Box Check Magic Submenu Ghost Cursor Y-Axis,"Box, Cursor, MagicMenu, PositionY",60,61,2,3C; 3D
70A1A8,7381416,Top Box Check Magic Submenu Ghost Cursor X-Axis,"Box, Cursor, MagicMenu, PositionX",238,238,1,EE
70A1CB,7381451,magic sub box selection cursor spacing Y-Axis,"Box, Cursor, MagicMenu, PositionY, Spacing",24,24,1,18
70A1E2,7381474,magic sub box selection cursor spacing X-Axis,"Box, Cursor, MagicMenu, PositionX, Spacing",118,118,1,76
70A1E9,7381481,magic sub box selection cursor X-Axis,"Box, Cursor, MagicMenu, PositionX",254,254,1,FE
70A275,7381621,Top Box Check Summon Submenu Ghost Cursor Y-Axis,"Box, Cursor, PositionY",60,61,2,3C; 3D
70A278,7381624,Top Box Check Summon Submenu Ghost Cursor X-Axis,"Box, Cursor, PositionX",238,238,1,EE
70A29A,7381658,summon sub box selection cursor spacing Y-Axis,"Box, Cursor, PositionY, Spacing",24,24,1,18
70A2AC,7381676,summon sub box selection cursor X-Axis,"Box, Cursor, PositionX",254,254,1,FE
70A32A,7381802,Top Box Check Eskill Submenu Ghost Cursor Y-Axis,"Box, Cursor, PositionY",60,61,2,3C; 3D
70A32D,7381805,Top Box Check Eskill Submenu Ghost Cursor X-Axis,"Box, Cursor, PositionX",238,238,1,EE
70A34F,7381839,eskill sub box selection cursor spacing Y-Axis,"Box, Cursor, PositionY, Spacing",24,24,1,18
70A353,7381843,eskill sub box selection cursor Y-Axis,"Box, Cursor, PositionY",15,15,1,0F
70A3E7,7381991,trash menu - right box cursor spacing Y-Axis,"Box, Cursor, PositionY, Spacing",24,24,1,18
70A3E9,7381993,trash menu - right box cursor Y-Axis,"Box, Cursor, PositionY",208,208,1,D0
70A3EF,7381999,trash menu - right box cursor X-Axis,"Box, Cursor, PositionX",124,124,1,7C
70A45D,7382109,top box menu cursor Y-Axis,"Box, Cursor, PositionY",13,13,1,0D
70A4FE,7382270,remove menu - right box cursor spacing Y-Axis,"Box, Cursor, PositionY, Spacing",24,24,1,18
70A500,7382272,remove menu - right box cursor Y-Axis,"Box, Cursor, PositionY",208,208,1,D0
70A506,7382278,remove menu - right box cursor X-Axis,"Box, Cursor, PositionX",124,124,1,7C
70A525,7382309,trash box cursor spacing Y-Axis,"Box, Cursor, PositionY, Spacing",22,22,1,16
70A529,7382313,trash box cursor Y-Axis,"Box, Cursor, PositionY",55,55,1,37
70A537,7382327,trash box cursor X-Axis,"Box, Cursor, PositionX",0,0,1,00
70A563,7382371,trash box first line X-Axis,"Box, PositionX",45,45,1,2D
70A582,7382402,trash box second line Y-Axis,"Box, PositionY",51,51,1,33
70A590,7382416,trash box second line X-Axis,"Box, PositionX",45,45,1,2D
70A5BC,7382460,trash box third line X-Axis,"Box, PositionX",45,45,1,2D
70B0EA,7385322,element Y-Axis,PositionY,1,16,1,10 01
70B0EF,7385327,element X-Axis,PositionX,127,127,1,7F
70B149,7385417,Materia Icon Y-Axis,"Icon, MateriaMenu, PositionY",215,215,1,D7
70B1D5,7385557,Stars X-Axis,PositionX,237,237,1,ED
70B208,7385608,Stars BG X-Axis,PositionX,237,237,1,ED
70B22E,7385646,Next Level Number Y-Axis,PositionY,0,249,1,F9 00
70B233,7385651,Next Level Number X-Axis,PositionX,134,134,1,86
70B264,7385700,AP value Y-Axis,PositionY,249,249,1,F9
70B269,7385705,AP value X-Axis,PositionX,1,13,1,0D 01
70B289,7385737,AP MASTER X-Axis,PositionX,1,29,1,1D 01
70B2A2,7385762,Next Level Y-Axis,PositionY,0,244,1,F4 00
70B2A7,7385767,Next Level X-Axis,PositionX,17,17,1,11
70B2BD,7385789,Equip Effect WORD CLONE Y-Axis,"EquipMenu, PositionY",16,16,1,10
70B2C2,7385794,Equip Effect WORD CLONE X-Axis,"EquipMenu, PositionX",237,237,1,ED
70B2E0,7385824,AP X-Axis,PositionX,237,237,1,ED
70B2F9,7385849,ability list WORD Y-Axis,PositionY,1,16,1,10 01
70B2FE,7385854,ability list WORD X-Axis,PositionX,17,17,1,11
70B314,7385876,Equip Effect WORD Y-Axis,"EquipMenu, PositionY",16,16,1,10
70B319,7385881,Equip Effect WORD X-Axis,"EquipMenu, PositionX",237,237,1,ED
70B3CE,7386062,green materia ability text Y-Axis,"MateriaMenu, PositionY, Text",43,43,1,2B
70B3D4,7386068,green materia ability text X-Axis,"MateriaMenu, PositionX, Text",17,17,1,11
70B411,7386129,red materia ability list Y-Axis,"MateriaMenu, PositionY",43,43,1,2B
70B416,7386134,red materia ability list X-Axis,"MateriaMenu, PositionX",17,17,1,11
70B4A0,7386272,yellow materia ability list Y-Axis,"MateriaMenu, PositionY",43,43,1,2B
70B4A6,7386278,yellow materia ability list X-Axis,"MateriaMenu, PositionX",17,17,1,11
70B4EE,7386350,purple materia MPUP ability list Y-Axis,"MateriaMenu, PositionY",43,43,1,2B
70B4F3,7386355,purple materia MPUP ability list X-Axis,"MateriaMenu, PositionX",17,17,1,11
70B511,7386385,purple materia MAXMP % number Y-Axis,"MateriaMenu, PositionY",48,48,1,30
70B516,7386390,purple materia MAXMP % number X-Axis,"MateriaMenu, PositionX",122,122,1,7A
70B52F,7386415,purple materia MAXMP + Y-Axis,"MateriaMenu, PositionY",48,48,1,30
70B534,7386420,purple materia MAXMP + X-Axis,"MateriaMenu, PositionX",110,110,1,6E
70B54A,7386442,purple materia MAXMP % Y-Axis,"MateriaMenu, PositionY",48,48,1,30
70B54F,7386447,purple materia MAXMP % X-Axis,"MateriaMenu, PositionX",144,144,1,90
70B56D,7386477,purple materia HPUP ability list Y-Axis,"MateriaMenu, PositionY",43,43,1,2B
70B572,7386482,purple materia HPUP ability list X-Axis,"MateriaMenu, PositionX",17,17,1,11
70B591,7386513,purple materia MAXHP % number Y-Axis,"MateriaMenu, PositionY",48,48,1,30
70B596,7386518,purple materia MAXHP % number X-Axis,"MateriaMenu, PositionX",122,122,1,7A
70B5AF,7386543,purple materia MAXHP + Y-Axis,"MateriaMenu, PositionY",48,48,1,30
70B5B4,7386548,purple materia MAXHP + X-Axis,"MateriaMenu, PositionX",110,110,1,6E
70B5CA,7386570,purple materia MAXHP % Y-Axis,"MateriaMenu, PositionY",48,48,1,30
70B5CF,7386575,purple materia MAXHP % X-Axis,"MateriaMenu, PositionX",144,144,1,90
70B5ED,7386605,purple materia SPEED ability list Y-Axis,"MateriaMenu, PositionY",43,43,1,2B
70B5F2,7386610,purple materia SPEED ability list X-Axis,"MateriaMenu, PositionX",17,17,1,11
70B611,7386641,purple materia Agility % number Y-Axis,"MateriaMenu, PositionY",48,48,1,30
70B616,7386646,purple materia Agility % number X-Axis,"MateriaMenu, PositionX",122,122,1,7A
70B62F,7386671,purple materia Agility + Y-Axis,"MateriaMenu, PositionY",48,48,1,30
70B634,7386676,purple materia Agility + X-Axis,"MateriaMenu, PositionX",110,110,1,6E
70B64D,7386701,purple materia Agility % Y-Axis,"MateriaMenu, PositionY",48,48,1,30
70B652,7386706,purple materia Agility % X-Axis,"MateriaMenu, PositionX",144,144,1,90
70B66D,7386733,purple materia MAGIC ability list Y-Axis,"MagicMenu, MateriaMenu, PositionY",43,43,1,2B
70B672,7386738,purple materia MAGIC ability list X-Axis,"MagicMenu, MateriaMenu, PositionX",17,17,1,11
70B690,7386768,purple materia Magic % number Y-Axis,"MagicMenu, MateriaMenu, PositionY",48,48,1,30
70B695,7386773,purple materia Magic % number X-Axis,"MagicMenu, MateriaMenu, PositionX",122,122,1,7A
70B6AB,7386795,purple materia Magic + Y-Axis,"MagicMenu, MateriaMenu, PositionY",48,48,1,30
70B6B0,7386800,purple materia Magic + X-Axis,"MagicMenu, MateriaMenu, PositionX",110,110,1,6E
70B6C6,7386822,purple materia Magic % Y-Axis,"MagicMenu, MateriaMenu, PositionY",48,48,1,30
70B6CB,7386827,purple materia Magic % X-Axis,"MagicMenu, MateriaMenu, PositionX",144,144,1,90
70B6E9,7386857,purple materia LUCK ability list Y-Axis,"MateriaMenu, PositionY",43,43,1,2B
70B6EE,7386862,purple materia LUCK ability list X-Axis,"MateriaMenu, PositionX",17,17,1,11
70B70D,7386893,purple materia Luck % number Y-Axis,"MateriaMenu, PositionY",48,48,1,30
70B712,7386898,purple materia Luck % number X-Axis,"MateriaMenu, PositionX",103,103,1,67
70B728,7386920,purple materia Luck + Y-Axis,"MateriaMenu, PositionY",48,48,1,30
70B72D,7386925,purple materia Luck + X-Axis,"MateriaMenu, PositionX",91,91,1,5B
70B743,7386947,purple materia Luck % Y-Axis,"MateriaMenu, PositionY",48,48,1,30
70B748,7386952,purple materia Luck % X-Axis,"MateriaMenu, PositionX",125,125,1,7D
70B763,7386979,purple materia COVER ability list Y-Axis,"MateriaMenu, PositionY",43,43,1,2B
70B768,7386984,purple materia COVER ability list X-Axis,"MateriaMenu, PositionX",17,17,1,11
70B787,7387015,purple materia Cover % number Y-Axis,"MateriaMenu, PositionY",48,48,1,30
70B78C,7387020,purple materia Cover % number X-Axis,"MateriaMenu, PositionX",122,122,1,7A
70B7A2,7387042,purple materia Cover + Y-Axis,"MateriaMenu, PositionY",48,48,1,30
70B7A7,7387047,purple materia Cover + X-Axis,"MateriaMenu, PositionX",110,110,1,6E
70B7BD,7387069,purple materia Cover % Y-Axis,"MateriaMenu, PositionY",48,48,1,30
70B7C2,7387074,purple materia Cover % X-Axis,"MateriaMenu, PositionX",155,155,1,9B
70B7E7,7387111,purple materia MEGAALL/PREEMPT/COUNTER/LONG/CHOCOBO/AWAY/LURE/GILUP/EXPUP ability list Y-Axis,"MateriaMenu, PositionY",43,43,1,2B
70B7EC,7387116,purple materia MEGAALL/PREEMPT/COUNTER/LONG/CHOCOBO/AWAY/LURE/GILUP/EXPUP ability list X-Axis,"MateriaMenu, PositionX",17,17,1,11
70B80C,7387148,blue materia/purple materia HP<>MP/UNDERWATER ability list Y-Axis,"MateriaMenu, PositionY",43,43,1,2B
70B811,7387153,blue materia/purple materia HP<>MP/UNDERWATER ability list X-Axis,"MateriaMenu, PositionX",17,17,1,11
70BAE9,7387881,EQUIP EFFECT - SYMBOL Y-AXIS,"EquipMenu, PositionY",48,48,1,30
70BAEF,7387887,EQUIP EFFECT - SYMBOL X-AXIS,"EquipMenu, PositionX",63,63,1,3F
70BB17,7387927,EQUIP EFFECT + SYMBOL Y-AXIS,"EquipMenu, PositionY",48,48,1,30
70BB1D,7387933,EQUIP EFFECT + SYMBOL X-AXIS,"EquipMenu, PositionX",63,63,1,3F
70BB5A,7387994,EQUIP EFFECT NUMBERS Y-AXIS,"EquipMenu, PositionY",48,48,1,30
70BB60,7388000,EQUIP EFFECT NUMBERS X-AXIS,"EquipMenu, PositionX",75,75,1,4B
70BB8A,7388042,EQUIP EFFECT NAME TEXT Y-AXIS,"EquipMenu, PositionY, Text",43,43,1,2B
70BB90,7388048,EQUIP EFFECT NAME TEXT X-AXIS,"EquipMenu, PositionX, Text",237,237,1,ED
70BBB6,7388086,EQUIP EFFECT % SYMBOL Y-AXIS,"EquipMenu, PositionY",1,48,1,30 01
70BBBC,7388092,EQUIP EFFECT % SYMBOL X-AXIS,"EquipMenu, PositionX",97,97,1,61
70C78D,7391117,right box number on screen,Box,11,11,1,0B
70C7F6,7391222,right box text spacing Y-Axis,"Box, PositionY, Spacing, Text",24,24,1,18
70C809,7391241,right box text Y-Axis,"Box, PositionY, Text",204,204,1,CC
70C80F,7391247,right box text X-Axis,"Box, PositionX, Text",188,188,1,BC
70C827,7391271,right box row related,Box,11,11,1,0B
70C84D,7391309,materia menu - right box scroll bar X-Axis,"Bar, Box, MateriaMenu, PositionX",111,111,1,6F
70C856,7391318,right box scroll bar Y-Axis,"Bar, Box, PositionY",196,196,1,C4
70C85F,7391327,materia menu - right box scroll bar width,"Bar, Box, MateriaMenu, Width",12,12,1,0C
70C8F8,7391480,right box materia spacing Y-Axis,"Box, MateriaMenu, PositionY, Spacing",24,24,1,18
70C90B,7391499,right box materia Y-Axis,"Box, MateriaMenu, PositionY",205,205,1,CD
70C911,7391505,right box materia X-Axis,"Box, MateriaMenu, PositionX",164,164,1,A4
70D01D,7393309,weapon name X-Axis,PositionX,72,72,1,48
70D05A,7393370,armour name X-Axis,PositionX,72,72,1,48
70D075,7393397,Wpn WORD X-Axis,PositionX,24,24,1,18
70D090,7393424,Arm WORD X-Axis,PositionX,24,24,1,18
70D0A9,7393449,Check WORD Y-Axis,PositionY,57,57,1,39
70D0D0,7393488,Arrange WORD Y-Axis,PositionY,107,107,1,6B
70D7DE,7395294,allow materia discard menu to use page up and page down,MateriaMenu,1,106,1,6A 01
70D7F6,7395318,trash menu - right box cursor row count Y-Axis (full menu refresh),"Box, Cursor, PositionY",11,11,1,0B
70DDE5,7396837,magic sub box cursor row count Y-Axis (full menu refresh),"Box, Cursor, MagicMenu, PositionY",4,4,1,04
70DE1A,7396890,summon sub cursor row count Y-Axis (full menu refresh),"Cursor, PositionY",4,4,1,04
70DE4F,7396943,eskill sub box cursor row count Y-Axis (full menu refresh),"Box, Cursor, PositionY",4,4,1,04
70E9BF,7399871,Materia slots BG Width,"MateriaMenu, Width",0,0,1,00 00
70E9C5,7399877,Materia slots BG Height,"Height, MateriaMenu",0,0,1,00 00
70EBAD,7400365,avatar Y-Axis,"Avatar, PositionY",27,106,1,6A 1B
70EBAF,7400367,avatar X-Axis,"Avatar, PositionX",14,106,1,6A 0E
70EC8A,7400586,exchange menu - right box cursor row count Y-Axis (full menu refresh),"Box, Cursor, PositionY",14,14,1,0E
70EDAB,7400875,exchange menu - ghost cursor character spacing Y-Axis,"Cursor, PositionY, Spacing",94,94,1,5E
70EDAF,7400879,exchange menu - ghost cursor Y-Axis,"Cursor, PositionY",142,142,1,8E
70EDC6,7400902,exchange menu - ghost cursor spacing X-Axis,"Cursor, PositionX, Spacing",28,28,1,1C
70EDC9,7400905,exchange menu - ghost cursor X-Axis,"Cursor, PositionX",72,72,1,48
70EE0B,7400971,exchange menu row ghost cursor Y-Axis,"Cursor, PositionY",116,116,1,74
70EE19,7400985,exchange menu row ghost cursor X-Axis,"Cursor, PositionX",12,12,1,0C
70EE6A,7401066,exchange menu - selection cursor Y-Axis,"Cursor, PositionY",142,142,1,8E
70EEE0,7401184,materia menu - exchange menu - left boxes top row Description text Y-Axis,"Box, MateriaMenu, PositionY, Text",69,73,2,45; 49
70EEFA,7401210,exchange menu - left boxes top row materia name and icon Y-Axis,"Box, Icon, MateriaMenu, PositionY",14,14,1,0E
70EF40,7401280,materia menu - exchange menu - left boxes bottom row Description text Y-Axis,"Box, MateriaMenu, PositionY, Text",69,73,2,45; 49
70EF59,7401305,exchange menu - left boxes bottom row materia name and icon Y-Axis,"Box, Icon, MateriaMenu, PositionY",14,14,1,0E
70EF82,7401346,exchange menu - right box cursor spacing Y-Axis,"Box, Cursor, PositionY, Spacing",24,24,1,18
70EF86,7401350,exchange menu - right box cursor Y-Axis,"Box, Cursor, PositionY",23,23,1,17
70EF94,7401364,exchange menu - right box cursor X-Axis,"Box, Cursor, PositionX",250,250,1,FA
70EFE0,7401440,materia menu - exchange menu - right box materia Description text Y-Axis,"Box, MateriaMenu, PositionY, Text",69,73,2,45; 49
70F028,7401512,exchange menu row selection cursor Y-Axis,"Cursor, PositionY",116,116,1,74
70F02B,7401515,exchange menu row selection cursor X-Axis,"Cursor, PositionX",12,12,1,0C
70F14A,7401802,exchange menu left boxes top slots Y-Axis,"Box, PositionY",37,37,1,25
70F1A2,7401890,exchange menu left boxes bottom slots Y-Axis,"Box, PositionY",63,63,1,3F
70F1F9,7401977,exchange menu left boxes Wpn. Y-Axis,"Box, PositionY",35,35,1,23
70F21B,7402011,exchange menu left boxes Arm. Y-Axis,"Box, PositionY",61,61,1,3D
70F298,7402136,exchange menu - left scroll bar X-Axis,"Bar, PositionX",10,193,1,C1 0A
70F299,7402137,materia menu - exchange menu - left scroll bar X-Axis,"Bar, MateriaMenu, PositionX",6,6,2,06; 06
70F2B1,7402161,materia menu - exchange menu - left scroll bar width,"Bar, MateriaMenu, Width",12,12,1,0C
70F308,7402248,exchange menu - right box contents X-Axis,"Box, PositionX",195,195,1,C3
70F30F,7402255,exchange menu - right box text Y-Axis,"Box, PositionY, Text",122,122,1,7A
70F321,7402273,exchange menu - right box count,Box,14,14,1,0E
70F37E,7402366,exchange menu - right box text spacing Y-Axis,"Box, PositionY, Spacing, Text",24,24,1,18
70F3A5,7402405,exchange menu - right scroll bar height,"Bar, Height",14,14,1,0E
70F3C5,7402437,materia menu - exchange menu - right scroll bar X-Axis,"Bar, MateriaMenu, PositionX",111,111,1,6F
70F3D7,7402455,materia menu - exchange menu - right scroll bar width,"Bar, MateriaMenu, Width",12,12,1,0C
70F460,7402592,exchange menu - right box materia spacing Y-Axis,"Box, MateriaMenu, PositionY, Spacing",24,24,1,18
70F466,7402598,exchange menu - right box materia Y-Axis,"Box, MateriaMenu, PositionY",1,16,1,10 01
70F479,7402617,exchange menu - right box materia X-Axis 02,"Box, MateriaMenu, PositionX",26,26,1,1A
70F501,7402753,exchange menu - materia icon Y-Axis,"Icon, MateriaMenu, PositionY",255,255,1,FF
710CDC,7408860,magic box cursor row count Y-Axis (refresh menu),"Box, Cursor, MagicMenu, PositionY",10,10,1,0A
710D05,7408901,summon box cursor row count Y-Axis (refresh menu),"Box, Cursor, PositionY",8,8,1,08
710D2E,7408942,eskill box cursor row count Y-Axis (refresh menu),"Box, Cursor, PositionY",10,10,1,0A
710EAA,7409322,cursor Y-Axis,"Cursor, PositionY",17,17,1,11
710EB8,7409336,cursor X-Axis,"Cursor, PositionX",11,11,1,0B
711061,7409761,magic box selection box hp/mp/lv stats Y-Axis,"Box, MagicMenu, PositionY",15,15,1,0F
711089,7409801,magic box selection box avatars Y-Axis,"Avatar, Box, MagicMenu, PositionY",10,16,1,0A 10
7110EA,7409898,magic box selection box description text X-Axis,"Box, MagicMenu, PositionX, Text",219,219,1,DB
711104,7409924,magic box selection box description box width,"Box, MagicMenu, Width",139,139,1,8B
711182,7410050,magic box ghost cursor spacing Y-Axis,"Box, Cursor, MagicMenu, PositionY, Spacing",24,24,1,18
711186,7410054,magic box ghost cursor Y-Axis,"Box, Cursor, MagicMenu, PositionY",21,21,1,15
711199,7410073,magic box ghost cursor spacing X-Axis,"Box, Cursor, MagicMenu, PositionX, Spacing",22,22,1,16
71119D,7410077,magic box ghost cursor X-Axis,"Box, Cursor, MagicMenu, PositionX",31,31,1,1F
7111BC,7410108,magic box cursor spacing Y-Axis,"Box, Cursor, MagicMenu, PositionY, Spacing",24,24,1,18
7111C0,7410112,magic box cursor Y-Axis,"Box, Cursor, MagicMenu, PositionY",21,21,1,15
7111D4,7410132,magic box cursor spacing X-Axis,"Box, Cursor, MagicMenu, PositionX, Spacing",22,22,1,16
7111D8,7410136,magic box cursor X-Axis,"Box, Cursor, MagicMenu, PositionX",31,31,1,1F
711220,7410208,Magic Menu - Description Y-Axis,"MagicMenu, PositionY",11,11,1,0B
711244,7410244,Added Ability Y-Axis,PositionY,39,39,1,27
711389,7410569,Added Ability Turbo/ALL Y-Axis,"MagicMenu, PositionY",64,64,2,40; 40
7113A3,7410595,Quadra Magic X-Axis,"MagicMenu, PositionX",1,148,1,94 01
7113A4,7410596,Added Ability Turbo/ALL X-Axis,PositionX,1,255,1,01 FF
7113E7,7410663,All Number Y-Axis,PositionY,68,68,1,44
711404,7410692,All Number X-Axis,PositionX,1,61,1,3D 01
711439,7410745,All X Y-Axis,PositionY,68,68,1,44
711456,7410774,All X X-Axis,PositionX,1,95,1,5F 01
71149D,7410845,Quadra Magic Number Y-Axis,"MagicMenu, PositionY",68,68,1,44
7114BA,7410874,Quadra Magic Number X-Axis,"MagicMenu, PositionX",1,61,1,3D 01
7114EF,7410927,Quadra Magic X Y-Axis,"MagicMenu, PositionY",68,68,1,44
71150C,7410956,Quadra Magic X X-Axis,"MagicMenu, PositionX",1,95,1,5F 01
711552,7411026,Turbo MP number Y-Axis,PositionY,68,68,1,44
7115A8,7411112,NOTHING Y-Axis,PositionY,64,64,1,40
7115B4,7411124,NOTHING X-Axis,PositionX,1,1,1,01 01
7115EE,7411182,mpneeded magic WORD X-Axis,"MagicMenu, PositionX",43,43,1,2B
711629,7411241,MP Needed Number Y-Axis,PositionY,77,77,1,4D
711637,7411255,MP Needed Magic Number X-Axis,"MagicMenu, PositionX",86,86,1,56
711648,7411272,magic box scroll bar row count height,"Bar, Box, Height, MagicMenu",10,10,1,0A
711668,7411304,magic menu - magic box scroll bar X-Axis,"Bar, Box, MagicMenu, PositionX",111,111,1,6F
711676,7411318,magic box scroll bar Y-Axis - not optimal but cannot adjust height so this makes symmetrical,"Bar, Box, Height, MagicMenu, PositionY",8,8,1,08
711684,7411332,magic menu - magic box scroll bar width,"Bar, Box, MagicMenu, Width",12,12,1,0C
7116DF,7411423,magic box scroll bottom border row number,"Box, MagicMenu",11,11,1,0B
7116E8,7411432,magic box row count Y-Axis,"Box, MagicMenu, PositionY",10,10,1,0A
7117D7,7411671,magic box text spacing Y-Axis,"Box, MagicMenu, PositionY, Spacing, Text",24,24,1,18
7117ED,7411693,magic menu - magic box text spacing X-Axis,"Box, MagicMenu, PositionX, Spacing, Text",22,22,1,16
71183C,7411772,summon box cursor spacing Y-Axis,"Box, Cursor, PositionY, Spacing",24,24,1,18
711840,7411776,summon box cursor Y-Axis,"Box, Cursor, PositionY",21,21,1,15
7118EB,7411947,Summon Added Ability Y-Axis,PositionY,39,39,1,27
711A1A,7412250,Summon Quadra/Turbo Y-Axis,PositionY,64,64,1,40
711A37,7412279,Summon Quadra/Turbo X-Axis,PositionX,0,255,1,FF 00
711B32,7412530,Summon Quadra Magic Number Y-Axis,"MagicMenu, PositionY",68,68,1,44
711B84,7412612,Summon Quadra Magic X Y-Axis,"MagicMenu, PositionY",68,68,1,44
711BE7,7412711,Summon Turbo MP number Y-Axis,PositionY,68,68,1,44
711C04,7412740,Summon Turbo MP number X-Axis,PositionX,1,72,1,48 01
711C3D,7412797,Summon - Added Ability NOTHING Y-Axis,PositionY,64,64,1,40
711C83,7412867,summon mpneeded WORD X-Axis,PositionX,43,43,1,2B
711CCF,7412943,SUMMON MP NEEDED NUMBER X-AXIS,PositionX,70,86,2,46; 56
711CE9,7412969,summon box scroll bar scaling height,"Bar, Box, Height",7,7,1,07
711D00,7412992,magic menu - summon box scroll bar X-Axis,"Bar, Box, MagicMenu, PositionX",111,111,1,6F
711D0E,7413006,summon box scroll bar Y-Axis,"Bar, Box, PositionY",7,7,1,07
711D1C,7413020,magic menu - summon box scroll bar width,"Bar, Box, MagicMenu, Width",12,12,1,0C
711D80,7413120,summon box row count Y-Axis,"Box, PositionY",8,8,1,08
711E1D,7413277,summon box text spacing Y-Axis,"Box, PositionY, Spacing, Text",24,24,1,18
711E86,7413382,eskill box cursor spacing Y-Axis,"Box, Cursor, PositionY, Spacing",24,24,1,18
711E8A,7413386,eskill box cursor Y-Axis,"Box, Cursor, PositionY",21,21,1,15
711F35,7413557,Enemy Skill added ability Y-Axis,PositionY,39,39,1,27
711F41,7413569,Enemy Skill added ability X-Axis,PositionX,255,255,1,FF
711F79,7413625,Enemy Skill NOTHING Y-Axis,PositionY,64,64,1,40
711F86,7413638,Enemy Skill NOTHING X-Axis,PositionX,0,1,1,00 01
711FBF,7413695,eskill mpneeded WORD X-Axis,PositionX,43,43,1,2B
711FFD,7413757,Enemy Skill MP Needed Number Y-Axis,PositionY,77,77,1,4D
71200A,7413770,Enemy Skill MP Needed Number X-Axis,PositionX,70,86,2,46; 56
71201B,7413787,eskill box scroll bar row count height,"Bar, Box, Height",10,10,1,0A
71203B,7413819,magic menu - eskill box scroll bar X-Axis,"Bar, Box, MagicMenu, PositionX",111,111,1,6F
712048,7413832,eskill box scroll bar Y-Axis,"Bar, Box, PositionY",8,8,1,08
712057,7413847,magic menu - eskill box scroll bar width,"Bar, Box, MagicMenu, Width",12,12,1,0C
7120B1,7413937,eskill box scroll bottom border row number,Box,11,11,1,0B
7120BA,7413946,eskill box row count Y-Axis,"Box, PositionY",10,10,1,0A
712157,7414103,eskill box text spacing Y-Axis = 18,"Box, PositionY, Spacing, Text",24,24,1,18
714F40,7425856,Use Item Cursor Row Count Y-Axis (refresh menu),"Cursor, ItemMenu, PositionY",15,15,1,0F
7151E7,7426535,Use Ghost Cursor Spacing Y-Axis,"Cursor, PositionY, Spacing",24,24,1,18
7151EA,7426538,Use Ghost Cursor Y-Axis,"Cursor, PositionY",111,111,1,6F
7151ED,7426541,Use Ghost Cursor X-Axis,"Cursor, ItemMenu, PositionX",47,75,2,2F; 4B
715240,7426624,Top Cursor Y-Axis,"Cursor, PositionY",17,17,1,11
71524C,7426636,Top Cursor X-Axis,"Cursor, PositionX",15,15,1,0F
71526B,7426667,Top Cursor Ghost USE Y-Axis,"Cursor, PositionY",17,17,1,11
715277,7426679,Top Cursor Ghost USE X-Axis,"Cursor, PositionX",15,15,1,0F
71528E,7426702,Use Cursor Spacing Y-Axis,"Cursor, PositionY, Spacing",24,24,1,18
715291,7426705,Use Cursor Y-Axis,"Cursor, PositionY",111,111,1,6F
715294,7426708,Use Cursor X-Axis,"Cursor, ItemMenu, PositionX",47,75,2,2F; 4B
7152EC,7426796,Item Menu - Use Item Description Position Y-axis,"ItemMenu, PositionY",60,60,1,3C
715309,7426825,Item Menu - Use Character Select Top Ghost Cursor Y-Axis,"Cursor, ItemMenu, PositionY",17,17,1,11
715314,7426836,Item Menu - Use Character Select Top Ghost Cursor X-Axis,"Cursor, ItemMenu, PositionX",15,15,1,0F
71536A,7426922,Item Menu - Use Item Character Select Description Position Y-axis,"ItemMenu, PositionX, PositionY",60,64,2,3C; 40
71538A,7426954,Top Cursor Ghost KEY ITEMS Y-Axis,"Cursor, ItemMenu, PositionY",17,17,1,11
715396,7426966,Top Cursor Ghost KEY ITEMS X-Axis,"Cursor, ItemMenu, PositionX",15,15,1,0F
7153AD,7426989,Key Items Cursor Spacing Y-Axis,"Cursor, ItemMenu, PositionY, Spacing",24,24,1,18
7153B0,7426992,Key Items Cursor Y-Axis,"Cursor, ItemMenu, PositionY",128,128,1,80
7153C2,7427010,Key Items Cursor X-Axis,"Cursor, ItemMenu, PositionX",8,8,1,08
71541B,7427099,Item Menu - Key Item Description Position Y-axis,"ItemMenu, PositionY",60,64,2,3C; 40
71543B,7427131,Top Cursor Ghost ARRANGE Y-Axis,"Cursor, PositionY",17,17,1,11
715447,7427143,Top Cursor Ghost ARRANGE X-Axis,"Cursor, PositionX",15,15,1,0F
71546B,7427179,arrange menu cursor Y-Axis,"Cursor, PositionY",14,14,1,0E
715479,7427193,arrange menu cursor X-Axis,"Cursor, PositionX",22,22,1,16
7154C1,7427265,ARRANGE Text Spacing Y-Axis,"PositionY, Spacing, Text",26,26,1,1A
7154C5,7427269,ARRANGE Text Position Y-Axis,"PositionY, Text",10,10,1,0A
7154D2,7427282,ARRANGE Text Position X-Axis,"PositionX, Text",22,22,1,16
715504,7427332,Arrange Custom Top Ghost Cursor Y-Axis,"Cursor, PositionY",17,17,1,11
715566,7427430,Item Menu - Arrange Item Description Position Y-axis,"ItemMenu, PositionY",60,60,1,3C
7155D9,7427545,Avatar position Y-axis,"Avatar, PositionY",121,121,1,79
7155DC,7427548,Avatar position X-axis,"Avatar, PositionX",37,37,1,25
7155E8,7427560,Avatar box height,"Avatar, Box, Height",128,128,1,80
7155ED,7427565,Avatar box width,"Avatar, Box, Width",1,44,1,2C 01
7155F2,7427570,Avatar box Y-axis,"Avatar, Box, PositionY",96,96,1,60
71563F,7427647,Top menu position Y-axis,PositionY,13,13,1,0D
715645,7427653,Top menu spacing X-axis,"PositionX, Spacing",93,93,1,5D
715648,7427656,Top menu position  X-axis,PositionX,57,57,1,39
71569F,7427743,Arrange Ghost Cursor Spacing Y-Axis,"Cursor, PositionY, Spacing",24,24,1,18
7156D0,7427792,Arrange Ghost Cursor Y-Axis,"Cursor, PositionY",120,120,1,78
7156D3,7427795,Arrange Ghost Cursor X-Axis,"Cursor, PositionX",47,47,1,2F
7156EC,7427820,Arrange Cursor Spacing Y-Axis,"Cursor, PositionY, Spacing",24,24,1,18
7156EF,7427823,Arrange Cursor Y-Axis,"Cursor, PositionY",111,111,1,6F
7156F2,7427826,Arrange Cursor X-Axis,"Cursor, PositionX",47,47,1,2F
715715,7427861,Scroll Bar Row Count Height,"Bar, Height",15,15,1,0F
71573A,7427898,Item Menu - Scroll Bar X-Axis,"Bar, ItemMenu, PositionX",111,111,1,6F
71574C,7427916,Item Menu - Scroll Bar Width,"Bar, ItemMenu, Width",12,12,1,0C
71577D,7427965,Right Box Row Count Y-Axis,"Box, PositionY",15,15,1,0F
71582C,7428140,Right Box Text Spacing Y-Axis,"Box, PositionY, Spacing, Text",24,24,1,18
71583F,7428159,Right Box Text Y-Axis,"Box, PositionY, Text",107,107,1,6B
7158F6,7428342,Right Box Icons Spacing Y-Axis,"Box, Icon, PositionY, Spacing",24,24,1,18
715909,7428361,Right Box Icons Y-Axis,"Box, Icon, PositionY",103,103,1,67
71590D,7428365,OG icons item menu,"Icon, ItemMenu",3,3,1,03
71592B,7428395,Right Box Colon Spacing Y-Axis,"Box, PositionY, Spacing",24,24,1,18
71593E,7428414,Right Box Colon Y-Axis,"Box, PositionY",112,112,1,70
715961,7428449,Right Box Quantity Spacing Y-Axis,"Box, PositionY, Spacing",24,24,1,18
715974,7428468,Right Box Quantity Y-Axis,"Box, PositionY",110,110,1,6E
715994,7428500,Key Items Scroll Bar Row Count Height,"Bar, Height, ItemMenu",14,14,1,0E
715A6C,7428716,Right Box Key Items Spacing Y-Axis,"Box, ItemMenu, PositionY, Spacing",24,24,1,18
716575,7431541,Key Items Cursor Row Count Y-Axis (refresh menu),"Cursor, ItemMenu, PositionY",14,14,1,0E
717410,7435280,Arrange Custom Cursor Row Count Y-Axis (refresh menu),"Cursor, PositionY",15,15,1,0F
718FCC,7442380,name - menu cursor Y-Axis,"Cursor, PositionY",0,213,2,D5 00; D5 00
718FD2,7442386,name - menu cursor X-Axis,"Cursor, PositionX",1,225,2,E1 01; E1 01
719244,7443012,name - menu contents Y-Axis,PositionY,0,210,2,D2 00; D2 00
71924A,7443018,name - menu contents X-Axis,PositionX,2,13,2,0D 02; 0D 02
7193CE,7443406,name - Typed letters Palette Color,Color,6,6,2,06; 06
7193D0,7443408,name - Typed letters Y-Axis,PositionY,116,116,2,74; 74
7193FF,7443455,Please enter a name Y-Axis,PositionY,21,21,2,15; 15
719401,7443457,Please enter a name X-Axis,PositionX,80,80,2,50; 50
71941B,7443483,name - Avatar Y-Axis,"Avatar, PositionY",79,79,2,4F; 4F
71941D,7443485,name - Avatar X-Axis,"Avatar, PositionX",81,81,2,51; 51
719EE8,7446248,bottom stat box flashing bg X-Axis (should be disabled though),"Box, PositionX",50,50,1,32
719EFB,7446267,shop - disable bottom stat box flashing bg boxes for transparent avatars,"Avatar, Box, ShopMenu",255,255,2,FF; FF
719FA4,7446436,bottom stat box contents X-Axis,"Box, PositionX",50,50,1,32
71A189,7446921,bottom stat 'D' X-Axis,PositionX,66,66,1,42
71A1AB,7446955,bottom stat 'A' X-Axis,PositionX,66,66,1,42
71A734,7448372,sell item - cursor row count (shop refresh),"Cursor, ItemMenu, ShopMenu",15,15,1,0F
71AB6C,7449452,all shops - buy/sell/exit sell box cursor spacing X-Axis,"Box, Cursor, PositionX, ShopMenu, Spacing",46,46,1,2E
71AB70,7449456,all shops - buy/sell/exit sell box cursor X-Axis,"Box, Cursor, PositionX, ShopMenu",248,248,1,F8
71AB9F,7449503,all shops - buy/sell/exit sell box item/materia contents X-Axis,"Box, ItemMenu, MateriaMenu, PositionX, ShopMenu",34,34,1,22
71ABEB,7449579,all shops - buy/sell/exit sell box ghost cursor spacing X-Axis,"Box, Cursor, PositionX, ShopMenu, Spacing",43,43,1,2B
71ABEF,7449583,all shops - buy/sell/exit sell box ghost cursor X-Axis,"Box, Cursor, PositionX, ShopMenu",222,230,2,E6; DE
71AC1E,7449630,buy/sell/exit X-Axis (when selecting Sell),PositionX,16,16,1,10
71ACC6,7449798,all shops - buy/sell/exit cursor spacing X-Axis,"Cursor, PositionX, ShopMenu, Spacing",43,46,2,2B; 2E
71ACCA,7449802,all shops - buy/sell/exit cursor X-Axis,"Cursor, PositionX, ShopMenu",226,230,2,E6; E2
71ACFA,7449850,buy/sell/exit X-Axis,PositionX,16,16,1,10
71AD72,7449970,sell materia - right box cursor spacing Y-Axis,"Box, Cursor, MateriaMenu, PositionY, Spacing",24,24,1,18
71AD75,7449973,sell materia - right box cursor Y-Axis,"Box, Cursor, MateriaMenu, PositionY",206,206,1,CE
71AD7B,7449979,sell materia - right box cursor X-Axis,"Box, Cursor, MateriaMenu, PositionX",123,123,1,7B
71AD9F,7450015,sell materia - top box what would you like to sell WORD X-Axis,"Box, MateriaMenu, PositionX",30,30,1,1E
71AE6B,7450219,sell materia - right box visible row count,"Box, MateriaMenu",11,11,1,0B
71AEC8,7450312,sell materia - right box text spacing Y-Axis,"Box, MateriaMenu, PositionY, Spacing, Text",24,24,1,18
71AED3,7450323,sell materia - right box text Y-Axis,"Box, MateriaMenu, PositionY, Text",2,202,1,02 CA
71AEDA,7450330,sell materia - right box text X-Axis,"Box, MateriaMenu, PositionX, Text",188,188,1,BC
71AEEF,7450351,sell materia - right box scroll row height,"Box, Height, MateriaMenu",11,11,1,0B
71AF0F,7450383,sell materia - scroll bar X-axis,"Bar, MateriaMenu, PositionX",111,111,1,6F
71AF18,7450392,sell materia - scroll bar Y-Axis,"Bar, MateriaMenu, PositionY",196,196,1,C4
71AF21,7450401,sell materia - scroll bar width,"Bar, MateriaMenu, Width",12,12,1,0C
71AFA9,7450537,sell materia - right box icons spacing Y-Axis,"Box, Icon, MateriaMenu, PositionY, Spacing",24,24,1,18
71AFB6,7450550,sell materia - right box icons Y-Axis,"Box, Icon, MateriaMenu, PositionY",203,203,1,CB
71AFBC,7450556,sell materia - right box icons X-Axis,"Box, Icon, MateriaMenu, PositionX",163,163,1,A3
71B006,7450630,sell materia - top box remaining Y-Axis,"Box, MateriaMenu, PositionY",2,2,1,02
71B04F,7450703,sell materia - top box price for master X-Axis,"Box, MateriaMenu, PositionX",0,208,1,D0 00
71B08C,7450764,sell materia - top box price through AP X-Axis,"Box, MateriaMenu, PositionX",0,208,1,D0 00
71B131,7450929,sell materia - top box gil WORD X-Axis,"Box, MateriaMenu, PositionX",195,195,1,C3
71B194,7451028,sell materia - top box remaining WORD Y-Axis,"Box, MateriaMenu, PositionY",6,6,1,06
71B1A2,7451042,sell materia - top box remaining WORD X-Axis,"Box, MateriaMenu, PositionX",61,61,1,3D
71B279,7451257,all shop - selected item boxes spacing Y-Axis,"Box, ItemMenu, PositionY, ShopMenu, Spacing",24,24,1,18
71B2E8,7451368,inv box quantity number Y-Axis,"Box, PositionY",22,22,1,16
71B2F6,7451382,inv box quantity number X-Axis,"Box, PositionX",74,74,1,4A
71B32A,7451434,inv box total number Y-Axis,"Box, PositionY",50,50,1,32
71B338,7451448,inv box total number X-Axis,"Box, PositionX",74,74,1,4A
71B364,7451492,inv box How many WORD X-Axis,"Box, PositionX",26,26,1,1A
71B391,7451537,inv box Total WORD X-Axis,"Box, PositionX",26,26,1,1A
71B479,7451769,Weapon slot/growth Slots Y-Axis,PositionY,21,21,1,15
71B4BF,7451839,Armor slot/growth Slots Y-Axis,PositionY,21,21,1,15
71B52A,7451946,Armor slot/growth growth value X-Axis,PositionX,0,182,1,B6 00
71B5F0,7452144,all shop buy - right box gil amount Y-Axis,"Box, PositionY, ShopMenu",26,26,1,1A
71B5FD,7452157,all shop buy- right box gil amount X-Axis,"Box, PositionX, ShopMenu",47,47,1,2F
71B61F,7452191,all shop buy - right box owned Y-Axis,"Box, PositionY, ShopMenu",115,115,1,73
71B62D,7452205,all shop buy - right box owned X-Axis,"Box, PositionX, ShopMenu",47,47,1,2F
71B64F,7452239,all shop buy - right box equipped Y-Axis,"Box, EquipMenu, PositionY, ShopMenu",151,151,1,97
71B660,7452256,all shop buy - right box equipped X-Axis,"Box, EquipMenu, PositionX, ShopMenu",47,47,1,2F
71B681,7452289,all shop buy - right box gil WORD Y-Axis,"Box, PositionY, ShopMenu",21,21,1,15
71B6B1,7452337,all shop buy - right box owned WORD Y-Axis,"Box, PositionY, ShopMenu",110,110,1,6E
71B848,7452744,weapon shop - spacing Y-Axis,"PositionY, ShopMenu, Spacing",24,24,1,18
71B84B,7452747,all shops - visible area Y-Axis,"PositionY, ShopMenu",2,19,1,02 13
71B8B1,7452849,Enable weapon/item shop Y-Axis Alignment,"ItemMenu, PositionY, ShopMenu",0,233,1,E9 BB 81 1F 00
71B8B7,7452855,weapon/item shop - text X-Axis,"ItemMenu, PositionX, ShopMenu, Text",73,73,1,49
71B8D0,7452880,weapon/item shop - icons Y-Axis,"Icon, ItemMenu, PositionY, ShopMenu",5,5,1,05
71B8D3,7452883,weapon/item shop - icon X-Axis,"Icon, ItemMenu, PositionX, ShopMenu",43,128,2,2B; 80
71B927,7452967,Enable materia shop Y-Axis Alignment,"MateriaMenu, PositionY, ShopMenu",0,233,1,E9 51 81 1F 00
71B92D,7452973,materia shop - text X-Axis,"MateriaMenu, PositionX, ShopMenu, Text",73,93,2,49; 5D
71B94A,7453002,Enable materia shop icon Y-Axis adjustment,"Icon, MateriaMenu, PositionY, ShopMenu",0,248,1,6A 01 6A 00 6A 00 8B 4D F8 51 6A 10 6A 10 6A 20
71B95C,7453020,buy materia - icon Y-Axis,"Icon, MateriaMenu, PositionY",31,31,1,1F
71B964,7453028,materia shop - icons Y-Axis,"Icon, MateriaMenu, PositionY, ShopMenu",1,1,1,01
71B967,7453031,materia shop - icons X-Axis,"Icon, MateriaMenu, PositionX, ShopMenu",46,69,2,2E; 45
71B9FB,7453179,weapon shop - scroll row height Y-Axis,"Height, PositionY, ShopMenu",7,7,1,07
71BA38,7453240,all shop buy - scroll bar X-Axis,"Bar, PositionX, ShopMenu",234,234,1,EA
71BA5A,7453274,all shop buy - scroll bar width,"Bar, ShopMenu, Width",12,12,1,0C
71BAA6,7453350,all shop buy - cursor spacing Y-Axis,"Cursor, PositionY, ShopMenu, Spacing",24,24,1,18
71BAAA,7453354,all shop buy - cursor Y-Axis,"Cursor, PositionY, ShopMenu",22,22,1,16
71BAAD,7453357,all shop buy - cursor X-Axis,"Cursor, PositionX, ShopMenu",5,30,2,05; 1E
71BAD8,7453400,all shop buy - ghost cursor spacing Y-Axis,"Cursor, PositionY, ShopMenu, Spacing",24,24,1,18
71BADC,7453404,all shop buy - ghost cursor Y-Axis,"Cursor, PositionY, ShopMenu",22,22,1,16
71BADF,7453407,all shop buy - ghost cursor X-Axis,"Cursor, PositionX, ShopMenu",5,30,2,05; 1E
71BC2B,7453739,sell item - sub menu how many WORD Y-Axis,"ItemMenu, PositionY",123,123,1,7B
71BC48,7453768,sell item - sub menu total WORD Y-Axis,"ItemMenu, PositionY",149,149,1,95
71BC88,7453832,sell item - sub menu gil WORD Y-Axis,"ItemMenu, PositionY",0,203,1,CB 00
71BC91,7453841,sell item - sub menu gil WORD X-Axis,"ItemMenu, PositionX",30,30,1,1E
71BCA8,7453864,sell item - sub menu owned WORD Y-Axis,"ItemMenu, PositionY",0,230,1,E6 00
71BCB1,7453873,sell item - sub menu owned WORD X-Axis,"ItemMenu, PositionX",30,30,1,1E
71BCC8,7453896,sell item - sub menu equipped WORD Y-Axis,"EquipMenu, ItemMenu, PositionY",1,1,1,01 01
71BCD1,7453905,sell item - sub menu equipped WORD X-Axis,"EquipMenu, ItemMenu, PositionX",30,30,1,1E
71BD6A,7454058,sell item - sub menu remaining Y-Axis,"ItemMenu, PositionY",181,181,1,B5
71BD90,7454096,sell item - sub menu gil Y-Axis,"ItemMenu, PositionY",0,208,1,D0 00
71BDB4,7454132,sell item - sub menu owned Y-Axis,"ItemMenu, PositionY",0,235,1,EB 00
71BDD7,7454167,sell item - sub menu equipped Y-Axis,"EquipMenu, ItemMenu, PositionY",1,6,1,06 01
71BE4D,7454285,sell item - ghost cursor spacing Y-Axis,"Cursor, ItemMenu, PositionY, Spacing",24,24,1,18
71BE50,7454288,sell item - ghost cursor Y-Axis,"Cursor, ItemMenu, PositionY",109,109,1,6D
71BE59,7454297,sell item - ghost cursor spacing X-Axis,"Cursor, ItemMenu, PositionX, Spacing",37,37,1,25
71BE5F,7454303,sell item - ghost cursor X-Axis,"Cursor, ItemMenu, PositionX",30,30,1,1E
71BE98,7454360,sell item - cursor spacing Y-Axis,"Cursor, ItemMenu, PositionY, Spacing",24,24,1,18
71BE9B,7454363,sell item - cursor Y-Axis,"Cursor, ItemMenu, PositionY",109,109,1,6D
71BEA4,7454372,sell item - cursor spacing X-Axis,"Cursor, ItemMenu, PositionX, Spacing",37,37,1,25
71BEAA,7454378,sell item - cursor X-Axis,"Cursor, ItemMenu, PositionX",30,30,1,1E
71BF1E,7454494,sell item - scroll row height,"Height, ItemMenu",15,15,1,0F
71BF3E,7454526,sell item scroll bax X-axis,"ItemMenu, PositionX",111,111,1,6F
71BF47,7454535,sell item - scroll bar Y-Axis,"Bar, ItemMenu, PositionY",99,99,1,63
71BF50,7454544,sell item scroll bar width,"Bar, ItemMenu, Width",12,12,1,0C
71BF59,7454553,sell item - scroll bar height,"Bar, Height, ItemMenu",1,119,1,77 01
71BF91,7454609,sell item - visible row count,ItemMenu,15,15,1,0F
71C05A,7454810,sell item - text spacing Y-Axis,"ItemMenu, PositionY, Spacing, Text",24,24,1,18
71C067,7454823,sell item - text Y-Axis,"ItemMenu, PositionY, Text",105,105,1,69
71C150,7455056,sell item - icon spacing Y-Axis,"Icon, ItemMenu, PositionY, Spacing",24,24,1,18
71C15D,7455069,sell item - icon Y-Axis,"Icon, ItemMenu, PositionY",101,101,1,65
71C187,7455111,sell item - colon spacing Y-Axis,"ItemMenu, PositionY, Spacing",24,24,1,18
71C194,7455124,sell item - colon Y-Axis,"ItemMenu, PositionY",112,112,1,70
71C1C4,7455172,sell item - number spacing Y-Axis,"ItemMenu, PositionY, Spacing",24,24,1,18
71C1D1,7455185,sell item - number Y-Axis,"ItemMenu, PositionY",111,111,1,6F
71D9B8,7461304,weapon shop - cursor row count (menu refresh),"Cursor, ShopMenu",7,7,1,07
71E134,7463220,sell materia - right box cursor visible row (full menu refresh),"Box, Cursor, MateriaMenu",11,11,1,0B
71E46D,7464045,sell materia - element Y-Axis,"MateriaMenu, PositionY",1,16,1,10 01
71E472,7464050,sell materia - element X-Axis,"MateriaMenu, PositionX",127,127,1,7F
71E4CC,7464140,sell materia - materia icon Y-Axis,"Icon, MateriaMenu, PositionY",215,215,1,D7
71E558,7464280,sell materia - filled stars X-Axis related,"MateriaMenu, PositionX",237,237,1,ED
71E58B,7464331,sell materia - empty stars X-Axis related,"MateriaMenu, PositionX",237,237,1,ED
71E5B1,7464369,sell materia - next level value Y-Axis,"MateriaMenu, PositionY",0,249,2,F9 00; 12 01
71E5B6,7464374,sell materia - next level value X-Axis,"MateriaMenu, PositionX",134,134,1,86
71E5E7,7464423,sell materia - ap value Y-Axis,"MateriaMenu, PositionY",249,249,1,F9
71E5EC,7464428,sell materia - ap value X-Axis,"MateriaMenu, PositionX",1,13,1,0D 01
71E60C,7464460,sell materia - MASTER X-Axis,"MateriaMenu, PositionX",1,29,1,1D 01
71E625,7464485,sell materia - next level WORD Y-Axis,"MateriaMenu, PositionY",0,244,1,F4 00
71E62A,7464490,sell materia - next level WORD X-Axis,"MateriaMenu, PositionX",17,119,2,11; 77
71E640,7464512,sell materia - equip effect WORD Y-Axis,"EquipMenu, MateriaMenu, PositionY",16,16,1,10
71E645,7464517,sell materia - equip effect WORD X-Axis,"EquipMenu, MateriaMenu, PositionX",237,237,1,ED
71E663,7464547,sell materia - AP WORD X-Axis,"MateriaMenu, PositionX",237,237,1,ED
71E67C,7464572,sell materia - ability list WORD Y-Axis,"MateriaMenu, PositionY",1,16,1,10 01
71E681,7464577,sell materia - ability list WORD X-Axis,"MateriaMenu, PositionX",17,17,1,11
71E697,7464599,sell materia - equip effect WORD clone Y-Axis,"EquipMenu, MateriaMenu, PositionY",16,16,1,10
71E69C,7464604,sell materia - equip effect WORD clone X-Axis,"EquipMenu, MateriaMenu, PositionX",237,237,1,ED
71E751,7464785,sell materia - green ability Y-Axis,"MateriaMenu, PositionY",43,43,1,2B
71E757,7464791,sell materia - green ability X-Axis,"MateriaMenu, PositionX",17,17,1,11
71E794,7464852,sell materia - red ability Y-Axis,"MateriaMenu, PositionY",43,43,1,2B
71E799,7464857,sell materia - red ability X-Axis,"MateriaMenu, PositionX",17,17,1,11
71E823,7464995,sell materia - yellow ability Y-Axis,"MateriaMenu, PositionY",43,43,1,2B
71E829,7465001,sell materia - yellow ability X-Axis,"MateriaMenu, PositionX",17,17,1,11
71E871,7465073,sell materia - purple MPUP ability Y-Axis,"MateriaMenu, PositionY",43,43,1,2B
71E876,7465078,sell materia - purple MPUP ability X-Axis,"MateriaMenu, PositionX",17,17,1,11
71E894,7465108,sell materia - purple MPUP number Y-Axis,"MateriaMenu, PositionY",48,48,1,30
71E899,7465113,sell materia - purple MPUP number X-Axis,"MateriaMenu, PositionX",122,122,1,7A
71E8B2,7465138,sell materia - purple MPUP + Y-Axis,"MateriaMenu, PositionY",48,48,1,30
71E8B7,7465143,sell materia - purple MPUP + X-Axis,"MateriaMenu, PositionX",110,110,1,6E
71E8CD,7465165,sell materia - purple MPUP % Y-Axis,"MateriaMenu, PositionY",48,48,1,30
71E8D2,7465170,sell materia - purple MPUP % X-Axis,"MateriaMenu, PositionX",144,144,1,90
71E8F0,7465200,sell materia - purple HPUP ability Y-Axis,"MateriaMenu, PositionY",43,43,1,2B
71E8F5,7465205,sell materia - purple HPUP ability X-Axis,"MateriaMenu, PositionX",17,17,1,11
71E914,7465236,sell materia - purple HPUP number Y-Axis,"MateriaMenu, PositionY",48,48,1,30
71E919,7465241,sell materia - purple HPUP number X-Axis,"MateriaMenu, PositionX",122,122,1,7A
71E932,7465266,sell materia - purple HPUP + Y-Axis,"MateriaMenu, PositionY",48,48,1,30
71E937,7465271,sell materia - purple HPUP + X-Axis,"MateriaMenu, PositionX",110,110,1,6E
71E94D,7465293,sell materia - purple HPUP % Y-Axis,"MateriaMenu, PositionY",48,48,1,30
71E952,7465298,sell materia - purple HPUP % X-Axis,"MateriaMenu, PositionX",144,144,1,90
71E970,7465328,sell materia - purple DEXUP ability Y-Axis,"MateriaMenu, PositionY",43,43,1,2B
71E975,7465333,sell materia - purple DEXUP ability X-Axis,"MateriaMenu, PositionX",17,17,1,11
71E994,7465364,sell materia - purple DEXUP number Y-Axis,"MateriaMenu, PositionY",48,48,1,30
71E999,7465369,sell materia - purple DEXUP number X-Axis,"MateriaMenu, PositionX",122,122,1,7A
71E9B2,7465394,sell materia - purple DEXUP + Y-Axis,"MateriaMenu, PositionY",48,48,1,30
71E9B7,7465399,sell materia - purple DEXUP + X-Axis,"MateriaMenu, PositionX",110,110,1,6E
71E9D0,7465424,sell materia - purple DEXUP % Y-Axis,"MateriaMenu, PositionY",48,48,1,30
71E9D5,7465429,sell materia - purple DEXUP % X-Axis,"MateriaMenu, PositionX",144,144,1,90
71E9F0,7465456,sell materia - purple MAGUP ability Y-Axis,"MateriaMenu, PositionY",43,43,1,2B
71E9F5,7465461,sell materia - purple MAGUP ability X-Axis,"MateriaMenu, PositionX",17,17,1,11
71EA13,7465491,sell materia - purple MAGUP number Y-Axis,"MateriaMenu, PositionY",48,48,1,30
71EA18,7465496,sell materia - purple MAGUP number X-Axis,"MateriaMenu, PositionX",122,122,1,7A
71EA2E,7465518,sell materia - purple MAGUP + Y-Axis,"MateriaMenu, PositionY",48,48,1,30
71EA33,7465523,sell materia - purple MAGUP + X-Axis,"MateriaMenu, PositionX",110,110,1,6E
71EA49,7465545,sell materia - purple MAGUP % Y-Axis,"MateriaMenu, PositionY",48,48,1,30
71EA4E,7465550,sell materia - purple MAGUP % X-Axis,"MateriaMenu, PositionX",144,144,1,90
71EA6C,7465580,sell materia - purple LUCKUP ability Y-Axis,"MateriaMenu, PositionY",43,43,1,2B
71EA71,7465585,sell materia - purple LUCKUP ability X-Axis,"MateriaMenu, PositionX",17,17,1,11
71EA90,7465616,sell materia - purple LUCKUP number Y-Axis,"MateriaMenu, PositionY",48,48,1,30
71EA95,7465621,sell materia - purple LUCKUP number X-Axis,"MateriaMenu, PositionX",103,103,1,67
71EAAB,7465643,sell materia - purple LUCKUP + Y-Axis,"MateriaMenu, PositionY",48,48,1,30
71EAB0,7465648,sell materia - purple LUCKUP + X-Axis,"MateriaMenu, PositionX",91,91,1,5B
71EAC6,7465670,sell materia - purple LUCKUP % Y-Axis,"MateriaMenu, PositionY",48,48,1,30
71EACB,7465675,sell materia - purple LUCKUP % X-Axis,"MateriaMenu, PositionX",125,125,1,7D
71EAE6,7465702,sell materia - purple COVER ability Y-Axis,"MateriaMenu, PositionY",43,43,1,2B
71EAEB,7465707,sell materia - purple COVER ability X-Axis,"MateriaMenu, PositionX",17,17,1,11
71EB0A,7465738,sell materia - purple COVER number Y-Axis,"MateriaMenu, PositionY",48,48,1,30
71EB0F,7465743,sell materia - purple COVER number X-Axis,"MateriaMenu, PositionX",122,122,1,7A
71EB25,7465765,sell materia - purple COVER + Y-Axis,"MateriaMenu, PositionY",48,48,1,30
71EB2A,7465770,sell materia - purple COVER + X-Axis,"MateriaMenu, PositionX",110,110,1,6E
71EB40,7465792,sell materia - purple COVER % Y-Axis,"MateriaMenu, PositionY",48,48,1,30
71EB45,7465797,sell materia - purple COVER % X-Axis,"MateriaMenu, PositionX",155,155,1,9B
71EB6A,7465834,sell materia - purple unique ability Y-Axis,"MateriaMenu, PositionY",43,43,1,2B
71EB6F,7465839,sell materia - purple unique ability X-Axis,"MateriaMenu, PositionX",17,17,1,11
71EB8F,7465871,sell materia - blue/purple hpmp/underwater ability Y-Axis,"MateriaMenu, PositionY",43,43,1,2B
71EB94,7465876,sell materia - blue/purple hpmp/underwater ability X-Axis,"MateriaMenu, PositionX",17,17,1,11
71EE6C,7466604,sell materia - equip effect - Y-Axis,"EquipMenu, MateriaMenu, PositionY",48,48,1,30
71EE72,7466610,sell materia - equip effect - X-Axis,"EquipMenu, MateriaMenu, PositionX",63,63,1,3F
71EE9A,7466650,sell materia - equip effect + Y-Axis,"EquipMenu, MateriaMenu, PositionY",48,48,1,30
71EEA0,7466656,sell materia - equip effect + X-Axis,"EquipMenu, MateriaMenu, PositionX",63,63,1,3F
71EEDD,7466717,sell materia - equip effect numbers Y-Axis,"EquipMenu, MateriaMenu, PositionY",48,48,1,30
71EEE3,7466723,sell materia - equip effect numbers X-Axis,"EquipMenu, MateriaMenu, PositionX",75,75,1,4B
71EF0D,7466765,sell materia - equip effect words Y-Axis,"EquipMenu, MateriaMenu, PositionY",43,43,1,2B
71EF13,7466771,sell materia - equip effect words X-Axis,"EquipMenu, MateriaMenu, PositionX",237,237,1,ED
71EF39,7466809,sell materia - equip effect % Y-Axis,"EquipMenu, MateriaMenu, PositionY",48,48,1,30
71EF3F,7466815,sell materia - equip effect % X-Axis,"EquipMenu, MateriaMenu, PositionX",97,97,1,61
71FB9E,7469982,Materia slots BG Width,"MateriaMenu, Width",0,0,1,00 00
71FBA4,7469988,Materia slots BG Height,"Height, MateriaMenu",0,0,1,00 00
720802,7473154,save/load avatars Y-Axis,"Avatar, PositionY, SaveLoadMenu",19,19,1,13
720809,7473161,save/load avatars spacing X-Axis,"Avatar, PositionX, SaveLoadMenu, Spacing",94,94,1,5E
72080C,7473164,save/load avatars X-Axis,"Avatar, PositionX, SaveLoadMenu",41,41,1,29
72083F,7473215,save/load level number Y-Axis,"PositionY, SaveLoadMenu",55,55,1,37
72086D,7473261,save/load level ':' Y-Axis,"PositionY, SaveLoadMenu",18,18,1,12
720874,7473268,save/load level ':' X-Axis,"PositionX, SaveLoadMenu",114,114,1,72
72089C,7473308,save/load level time hour value Y-Axis,"PositionY, SaveLoadMenu",16,16,1,10
7208A3,7473315,save/load level time hour value X-Axis,"PositionX, SaveLoadMenu",83,83,1,53
7208A6,7473318,save/load level time hour leading 0s remove,SaveLoadMenu,142,143,1,8F 8E
7208CB,7473355,save/load level time minute value Y-Axis,"PositionY, SaveLoadMenu",16,16,1,10
7208D2,7473362,save/load level time minute value X-Axis,"PositionX, SaveLoadMenu",122,122,1,7a
7208F4,7473396,save/load level gil value Y-Axis,"PositionY, SaveLoadMenu",46,46,1,2E
7208FB,7473403,save/load level gil value X-Axis,"PositionX, SaveLoadMenu",34,34,1,22
720916,7473430,save/load level WORD Y-Axis,"PositionY, SaveLoadMenu",50,50,1,32
720938,7473464,save/load name Y-Axis,"PositionY, SaveLoadMenu",20,20,1,14
72093B,7473467,save/load name X-Axis,"PositionX, SaveLoadMenu",96,96,1,60
7213A5,7476133,load save select cursor spacing X-Axis,"Cursor, PositionX, SaveLoadMenu, Spacing",86,96,2,60; 56
7213BD,7476157,load select text Y-Axis,"PositionY, SaveLoadMenu, Text",10,10,1,0A
7213BF,7476159,load select text X-Axis,"PositionX, SaveLoadMenu, Text",11,11,1,0B
721424,7476260,load save select box text Y-Axis,"Box, PositionY, SaveLoadMenu, Text",10,10,1,0A
721433,7476275,load save select box text X-Axis,"Box, PositionX, SaveLoadMenu, Text",16,35,2,10; 23
7214DD,7476445,save/load cursor Y-Axis,"Cursor, PositionY, SaveLoadMenu",110,110,1,6E
7214E0,7476448,save/load cursor X-Axis,"Cursor, PositionX, SaveLoadMenu",0,0,1,00
72160E,7476750,save/load select text Y-Axis,"PositionY, SaveLoadMenu, Text",10,10,1,0A
721610,7476752,save/load select text X-Axis,"PositionX, SaveLoadMenu, Text",11,11,1,0B
721625,7476773,save/load game WORD X-Axis,"PositionX, SaveLoadMenu",1,96,1,60 01
72165E,7476830,save/load game number X-Axis,"PositionX, SaveLoadMenu",1,127,1,7F 01
7216BE,7476926,load select alt text Y-Axis,"PositionY, SaveLoadMenu, Text",10,10,1,0A
7216C0,7476928,load select alt text X-Axis,"PositionX, SaveLoadMenu, Text",11,11,1,0B
7217C5,7477189,"below is to refresh font spacing at new game screen, because of way 7h processes hext","Spacing, Text",0,233,4,E9 36 28 1F 00 90 90 90 90; E9 36 28 1F 00 90 90 90 90; E9 36 28 1F 00 90 90 90 90
7217D1,7477201,new/continue cursor Y-Axis,"Cursor, PositionY",246,246,1,F6
7217DC,7477212,new/continue cursor X-Axis,"Cursor, PositionX",43,43,1,2B
767DCF,7765455,Map positioning X-Axis,"PositionX, Uncategorized",1,200,6,48 02; 1E 02; C8 01
767DD3,7765459,Map positioning Y-Axis,PositionY,1,74,4,4A 01; 4A 01; 38 01
768FEB,7770091,world map box X / Width / Height,"Box, Height, Width, WorldMap",0,232,2,E8 4B 2C 2E 00 90 90; E8 4B A9 1A 00 90 90
769682,7771778,world map cursor X-Axis,"Cursor, PositionX, WorldMap",0,11,1,0B 00
76968A,7771786,world map cursor spacing Y-Axis,"Cursor, PositionY, Spacing, WorldMap",12,192,1,6B C0 0C 83
76968F,7771791,world map cursor Y-Axis,"Cursor, PositionY, WorldMap",5,5,1,05
7B7CF8,8092920,Set menu font scaling value to be 2.0 via value,Text,0,64,1,00 00 00 40
91391E,9517342,allied name X-Axis,"Avatar, PositionX",0,255,23,6A; B4; 4F
91392D,9517357,selected name X-Axis,"Avatar, PositionX",0,255,23,6A; B4; 4F
913A6F,9517679,weapon/item shop - prices Y-Axis,"ItemMenu, PositionY, ShopMenu",4,4,1,04
913A76,9517686,weapon/item shop - text Y-Axis,"ItemMenu, PositionY, ShopMenu, Text",255,255,1,FF
913A83,9517699,materia shop - text Y-Axis,"MateriaMenu, PositionY, ShopMenu, Text",255,255,1,FF
913A8F,9517711,materia shop - price Y-Axis,"MateriaMenu, PositionY, ShopMenu",4,4,1,04
913D1D,9518365,Date header X-Axis,PositionX,13,13,1,0D
913FAE,9519022,icon conditinal,Icon,1,1,1,01
914196,9519510,Ä+ITEM Á+ITEM Ç+ITEM É+ITEM,"Icon, ItemMenu, Spacing",0,12,9,00; 0C; 07 07 06 05
9141A6,9519526,Ñ+ITEM Ö+ITEM Ü+ITEM á+ITEM,ItemMenu,5,8,3,06 06 06 05; 07 08 07 06; 06 07 06 05
9141B6,9519542,à+ITEM â ä ã,ItemMenu,5,6,3,05 05 05 05; 06 06 06 06; 05 05 05 05
9141E6,9519590,î+ITEM ï+ITEM ñ+ITEM ó+ITEM,ItemMenu,2,6,3,02 02 05 05; 04 04 06 06; 03 03 05 05
9141F6,9519606,ò+ITEM ô+ITEM ö+ITEM õ+ITEM,ItemMenu,5,6,3,05 05 05 05; 06 06 06 06; 05 05 05 05
914206,9519622,ú+ITEM ù+ITEM û ü,ItemMenu,5,6,3,05 05 05 05; 06 06 06 06; 05 05 05 05
914236,9519670,[0x88]  [0x89]+AVATAR  [0x8A]+AVATAR  ´+ITEM,"Avatar, ItemMenu",0,11,3,09 0a 0b 04; 09 0a 0b 03; 05 00 00 00
914237,9519671,AVATAR,"Avatar, Spacing, Text",0,12,5,0C; 00; 00 00
914246,9519686,¨+AVATAR   ≠+AVATAR   Æ_ITEM   Ø+AVATAR,"Avatar, ItemMenu",0,11,3,05 08 0b 09; 04 07 0b 08; 00 00 09 00
914256,9519702,∞   ±+AVATAR   ≤+AVATAR   ≥+LEFT,Avatar,0,10,3,0a 07 07 07; 0a 06 06 06; 08 00 00 08
914286,9519750,º+R2 Ω æ+ITEM ø+ITEM,ItemMenu,5,11,3,06 09 0b 07; 05 08 0a 06; 07 06 08 05
914296,9519766,¿+ITEM ¡+ITEM ¬ √+AVATAR,"Avatar, ItemMenu",0,8,3,06 02 08 07; 05 02 07 08; 05 03 00 00
9142A6,9519782,ƒ+AVATAR ≈+AVATAR ∆ «,Avatar,0,9,3,08 07 09 08; 07 07 08 06; 00 00 00 06
9142F6,9519862,ÿ+ITEM Ÿ+ITEM ⁄ [0xBB],ItemMenu,0,9,3,05 06 07 09; 06 08 06 09; 05 06 00 00
914336,9519926,[0xC8]+MATERIA [0xC9]+MATERIA [0xCA]+MATERIA [0xCB]materia,MateriaMenu,0,12,7,00; 0C; 08 08 03 05
914346,9519942,[0xCC]+materia [0xCD]+item [0xCE]+ITEM [0xCF]+ITEM,"ItemMenu, MateriaMenu",2,8,3,04 03 08 08; 04 02 08 08; 03 03 07 07
914356,9519958,[0xD0] [0xD1]+item [0xD2] [0xD3],ItemMenu,0,9,3,08 09 08 08; 08 08 07 07; 00 07 06 06
919DA5,9543077,Set menu system to load correct UI assets.,SaveLoadMenu,108,108,1,6C
91AA00,9546240,Next Level... Limit Level,LimitMenu,0,255,1,2E 45 58 54 00 2C 45 56 45 4C FF 00 00 00 00 00 00 00 00 00 2C 49 4D 49 54 00 2C 45 56 45 4C FF
91AC48,9546824,left box cursor Y-Axis,"Box, Cursor, PositionY",154,154,1,9A
91AC4A,9546826,left box selection cursor Y-Axis,"Box, Cursor, PositionY",0,188,1,BC 00
91AC4C,9546828,left box exit selection cursor Y-Axis,"Box, Cursor, PositionY",1,181,1,B5 01
91C342,9552706,main boxes Y-Axis,"Box, PositionY",1,124,2,6C 01; 7C 01
91C346,9552710,main UI visibility height (battle refresh),"Battle, Height",0,96,1,60 00
91C352,9552722,left main box left side X-Axis,"Box, PositionX",153,255,7,C4 FF; 99 FF; C4 FF
91C354,9552724,hide left box,Box,128,128,1,80
91C355,9552725,remove left box,Box,1,1,8,01; 01; 01
91C356,9552726,left main box right side X-Axis,"Box, PositionX, Width",0,234,9,B2 00; 77 00; 4C 00
91C358,9552728,left main box height,"Box, Height",0,96,1,60 00
91C35A,9552730,right box X-Axis,"Box, PositionX",0,248,21,60; 50 01; 60
91C35D,9552733,hide main boxes,Box,1,1,5,01; 01; 01
91C35E,9552734,right main box right side X-Axis,"Box, PositionX, Width",2,230,8,80 02; BB 02; E6 02
91C360,9552736,right main box height,"Box, Height",0,96,1,60 00
91C3D8,9552856,command box X-Axis,"Box, PositionX, PositionY",0,255,19,10; 10; CB FF
91C3DA,9552858,command box Y-Axis,"Box, PositionY",1,118,1,76 01
91C3F0,9552880,command box height,"Box, Height",0,107,1,6B 00
91C470,9553008,change box X-Axis,"Box, PositionX",0,255,4,10 00 72 01; D1 FF 60 01; A6 FF 60 01
91C472,9553010,"change box Y-Axis, View Width,View Height (box refresh)","Box, Height, PositionY, Width",0,116,1,74 01 70 00 26 00
91C486,9553030,change box Width,"Box, Height, PositionY, Width",0,112,7,5D 00; 5D 00; 5D 00
91C508,9553160,defend/change boxes,"Box, PositionX",0,255,14,1A 00 72 01; 1A 00 72 01; D1 FF 60 01
91C50A,9553162,"defend box Y-Axis, View Width,View Height (box refresh)","Box, Height, PositionY, Width",0,116,1,74 01 70 00 26 00
91C51E,9553182,defend box Width,"Box, Height, PositionY, Width",0,112,7,5B 00; 5B 00; 5B 00
91C5A0,9553312,eskill boxes X-Axis,"Box, PositionX",0,255,10,12 00; 4B; 20
91C5A2,9553314,eskill boxes Y-Axis,"Box, PositionY",1,114,1,72 01
91C5A6,9553318,eskill boxes UI visibility height (battle refresh),"Battle, Box, Height",0,107,2,6B 00; 68 00
91C5B6,9553334,eskill boxes left box Width,"Box, Width",0,195,6,C1 00; C3 00; C3 00
91C5B8,9553336,eskill boxes left box HEIGHT,"Box, Height",0,111,1,6F 00
91C5BA,9553338,eskill boxes right box X-Axis,"Box, Height, PositionX, PositionY, Width",0,246,32,F2 01; BE 00; BF 00
91C5BE,9553342,eskill boxes right box right X-Axis,"Box, PositionX, Width",1,117,5,74 01; 72 01; 74 01
91C5C0,9553344,eskill boxes right box HEIGHT,"Box, Height",0,111,1,6F 00
91C638,9553464,item box X-Axis,"Box, ItemMenu, PositionX",0,255,9,12 00; 4B; 20
91C63A,9553466,item box Y-Axis,"Box, ItemMenu, PositionY",1,114,1,72 01
91C63E,9553470,item box UI visibility height (battle refresh),"Battle, Box, Height, ItemMenu",0,107,2,6B 00; 68 00
91C64E,9553486,item box width,"Box, ItemMenu, Width",0,255,9,FF 00; 08 01; 08 01
91C650,9553488,item box height,"Box, Height, ItemMenu",0,111,1,6F 00
91C6D0,9553616,magic boxes X-Axis,"Box, MagicMenu, PositionX",0,255,10,12 00; 4B; 20
91C6D2,9553618,magic boxes Y-Axis,"Box, MagicMenu, PositionY",1,114,1,72 01
91C6D6,9553622,magic boxes UI visibility height (battle refresh),"Battle, Box, Height, MagicMenu",0,107,2,6B 00; 68 00
91C6E6,9553638,magic box left box width,"Box, MagicMenu, Width",0,143,6,8D 00; 8F 00; 8F 00
91C6E8,9553640,magic box left box height,"Box, Height, MagicMenu",0,111,1,6F 00
91C6EA,9553642,magic box right box left X-Axis,"Box, MagicMenu, PositionX",0,242,30,F2 01; 8A 00; 8B 00
91C6EE,9553646,magic box right box right X-Axis,"Box, MagicMenu, PositionX",0,195,6,C1 00; C3 00; C3 00
91C6F0,9553648,magic box right box height,"Box, Height, MagicMenu",0,111,1,6F 00
91C768,9553768,summon boxes X-Axis,"Box, PositionX, Uncategorized",0,255,13,CB FF; A0 FF; 12 00
91C76A,9553770,summon boxes Y-Axis,"Box, PositionY",1,114,1,72 01
91C76E,9553774,summon box UI visibility height (battle refresh),"Battle, Box, Height",0,107,2,6B 00; 68 00
91C77E,9553790,summon box left box width,"Box, Width",0,192,6,BD 00; C0 00; C0 00
91C780,9553792,summon box left box height,"Box, Height",0,111,1,6F 00
91C782,9553794,summon box right box left X-Axis,"Box, PositionX",0,242,30,F2 01; BA 00; BC 00
91C786,9553798,summon box right X-Axis,"Box, PositionX",0,244,8,F2 00; F2 00; F1 00
91C788,9553800,summon box right height,"Box, Height",0,111,1,6F 00
91C89A,9554074,worried other members box y-axis - thick borders v2,"Box, PositionY",115,115,1,73
91C89C,9554076,box viewable width,"Box, Width",1,118,6,76 01; 76 01; 76 01
91C89E,9554078,box viewable height,"Box, Height",109,109,1,6D
91C8AE,9554094,worried other members box width,"Box, Width",1,118,6,76 01; 76 01; 76 01
91C8B0,9554096,worried other members box height,"Box, Height",109,109,1,6D
91CE88,9555592,Manip box,"Box, PositionX",20,255,14,14; 14; CB FF
91CE8A,9555594,manip box Y-Axis,"Box, PositionY",1,122,1,7A 01
91CE9E,9555614,manip box width,"Box, Width",192,192,1,C0
91CEA0,9555616,manip box height,"Box, Height",0,100,1,64 00
91CF20,9555744,Coin box,"Box, Height, PositionX, PositionY, Width",0,255,13,24; 24; DF FF
91CF24,9555748,coin box view width,"Box, Width",240,242,2,F2; F0
91CF36,9555766,coin box Width,"Box, Width",0,244,1,F4 00
91CF38,9555768,coin box Height,"Box, Height",0,112,1,70 00
91CFB8,9555896,status/cure/ether box X-Axis,"Box, Height, PositionX, PositionY, StatusMenu, Width",0,255,12,18 00; 5B 00; 30 00
91CFCE,9555918,status/cure/ether box Width,"Box, Height, StatusMenu, Width",0,248,7,F8 00; F0 00; F0 00
91D0EA,9556202,help box and text Y-Axis,"Box, PositionY, Text",1,255,46,3F 01; 45 01; 45 01
91D180,9556352,"limit box X-Axis, Y-Axis, View Width,View Height (box refresh)","Box, Height, LimitMenu, PositionX, PositionY, Width",0,255,23,20; 20; D5 FF
91D184,9556356,limit box view width,"Box, LimitMenu, Width",0,210,25,B5; B5; B5
91D196,9556374,"limit box Width, Height","Box, Height, LimitMenu, Width",0,184,7,B8 00; B8 00; B8 00
91D218,9556504,"action box X,Y,W,H",Box,0,255,2,1B 00 F8 FF 4A 02 00 00; 1B 00 09 00 4A 02 30 00
91D21E,9556510,help box and contents height,"Box, Height",0,43,4,2B 00; 2B 00; 29 00
91D2B0,9556656,"cait sith box X-Axis, Y-Axis, Viewable Width, Viewable Height (box refresh)","Box, Height, PositionX, PositionY, Width",0,208,7,D0 00 72 01 38 01 69 00; D0 00 72 01 38 01 69 00; D0 00 72 01 38 01 69 00
91D2B2,9556658,cait sith reels Y-Axis,"Box, PositionY",1,110,13,6B 01; 6E; 6B
91D2B6,9556662,cait sith limit box view height,"Box, Height, LimitMenu",97,118,29,65; 65; 65
91D2C6,9556678,cait sith background box width,"Box, Width",0,208,6,D0 00; D0 00; D0 00
91D2C8,9556680,cait sith background box height,"Box, Height, PositionY",0,118,7,69; 69; 69
91D34A,9556810,"tifa reels box Y-Axis, Viewable Width, Viewable Height (box refresh)","Box, Height, PositionY, Width",0,128,2,72 01 80 02 64 00; 72 01 80 02 60 00
91D34E,9556814,tifa limit box view height,"Box, Height, LimitMenu",92,96,2,60; 5C
91D360,9556832,tifa reels background box height Y-Axis,"Box, Height, PositionY",0,100,1,64 00
91D3E2,9556962,"battle arena box Y-Axis, View Width, View Height (box refresh)","Battle, Box, Height, PositionY, Width",0,128,1,6C 01 80 02 68 00
91D3E6,9556966,battle arena box Height (box refresh),"Battle, Box, Height",0,104,1,68 00
91D3F8,9556984,"battle arena box width, height","Battle, Box, Height, Width",108,108,1,6C
91E7F8,9562104,command box width 1 column (battle refresh),"Battle, Box, Width",0,123,4,7B 00; 7B 00; 7B 00
91E7FA,9562106,command box width 2 columns (battle refresh),"Battle, Box, Width",0,219,10,C8 00; C8 00; C8 00
91E7FC,9562108,command box width 3 columns (battle refresh),"Battle, Box, Width",1,58,10,0E 01; 0E 01; 0E 01
91E808,9562120,"limit box Height  limit, 2 limits (box refresh)","Box, Height, LimitMenu",57,82,2,39 51; 3A 52
91E94A,9562442,Resist text,Text,50,255,1,32 45 53 49 53 54 FF
91E990,9562512,"limit BG box Bottom - 1limit, 2limits","Box, LimitMenu",50,106,6,52 6A; 32 32; 32 32
920968,9570664,Command box width,"Box, Width",0,246,1,5C 00 A6 00 F6 00
92097E,9570686,Command box height,"Box, Height",127,127,1,7F
920A4B,9570891,fix equip menu text consistency,"EquipMenu, Text",5,255,1,05 FF
920EF8,9572088,"materia menu - description box X-Axis, Y-Axis, Width, Height","Box, Height, MateriaMenu, PositionX, PositionY, Width",0,146,2,00 00 90 00 80 02 2F 00; 00 00 92 00 80 02 2F 00
920F00,9572096,"materia menu - left box X-Axis, Y-Axis, Width, Height","Box, Height, MateriaMenu, PositionX, PositionY, Width",0,189,1,00 00 BD 00 80 01 23 01
920F18,9572120,"arrange box X-Axis, Y-Axis, Width, Height","Box, Height, PositionX, PositionY, Width",0,247,1,F7 00 14 00 7F 00 78 00
920F30,9572144,"materia menu - exchange middle box X-Axis, Y-Axis, Width, Height","Box, Height, MateriaMenu, PositionX, PositionY, Width",0,128,2,00 00 38 00 80 02 33 00; 00 00 3C 00 80 02 33 00
920F40,9572160,"materia menu - exchange scroll box X-Axis, Y-Axis, Width, Height","Box, Height, MateriaMenu, PositionX, PositionY, Width",0,121,2,63 01 67 00 17 00 79 01; 5F 01 67 00 17 00 79 01
920F44,9572164,materia menu - exchange scroll box Width,"Box, MateriaMenu, Width",23,23,1,17
921110,9572624,"magic menu - description box X-Axis, Y-Axis, Width , Height","Box, Height, MagicMenu, PositionX, PositionY, Width",0,163,2,00 00 A1 00 80 02 2F 00; 00 00 A3 00 80 02 2F 00
921120,9572640,"magic menu - magic/summon/eskill box X-Axis, Y-Axis, Width , Height","Box, Height, MagicMenu, PositionX, PositionY, Width",0,221,2,DD 01 2B 00 A3 00 78 00; DD 01 2B 00 A3 00 78 00
921128,9572648,"mpneeded box X-Axis, Y-Axis, Width , Height","Box, Height, PositionX, PositionY, Width",0,221,1,DD 01 2B 00 A3 00 78 00
921130,9572656,"sub menu title box X-Axis, Y-Axis, Width , Height","Box, Height, PositionX, PositionY, Width",0,221,2,DD 01 00 00 A3 00 33 00; DD 01 00 00 A3 00 33 00
921C80,9575552,"Item Menu - description box X-Axis, Y-Axis, Width, Height","Box, Height, ItemMenu, PositionX, PositionY, Width",0,128,1,00 00 2F 00 80 02 33 00
922A4C,9579084,below fixes buy/sell/exit/nextlevel text,Text,0,255,1,00 00 00 00 2E 45 58 54 00 4C 45 56 45 4C FF 00
99DE31,10083889,font spacing mini avatars  99DE33 was mini chocobo but now used by extended icons,"Avatar, Icon, Spacing, Text",12,12,1,0C 0C
